Date,Type,LocalAirport,ForeignAirport,Airline,Status,Planned,Actual,PlannedDate,ActualDate,Delay
2024-10-28,arrival,Zurich,Geneva,swiss,Landed,21:05,20:58,2024-10-28 21:05:00,2024-10-28 20:58:00,-7.0
2024-10-28,arrival,Zurich,Berlin,swiss,Landed,21:05,21:03,2024-10-28 21:05:00,2024-10-28 21:03:00,-2.0
2024-10-28,arrival,Zurich,Paris CDG,swiss,Landed,21:10,21:07,2024-10-28 21:10:00,2024-10-28 21:07:00,-3.0
2024-10-28,arrival,Zurich,Venice,swiss,Landed,21:15,21:07,2024-10-28 21:15:00,2024-10-28 21:07:00,-8.0
2024-10-28,arrival,Zurich,Brussels,swiss,Landed,21:20,21:16,2024-10-28 21:20:00,2024-10-28 21:16:00,-4.0
2024-10-28,arrival,Zurich,Prague,swiss,Landed,21:20,21:10,2024-10-28 21:20:00,2024-10-28 21:10:00,-10.0
2024-10-28,arrival,Zurich,Nice,swiss,Landed,21:20,21:16,2024-10-28 21:20:00,2024-10-28 21:16:00,-4.0
2024-10-28,arrival,Zurich,London LGW,swiss,Landed,21:25,21:22,2024-10-28 21:25:00,2024-10-28 21:22:00,-3.0
2024-10-28,arrival,Zurich,Košice,swiss,Landed,21:25,20:58,2024-10-28 21:25:00,2024-10-28 20:58:00,-27.0
2024-10-28,arrival,Zurich,Hanover,swiss,Landed,21:25,21:12,2024-10-28 21:25:00,2024-10-28 21:12:00,-13.0
2024-10-28,arrival,Zurich,London LHR,swiss,Landed,21:30,21:30,2024-10-28 21:30:00,2024-10-28 21:30:00,0.0
2024-10-28,arrival,Zurich,Düsseldorf,swiss,Landed,21:30,21:24,2024-10-28 21:30:00,2024-10-28 21:24:00,-6.0
2024-10-28,arrival,Zurich,Amsterdam,swiss,Cancelled,21:30,21:30,2024-10-28 21:30:00,2024-10-28 21:30:00,0.0
2024-10-28,arrival,Zurich,Hamburg,swiss,Landed,21:35,21:40,2024-10-28 21:35:00,2024-10-28 21:40:00,5.0
2024-10-28,arrival,Zurich,Rome,swiss,Landed,21:35,21:33,2024-10-28 21:35:00,2024-10-28 21:33:00,-2.0
2024-10-28,arrival,Zurich,Vienna,swiss,Landed,21:40,21:40,2024-10-28 21:40:00,2024-10-28 21:40:00,0.0
2024-10-28,arrival,Zurich,Budapest,swiss,Landed,21:40,21:37,2024-10-28 21:40:00,2024-10-28 21:37:00,-3.0
2024-10-28,arrival,Zurich,Manchester,swiss,Landed,21:45,22:07,2024-10-28 21:45:00,2024-10-28 22:07:00,22.0
2024-10-28,arrival,Zurich,Copenhagen,swiss,Landed,21:45,21:47,2024-10-28 21:45:00,2024-10-28 21:47:00,2.0
2024-10-28,arrival,Zurich,Munich,swiss,Landed,21:45,22:03,2024-10-28 21:45:00,2024-10-28 22:03:00,18.0
2024-10-28,arrival,Zurich,Frankfurt,swiss,Landed,21:50,22:14,2024-10-28 21:50:00,2024-10-28 22:14:00,24.0
2024-10-28,arrival,Zurich,Warsaw,swiss,Landed,21:50,22:23,2024-10-28 21:50:00,2024-10-28 22:23:00,33.0
2024-10-28,arrival,Zurich,Dublin,swiss,Landed,21:50,22:10,2024-10-28 21:50:00,2024-10-28 22:10:00,20.0
2024-10-28,arrival,Zurich,Barcelona,swiss,Landed,21:50,21:45,2024-10-28 21:50:00,2024-10-28 21:45:00,-5.0
2024-10-28,arrival,Zurich,Madrid,swiss,Landed,21:55,22:08,2024-10-28 21:55:00,2024-10-28 22:08:00,13.0
2024-10-28,arrival,Zurich,Oslo OSL,swiss,Landed,21:55,21:27,2024-10-28 21:55:00,2024-10-28 21:27:00,-28.0
2024-10-28,arrival,Zurich,Cairo,swiss,Landed,22:00,21:56,2024-10-28 22:00:00,2024-10-28 21:56:00,-4.0
2024-10-28,arrival,Zurich,Gothenburg,swiss,Landed,22:00,21:51,2024-10-28 22:00:00,2024-10-28 21:51:00,-9.0
2024-10-28,arrival,Zurich,London LCY,swiss,Landed,22:00,21:52,2024-10-28 22:00:00,2024-10-28 21:52:00,-8.0
2024-10-28,arrival,Zurich,London LHR,british,Landed,22:00,22:01,2024-10-28 22:00:00,2024-10-28 22:01:00,1.0
2024-10-28,arrival,Zurich,Valencia,swiss,Landed,22:05,22:16,2024-10-28 22:05:00,2024-10-28 22:16:00,11.0
2024-10-28,arrival,Zurich,Luxorvia Sharm El Sheikh,edelweiss,Landed,22:10,21:54,2024-10-28 22:10:00,2024-10-28 21:54:00,-16.0
2024-10-28,arrival,Zurich,Berlin,swiss,Landed,22:10,22:17,2024-10-28 22:10:00,2024-10-28 22:17:00,7.0
2024-10-28,arrival,Zurich,Skopje,chair,Landed,22:15,22:27,2024-10-28 22:15:00,2024-10-28 22:27:00,12.0
2024-10-28,arrival,Zurich,Madrid,iberia,Landed,22:20,22:18,2024-10-28 22:20:00,2024-10-28 22:18:00,-2.0
2024-10-28,arrival,Zurich,Istanbul IST,turkish,Landed,22:20,21:58,2024-10-28 22:20:00,2024-10-28 21:58:00,-22.0
2024-10-28,arrival,Zurich,Pristina,chair,Landed,22:20,22:21,2024-10-28 22:20:00,2024-10-28 22:21:00,1.0
2024-10-28,arrival,Zurich,Paris CDG,airfrance,Landed,22:30,22:25,2024-10-28 22:30:00,2024-10-28 22:25:00,-5.0
2024-10-28,arrival,Zurich,Amsterdam,klm,Landed,22:30,22:52,2024-10-28 22:30:00,2024-10-28 22:52:00,22.0
2024-10-28,arrival,Zurich,Lisbon,tap,Landed,22:35,23:00,2024-10-28 22:35:00,2024-10-28 23:00:00,25.0
2024-10-28,arrival,Zurich,Porto,swiss,Landed,22:45,22:41,2024-10-28 22:45:00,2024-10-28 22:41:00,-4.0
2024-10-28,arrival,Zurich,London LHR,swiss,Landed,22:45,22:45,2024-10-28 22:45:00,2024-10-28 22:45:00,0.0
2024-10-28,arrival,Zurich,Lamezia Terme,edelweiss,Landed,22:50,22:49,2024-10-28 22:50:00,2024-10-28 22:49:00,-1.0
2024-10-28,arrival,Zurich,Pristina,edelweiss,Landed,22:55,22:54,2024-10-28 22:55:00,2024-10-28 22:54:00,-1.0
2024-10-28,arrival,Zurich,Palma De Mallorca,edelweiss,Landed,22:55,22:49,2024-10-28 22:55:00,2024-10-28 22:49:00,-6.0
2024-10-28,arrival,Zurich,Skopje,edelweiss,Landed,22:55,22:47,2024-10-28 22:55:00,2024-10-28 22:47:00,-8.0
2024-10-28,arrival,Zurich,Shanghai,swiss,Landed,19:00,20:23,2024-10-28 19:00:00,2024-10-28 20:23:00,83.0
2024-10-28,arrival,Zurich,Muscat,oman,Landed,19:05,18:48,2024-10-28 19:05:00,2024-10-28 18:48:00,-17.0
2024-10-28,arrival,Zurich,Warsaw,lot,Landed,19:05,19:00,2024-10-28 19:05:00,2024-10-28 19:00:00,-5.0
2024-10-28,arrival,Zurich,Ponta Delgada,edelweiss,Landed,19:10,19:15,2024-10-28 19:10:00,2024-10-28 19:15:00,5.0
2024-10-28,arrival,Zurich,Frankfurt,lufthansa_neu,Landed,19:10,19:35,2024-10-28 19:10:00,2024-10-28 19:35:00,25.0
2024-10-28,arrival,Zurich,Reykjavík,edelweiss,Landed,19:10,19:20,2024-10-28 19:10:00,2024-10-28 19:20:00,10.0
2024-10-28,arrival,Zurich,Zagreb,croatia_v2,Landed,19:15,19:53,2024-10-28 19:15:00,2024-10-28 19:53:00,38.0
2024-10-28,arrival,Zurich,Tenerife,edelweiss,Landed,19:15,19:24,2024-10-28 19:15:00,2024-10-28 19:24:00,9.0
2024-10-28,arrival,Zurich,Lisbon,swiss,Landed,19:15,19:42,2024-10-28 19:15:00,2024-10-28 19:42:00,27.0
2024-10-28,arrival,Zurich,Gran Canaria,edelweiss,Landed,19:15,19:27,2024-10-28 19:15:00,2024-10-28 19:27:00,12.0
2024-10-28,arrival,Zurich,Pristina,gp-aviation,Landed,19:20,19:41,2024-10-28 19:20:00,2024-10-28 19:41:00,21.0
2024-10-28,arrival,Zurich,Bangkok,swiss,Landed,19:25,19:15,2024-10-28 19:25:00,2024-10-28 19:15:00,-10.0
2024-10-28,arrival,Zurich,Berlin,euro,Landed,19:25,19:11,2024-10-28 19:25:00,2024-10-28 19:11:00,-14.0
2024-10-28,arrival,Zurich,Hamburg,euro,Landed,19:30,19:40,2024-10-28 19:30:00,2024-10-28 19:40:00,10.0
2024-10-28,arrival,Zurich,Cologne Bonn,euro,Landed,19:30,19:55,2024-10-28 19:30:00,2024-10-28 19:55:00,25.0
2024-10-28,arrival,Zurich,Seville,edelweiss,Landed,19:35,20:10,2024-10-28 19:35:00,2024-10-28 20:10:00,35.0
2024-10-28,arrival,Zurich,Athens,swiss,Landed,19:35,19:46,2024-10-28 19:35:00,2024-10-28 19:46:00,11.0
2024-10-28,arrival,Zurich,Munich,lufthansa_neu,Landed,19:35,19:34,2024-10-28 19:35:00,2024-10-28 19:34:00,-1.0
2024-10-28,arrival,Zurich,Copenhagen,sas,Landed,19:45,19:31,2024-10-28 19:45:00,2024-10-28 19:31:00,-14.0
2024-10-28,arrival,Zurich,Düsseldorf,swiss,Landed,19:45,19:40,2024-10-28 19:45:00,2024-10-28 19:40:00,-5.0
2024-10-28,arrival,Zurich,Dubai,emirates-neu,Landed,19:50,19:30,2024-10-28 19:50:00,2024-10-28 19:30:00,-20.0
2024-10-28,arrival,Zurich,Vienna,austrian,Landed,19:50,19:56,2024-10-28 19:50:00,2024-10-28 19:56:00,6.0
2024-10-28,arrival,Zurich,Geneva,swiss,Landed,19:55,19:57,2024-10-28 19:55:00,2024-10-28 19:57:00,2.0
2024-10-28,arrival,Zurich,Belgrade,serbia,Landed,19:55,19:59,2024-10-28 19:55:00,2024-10-28 19:59:00,4.0
2024-10-28,arrival,Zurich,Hurghada,edelweiss,Landed,19:55,19:47,2024-10-28 19:55:00,2024-10-28 19:47:00,-8.0
2024-10-28,arrival,Zurich,Phuket,edelweiss,Landed,19:55,19:37,2024-10-28 19:55:00,2024-10-28 19:37:00,-18.0
2024-10-28,arrival,Zurich,London LHR,swiss,Landed,20:00,20:03,2024-10-28 20:00:00,2024-10-28 20:03:00,3.0
2024-10-28,arrival,Zurich,Brussels,swiss,Landed,20:00,19:48,2024-10-28 20:00:00,2024-10-28 19:48:00,-12.0
2024-10-28,arrival,Zurich,Milan MXP,swiss,Landed,20:00,20:20,2024-10-28 20:00:00,2024-10-28 20:20:00,20.0
2024-10-28,arrival,Zurich,Luxembourg,swiss,Landed,20:00,19:52,2024-10-28 20:00:00,2024-10-28 19:52:00,-8.0
2024-10-28,arrival,Zurich,Berlin,swiss,Landed,20:05,19:55,2024-10-28 20:05:00,2024-10-28 19:55:00,-10.0
2024-10-28,arrival,Zurich,London LHR,british,Landed,20:05,20:45,2024-10-28 20:05:00,2024-10-28 20:45:00,40.0
2024-10-28,arrival,Zurich,Stuttgart,swiss,Landed,20:10,20:05,2024-10-28 20:10:00,2024-10-28 20:05:00,-5.0
2024-10-28,arrival,Zurich,Hamburg,swiss,Landed,20:10,20:16,2024-10-28 20:10:00,2024-10-28 20:16:00,6.0
2024-10-28,arrival,Zurich,Düsseldorf,euro,Landed,20:10,20:06,2024-10-28 20:10:00,2024-10-28 20:06:00,-4.0
2024-10-28,arrival,Zurich,Bologna,swiss,Landed,20:10,20:02,2024-10-28 20:10:00,2024-10-28 20:02:00,-8.0
2024-10-28,arrival,Zurich,Florence,swiss,Landed,20:15,20:04,2024-10-28 20:15:00,2024-10-28 20:04:00,-11.0
2024-10-28,arrival,Zurich,Palma De Mallorca,swiss,Landed,20:15,20:37,2024-10-28 20:15:00,2024-10-28 20:37:00,22.0
2024-10-28,arrival,Zurich,Tel Aviv,elalisrael,Landed,20:15,20:39,2024-10-28 20:15:00,2024-10-28 20:39:00,24.0
2024-10-28,arrival,Zurich,London LCY,swiss,Landed,20:20,20:17,2024-10-28 20:20:00,2024-10-28 20:17:00,-3.0
2024-10-28,arrival,Zurich,Berlin,easyjet,Landed,20:35,20:24,2024-10-28 20:35:00,2024-10-28 20:24:00,-11.0
2024-10-28,arrival,Zurich,Porto,easyjet,Landed,20:40,20:33,2024-10-28 20:40:00,2024-10-28 20:33:00,-7.0
2024-10-28,arrival,Zurich,Barcelona,vueling,Landed,20:40,21:22,2024-10-28 20:40:00,2024-10-28 21:22:00,42.0
2024-10-28,arrival,Zurich,Larnaca,edelweiss,Landed,17:00,16:50,2024-10-28 17:00:00,2024-10-28 16:50:00,-10.0
2024-10-28,arrival,Zurich,Istanbul IST,turkish,Landed,17:05,16:47,2024-10-28 17:05:00,2024-10-28 16:47:00,-18.0
2024-10-28,arrival,Zurich,Catania,edelweiss,Landed,17:05,17:34,2024-10-28 17:05:00,2024-10-28 17:34:00,29.0
2024-10-28,arrival,Zurich,Manchester,swiss,Landed,17:10,17:02,2024-10-28 17:10:00,2024-10-28 17:02:00,-8.0
2024-10-28,arrival,Zurich,Lisbon,tap,Landed,17:10,17:42,2024-10-28 17:10:00,2024-10-28 17:42:00,32.0
2024-10-28,arrival,Zurich,Madrid,europa,Landed,17:15,16:51,2024-10-28 17:15:00,2024-10-28 16:51:00,-24.0
2024-10-28,arrival,Zurich,Berlin,swiss,Landed,17:15,17:14,2024-10-28 17:15:00,2024-10-28 17:14:00,-1.0
2024-10-28,arrival,Zurich,Frankfurt,lufthansa_neu,Cancelled,17:15,17:15,2024-10-28 17:15:00,2024-10-28 17:15:00,0.0
2024-10-28,arrival,Zurich,Edinburgh,edelweiss,Landed,17:35,17:56,2024-10-28 17:35:00,2024-10-28 17:56:00,21.0
2024-10-28,arrival,Zurich,Paris CDG,airfrance,Landed,17:55,18:14,2024-10-28 17:55:00,2024-10-28 18:14:00,19.0
2024-10-28,arrival,Zurich,Stockholm,swiss,Landed,17:55,17:58,2024-10-28 17:55:00,2024-10-28 17:58:00,3.0
2024-10-28,arrival,Zurich,Bucharest,swiss,Landed,18:15,18:07,2024-10-28 18:15:00,2024-10-28 18:07:00,-8.0
2024-10-28,arrival,Zurich,Delhi,air_india_logo,Landed,18:15,19:46,2024-10-28 18:15:00,2024-10-28 19:46:00,91.0
2024-10-28,arrival,Zurich,Malaga,swiss,Landed,18:20,18:25,2024-10-28 18:20:00,2024-10-28 18:25:00,5.0
2024-10-28,arrival,Zurich,Helsinki,finnair,Landed,18:20,18:06,2024-10-28 18:20:00,2024-10-28 18:06:00,-14.0
2024-10-28,arrival,Zurich,Amsterdam,klm,Landed,18:25,18:32,2024-10-28 18:25:00,2024-10-28 18:32:00,7.0
2024-10-28,arrival,Zurich,Tokyo,swiss,Landed,18:30,18:18,2024-10-28 18:30:00,2024-10-28 18:18:00,-12.0
2024-10-28,arrival,Zurich,London LCY,british,Landed,18:35,19:17,2024-10-28 18:35:00,2024-10-28 19:17:00,42.0
2024-10-28,arrival,Zurich,London LHR,british,Landed,18:40,19:19,2024-10-28 18:40:00,2024-10-28 19:19:00,39.0
2024-10-28,arrival,Zurich,Vienna,austrian,Landed,18:40,18:35,2024-10-28 18:40:00,2024-10-28 18:35:00,-5.0
2024-10-28,arrival,Zurich,Madrid,iberia,Landed,18:55,19:05,2024-10-28 18:55:00,2024-10-28 19:05:00,10.0
2024-10-28,arrival,Zurich,Valencia,swiss,Landed,15:00,15:14,2024-10-28 15:00:00,2024-10-28 15:14:00,14.0
2024-10-28,arrival,Zurich,Istanbul SAW,pegasus,Landed,15:00,15:00,2024-10-28 15:00:00,2024-10-28 15:00:00,0.0
2024-10-28,arrival,Zurich,Los Angeles,swiss,Landed,15:15,15:10,2024-10-28 15:15:00,2024-10-28 15:10:00,-5.0
2024-10-28,arrival,Zurich,Las Vegas,edelweiss,Landed,15:25,15:17,2024-10-28 15:25:00,2024-10-28 15:17:00,-8.0
2024-10-28,arrival,Zurich,London LHR,british,Landed,15:30,15:23,2024-10-28 15:30:00,2024-10-28 15:23:00,-7.0
2024-10-28,arrival,Zurich,Oslo OSL,swiss,Landed,15:30,15:07,2024-10-28 15:30:00,2024-10-28 15:07:00,-23.0
2024-10-28,arrival,Zurich,San Francisco,swiss,Landed,15:30,15:19,2024-10-28 15:30:00,2024-10-28 15:19:00,-11.0
2024-10-28,arrival,Zurich,Hanover,swiss,Landed,15:35,15:29,2024-10-28 15:35:00,2024-10-28 15:29:00,-6.0
2024-10-28,arrival,Zurich,Porto,tap,Landed,15:35,15:42,2024-10-28 15:35:00,2024-10-28 15:42:00,7.0
2024-10-28,arrival,Zurich,Malaga,swiss,Landed,15:40,15:37,2024-10-28 15:40:00,2024-10-28 15:37:00,-3.0
2024-10-28,arrival,Zurich,Frankfurt,swiss,Landed,15:40,15:59,2024-10-28 15:40:00,2024-10-28 15:59:00,19.0
2024-10-28,arrival,Zurich,Stockholm,swiss,Landed,15:40,15:34,2024-10-28 15:40:00,2024-10-28 15:34:00,-6.0
2024-10-28,arrival,Zurich,Hurghada,chair,Landed,15:40,16:31,2024-10-28 15:40:00,2024-10-28 16:31:00,51.0
2024-10-28,arrival,Zurich,Athens,swiss,Landed,15:45,15:21,2024-10-28 15:45:00,2024-10-28 15:21:00,-24.0
2024-10-28,arrival,Zurich,Geneva,swiss,Landed,15:45,15:52,2024-10-28 15:45:00,2024-10-28 15:52:00,7.0
2024-10-28,arrival,Zurich,Nice,swiss,Landed,15:50,15:45,2024-10-28 15:50:00,2024-10-28 15:45:00,-5.0
2024-10-28,arrival,Zurich,Lisbon,swiss,Landed,16:00,16:05,2024-10-28 16:00:00,2024-10-28 16:05:00,5.0
2024-10-28,arrival,Zurich,Düsseldorf,swiss,Landed,16:00,16:53,2024-10-28 16:00:00,2024-10-28 16:53:00,53.0
2024-10-28,arrival,Zurich,London LCY,swiss,Landed,16:05,16:14,2024-10-28 16:05:00,2024-10-28 16:14:00,9.0
2024-10-28,arrival,Zurich,Milan MXP,swiss,Landed,16:05,15:55,2024-10-28 16:05:00,2024-10-28 15:55:00,-10.0
2024-10-28,arrival,Zurich,Florence,swiss,Landed,16:10,16:07,2024-10-28 16:10:00,2024-10-28 16:07:00,-3.0
2024-10-28,arrival,Zurich,Munich,lufthansa_neu,Landed,16:10,16:03,2024-10-28 16:10:00,2024-10-28 16:03:00,-7.0
2024-10-28,arrival,Zurich,Prague,swiss,Landed,16:10,16:29,2024-10-28 16:10:00,2024-10-28 16:29:00,19.0
2024-10-28,arrival,Zurich,Porto,swiss,Landed,16:10,16:14,2024-10-28 16:10:00,2024-10-28 16:14:00,4.0
2024-10-28,arrival,Zurich,Hamburg,swiss,Landed,16:15,16:14,2024-10-28 16:15:00,2024-10-28 16:14:00,-1.0
2024-10-28,arrival,Zurich,Brussels,swiss,Landed,16:15,16:26,2024-10-28 16:15:00,2024-10-28 16:26:00,11.0
2024-10-28,arrival,Zurich,Paris CDG,swiss,Landed,16:15,16:16,2024-10-28 16:15:00,2024-10-28 16:16:00,1.0
2024-10-28,arrival,Zurich,Vienna,swiss,Landed,16:20,16:39,2024-10-28 16:20:00,2024-10-28 16:39:00,19.0
2024-10-28,arrival,Zurich,Sofia,swiss,Landed,16:20,16:20,2024-10-28 16:20:00,2024-10-28 16:20:00,0.0
2024-10-28,arrival,Zurich,Berlin,swiss,Landed,16:20,16:23,2024-10-28 16:20:00,2024-10-28 16:23:00,3.0
2024-10-28,arrival,Zurich,Ljubljana,swiss,Landed,16:25,16:27,2024-10-28 16:25:00,2024-10-28 16:27:00,2.0
2024-10-28,arrival,Zurich,Venice,swiss,Landed,16:25,16:19,2024-10-28 16:25:00,2024-10-28 16:19:00,-6.0
2024-10-28,arrival,Zurich,Rome,swiss,Landed,16:25,16:34,2024-10-28 16:25:00,2024-10-28 16:34:00,9.0
2024-10-28,arrival,Zurich,Dublin,swiss,Landed,16:30,16:25,2024-10-28 16:30:00,2024-10-28 16:25:00,-5.0
2024-10-28,arrival,Zurich,Belgrade,swiss,Landed,16:30,16:23,2024-10-28 16:30:00,2024-10-28 16:23:00,-7.0
2024-10-28,arrival,Zurich,Marseille,swiss,Landed,16:30,16:06,2024-10-28 16:30:00,2024-10-28 16:06:00,-24.0
2024-10-28,arrival,Zurich,Warsaw,swiss,Landed,16:35,16:35,2024-10-28 16:35:00,2024-10-28 16:35:00,0.0
2024-10-28,arrival,Zurich,Cluj-Napoca,swiss,Landed,16:35,16:53,2024-10-28 16:35:00,2024-10-28 16:53:00,18.0
2024-10-28,arrival,Zurich,Budapest,swiss,Landed,16:35,16:55,2024-10-28 16:35:00,2024-10-28 16:55:00,20.0
2024-10-28,arrival,Zurich,Sarajevo,swiss,Landed,16:35,16:35,2024-10-28 16:35:00,2024-10-28 16:35:00,0.0
2024-10-28,arrival,Zurich,Palermo,swiss,Landed,16:40,16:59,2024-10-28 16:40:00,2024-10-28 16:59:00,19.0
2024-10-28,arrival,Zurich,Copenhagen,swiss,Landed,16:40,17:20,2024-10-28 16:40:00,2024-10-28 17:20:00,40.0
2024-10-28,arrival,Zurich,Barcelona,swiss,Landed,16:40,18:46,2024-10-28 16:40:00,2024-10-28 18:46:00,126.0
2024-10-28,arrival,Zurich,London LHR,swiss,Landed,16:45,17:12,2024-10-28 16:45:00,2024-10-28 17:12:00,27.0
2024-10-28,arrival,Zurich,Amsterdam,klm,Landed,16:45,17:10,2024-10-28 16:45:00,2024-10-28 17:10:00,25.0
2024-10-28,arrival,Zurich,Amsterdam,swiss,Landed,16:50,17:05,2024-10-28 16:50:00,2024-10-28 17:05:00,15.0
2024-10-28,arrival,Zurich,Wroclaw,swiss,Landed,16:50,16:30,2024-10-28 16:50:00,2024-10-28 16:30:00,-20.0
2024-10-28,arrival,Zurich,Naples,swiss,Landed,16:50,17:04,2024-10-28 16:50:00,2024-10-28 17:04:00,14.0
2024-10-28,arrival,Zurich,Malta,km_malta_airlines,Landed,16:50,16:44,2024-10-28 16:50:00,2024-10-28 16:44:00,-6.0
2024-10-28,arrival,Zurich,Palma De Mallorca,swiss,Landed,16:55,17:01,2024-10-28 16:55:00,2024-10-28 17:01:00,6.0
2024-10-28,arrival,Zurich,Marrakesh,edelweiss,Landed,16:55,17:02,2024-10-28 16:55:00,2024-10-28 17:02:00,7.0
2024-10-28,arrival,Zurich,Istanbul SAW,ajet_logo,Landed,13:10,13:49,2024-10-28 13:10:00,2024-10-28 13:49:00,39.0
2024-10-28,arrival,Zurich,Hamburg,euro,Landed,13:25,13:23,2024-10-28 13:25:00,2024-10-28 13:23:00,-2.0
2024-10-28,arrival,Zurich,Amsterdam,klm,Landed,13:35,13:54,2024-10-28 13:35:00,2024-10-28 13:54:00,19.0
2024-10-28,arrival,Zurich,Doha,qatar,Landed,13:40,13:22,2024-10-28 13:40:00,2024-10-28 13:22:00,-18.0
2024-10-28,arrival,Zurich,Riyadh,saudia_logo,Landed,13:45,13:35,2024-10-28 13:45:00,2024-10-28 13:35:00,-10.0
2024-10-28,arrival,Zurich,Istanbul IST,turkish,Landed,13:55,13:38,2024-10-28 13:55:00,2024-10-28 13:38:00,-17.0
2024-10-28,arrival,Zurich,Frankfurt,lufthansa_neu,Landed,13:55,14:28,2024-10-28 13:55:00,2024-10-28 14:28:00,33.0
2024-10-28,arrival,Zurich,Madrid,iberia,Landed,14:10,13:56,2024-10-28 14:10:00,2024-10-28 13:56:00,-14.0
2024-10-28,arrival,Zurich,London LCY,british,Landed,14:10,14:11,2024-10-28 14:10:00,2024-10-28 14:11:00,1.0
2024-10-28,arrival,Zurich,Vienna,austrian,Landed,14:20,14:29,2024-10-28 14:20:00,2024-10-28 14:29:00,9.0
2024-10-28,arrival,Zurich,Stuttgart,swiss,Landed,14:45,14:50,2024-10-28 14:45:00,2024-10-28 14:50:00,5.0
2024-10-28,arrival,Zurich,London LHR,swiss,Cancelled,14:45,14:45,2024-10-28 14:45:00,2024-10-28 14:45:00,0.0
2024-10-28,arrival,Zurich,Geneva,swiss,Landed,11:00,10:49,2024-10-28 11:00:00,2024-10-28 10:49:00,-11.0
2024-10-28,arrival,Zurich,Florence,swiss,Landed,11:00,11:07,2024-10-28 11:00:00,2024-10-28 11:07:00,7.0
2024-10-28,arrival,Zurich,Hamburg,swiss,Landed,11:00,11:18,2024-10-28 11:00:00,2024-10-28 11:18:00,18.0
2024-10-28,arrival,Zurich,Amsterdam,klm,Landed,11:05,11:23,2024-10-28 11:05:00,2024-10-28 11:23:00,18.0
2024-10-28,arrival,Zurich,Brussels,swiss,Landed,11:05,11:51,2024-10-28 11:05:00,2024-10-28 11:51:00,46.0
2024-10-28,arrival,Zurich,Berlin,swiss,Landed,11:05,11:26,2024-10-28 11:05:00,2024-10-28 11:26:00,21.0
2024-10-28,arrival,Zurich,Boston,swiss,Landed,11:10,11:11,2024-10-28 11:10:00,2024-10-28 11:11:00,1.0
2024-10-28,arrival,Zurich,Madrid,iberia,Landed,11:10,11:19,2024-10-28 11:10:00,2024-10-28 11:19:00,9.0
2024-10-28,arrival,Zurich,Prague,swiss,Landed,11:10,11:07,2024-10-28 11:10:00,2024-10-28 11:07:00,-3.0
2024-10-28,arrival,Zurich,Vienna,swiss,Landed,11:10,11:03,2024-10-28 11:10:00,2024-10-28 11:03:00,-7.0
2024-10-28,arrival,Zurich,Budapest,swiss,Landed,11:15,11:32,2024-10-28 11:15:00,2024-10-28 11:32:00,17.0
2024-10-28,arrival,Zurich,Hanover,swiss,Landed,11:15,11:29,2024-10-28 11:15:00,2024-10-28 11:29:00,14.0
2024-10-28,arrival,Zurich,Amsterdam,swiss,Landed,11:15,11:37,2024-10-28 11:15:00,2024-10-28 11:37:00,22.0
2024-10-28,arrival,Zurich,Paris CDG,swiss,Landed,11:20,13:10,2024-10-28 11:20:00,2024-10-28 13:10:00,110.0
2024-10-28,arrival,Zurich,Nice,swiss,Landed,11:20,11:38,2024-10-28 11:20:00,2024-10-28 11:38:00,18.0
2024-10-28,arrival,Zurich,Rome,swiss,Landed,11:20,11:49,2024-10-28 11:20:00,2024-10-28 11:49:00,29.0
2024-10-28,arrival,Zurich,Belgrade,swiss,Landed,11:25,11:37,2024-10-28 11:25:00,2024-10-28 11:37:00,12.0
2024-10-28,arrival,Zurich,Tampa,edelweiss,Landed,11:25,11:13,2024-10-28 11:25:00,2024-10-28 11:13:00,-12.0
2024-10-28,arrival,Zurich,Krakow,swiss,Landed,11:30,11:54,2024-10-28 11:30:00,2024-10-28 11:54:00,24.0
2024-10-28,arrival,Zurich,Geneva,swiss,Landed,11:30,12:01,2024-10-28 11:30:00,2024-10-28 12:01:00,31.0
2024-10-28,arrival,Zurich,Palma De Mallorca,swiss,Landed,11:35,12:49,2024-10-28 11:35:00,2024-10-28 12:49:00,74.0
2024-10-28,arrival,Zurich,Stuttgart,swiss,Landed,11:35,11:41,2024-10-28 11:35:00,2024-10-28 11:41:00,6.0
2024-10-28,arrival,Zurich,Bremen,swiss,Landed,11:35,11:56,2024-10-28 11:35:00,2024-10-28 11:56:00,21.0
2024-10-28,arrival,Zurich,Newark,swiss,Landed,11:40,11:33,2024-10-28 11:40:00,2024-10-28 11:33:00,-7.0
2024-10-28,arrival,Zurich,Copenhagen,swiss,Landed,11:40,11:46,2024-10-28 11:40:00,2024-10-28 11:46:00,6.0
2024-10-28,arrival,Zurich,Barcelona,swiss,Landed,11:40,12:51,2024-10-28 11:40:00,2024-10-28 12:51:00,71.0
2024-10-28,arrival,Zurich,Birmingham,swiss,Landed,11:45,11:52,2024-10-28 11:45:00,2024-10-28 11:52:00,7.0
2024-10-28,arrival,Zurich,Milan MXP,swiss,Landed,11:45,12:04,2024-10-28 11:45:00,2024-10-28 12:04:00,19.0
2024-10-28,arrival,Zurich,London LHR,swiss,Landed,11:50,12:24,2024-10-28 11:50:00,2024-10-28 12:24:00,34.0
2024-10-28,arrival,Zurich,Pristina,edelweiss,Landed,11:50,11:37,2024-10-28 11:50:00,2024-10-28 11:37:00,-13.0
2024-10-28,arrival,Zurich,London LCY,swiss,Landed,11:50,12:28,2024-10-28 11:50:00,2024-10-28 12:28:00,38.0
2024-10-28,arrival,Zurich,Warsaw,swiss,Landed,11:50,12:19,2024-10-28 11:50:00,2024-10-28 12:19:00,29.0
2024-10-28,arrival,Zurich,Manchester,swiss,Landed,11:55,12:46,2024-10-28 11:55:00,2024-10-28 12:46:00,51.0
2024-10-28,arrival,Zurich,Brindisi,swiss,Landed,12:00,12:29,2024-10-28 12:00:00,2024-10-28 12:29:00,29.0
2024-10-28,arrival,Zurich,Luxembourg,swiss,Landed,12:00,12:14,2024-10-28 12:00:00,2024-10-28 12:14:00,14.0
2024-10-28,arrival,Zurich,Graz,swiss,Landed,12:00,12:21,2024-10-28 12:00:00,2024-10-28 12:21:00,21.0
2024-10-28,arrival,Zurich,Bologna,swiss,Landed,12:00,12:06,2024-10-28 12:00:00,2024-10-28 12:06:00,6.0
2024-10-28,arrival,Zurich,Malta,swiss,Landed,12:05,12:40,2024-10-28 12:05:00,2024-10-28 12:40:00,35.0
2024-10-28,arrival,Zurich,Gothenburg,swiss,Landed,12:05,12:35,2024-10-28 12:05:00,2024-10-28 12:35:00,30.0
2024-10-28,arrival,Zurich,Geneva,swiss,Cancelled,12:05,12:05,2024-10-28 12:05:00,2024-10-28 12:05:00,0.0
2024-10-28,arrival,Zurich,Oslo OSL,sas,Landed,12:10,12:30,2024-10-28 12:10:00,2024-10-28 12:30:00,20.0
2024-10-28,arrival,Zurich,Alicante,swiss,Landed,12:15,12:53,2024-10-28 12:15:00,2024-10-28 12:53:00,38.0
2024-10-28,arrival,Zurich,Madrid,swiss,Landed,12:20,12:26,2024-10-28 12:20:00,2024-10-28 12:26:00,6.0
2024-10-28,arrival,Zurich,Berlin,swiss,Landed,12:20,12:43,2024-10-28 12:20:00,2024-10-28 12:43:00,23.0
2024-10-28,arrival,Zurich,Amsterdam,swiss,Landed,12:25,12:34,2024-10-28 12:25:00,2024-10-28 12:34:00,9.0
2024-10-28,arrival,Zurich,Dubai,emirates-neu,Landed,12:25,13:28,2024-10-28 12:25:00,2024-10-28 13:28:00,63.0
2024-10-28,arrival,Zurich,Hamburg,swiss,Landed,12:30,12:43,2024-10-28 12:30:00,2024-10-28 12:43:00,13.0
2024-10-28,arrival,Zurich,Lisbon,tap,Landed,12:40,13:06,2024-10-28 12:40:00,2024-10-28 13:06:00,26.0
2024-10-28,arrival,Zurich,Antalya,sun,Landed,12:50,13:04,2024-10-28 12:50:00,2024-10-28 13:04:00,14.0
2024-10-28,arrival,Zurich,Cairo,egypt-air,Landed,12:55,13:02,2024-10-28 12:55:00,2024-10-28 13:02:00,7.0
2024-10-28,arrival,Zurich,Munich,lufthansa_neu,Landed,12:55,13:25,2024-10-28 12:55:00,2024-10-28 13:25:00,30.0
2024-10-28,arrival,Zurich,Hamburg,euro,Landed,09:05,08:59,2024-10-28 09:05:00,2024-10-28 08:59:00,-6.0
2024-10-28,arrival,Zurich,Alicante,easyjet,Landed,09:15,09:14,2024-10-28 09:15:00,2024-10-28 09:14:00,-1.0
2024-10-28,arrival,Zurich,London LGW,easyjet,Landed,09:20,09:03,2024-10-28 09:20:00,2024-10-28 09:03:00,-17.0
2024-10-28,arrival,Zurich,Madrid,europa,Landed,09:25,09:13,2024-10-28 09:25:00,2024-10-28 09:13:00,-12.0
2024-10-28,arrival,Zurich,London LCY,british,Landed,09:30,09:27,2024-10-28 09:30:00,2024-10-28 09:27:00,-3.0
2024-10-28,arrival,Zurich,Warsaw,lot,Landed,09:35,09:28,2024-10-28 09:35:00,2024-10-28 09:28:00,-7.0
2024-10-28,arrival,Zurich,Thessaloniki,aegan,Landed,09:40,09:24,2024-10-28 09:40:00,2024-10-28 09:24:00,-16.0
2024-10-28,arrival,Zurich,London LHR,british,Landed,09:45,09:35,2024-10-28 09:45:00,2024-10-28 09:35:00,-10.0
2024-10-28,arrival,Zurich,Copenhagen,sas,Landed,09:45,09:41,2024-10-28 09:45:00,2024-10-28 09:41:00,-4.0
2024-10-28,arrival,Zurich,Vienna,austrian,Landed,09:50,09:45,2024-10-28 09:50:00,2024-10-28 09:45:00,-5.0
2024-10-28,arrival,Zurich,Paris CDG,airfrance,Landed,09:50,11:21,2024-10-28 09:50:00,2024-10-28 11:21:00,91.0
2024-10-28,arrival,Zurich,London LTN,easyjet,Landed,09:50,09:54,2024-10-28 09:50:00,2024-10-28 09:54:00,4.0
2024-10-28,arrival,Zurich,Helsinki,finnair,Landed,09:50,09:41,2024-10-28 09:50:00,2024-10-28 09:41:00,-9.0
2024-10-28,arrival,Zurich,Lisbon,easyjet,Landed,10:00,09:50,2024-10-28 10:00:00,2024-10-28 09:50:00,-10.0
2024-10-28,arrival,Zurich,Frankfurt,swiss,Cancelled,10:05,10:05,2024-10-28 10:05:00,2024-10-28 10:05:00,0.0
2024-10-28,arrival,Zurich,Zagreb,croatia_v2,Landed,10:05,11:16,2024-10-28 10:05:00,2024-10-28 11:16:00,71.0
2024-10-28,arrival,Zurich,Istanbul IST,turkish,Landed,10:10,09:50,2024-10-28 10:10:00,2024-10-28 09:50:00,-20.0
2024-10-28,arrival,Zurich,Munich,swiss,Landed,10:10,10:13,2024-10-28 10:10:00,2024-10-28 10:13:00,3.0
2024-10-28,arrival,Zurich,Athens,aegan,Landed,10:20,10:14,2024-10-28 10:20:00,2024-10-28 10:14:00,-6.0
2024-10-28,arrival,Zurich,Toronto,canada,Landed,10:25,10:01,2024-10-28 10:25:00,2024-10-28 10:01:00,-24.0
2024-10-28,arrival,Zurich,New York,delta,Landed,10:30,10:18,2024-10-28 10:30:00,2024-10-28 10:18:00,-12.0
2024-10-28,arrival,Zurich,Sao Paulo,swiss,Landed,10:30,10:20,2024-10-28 10:30:00,2024-10-28 10:20:00,-10.0
2024-10-28,arrival,Zurich,Porto,easyjet,Landed,10:35,13:00,2024-10-28 10:35:00,2024-10-28 13:00:00,145.0
2024-10-28,arrival,Zurich,Istanbul SAW,pegasus,Landed,10:35,10:31,2024-10-28 10:35:00,2024-10-28 10:31:00,-4.0
2024-10-28,arrival,Zurich,Washington,swiss,Landed,10:35,10:43,2024-10-28 10:35:00,2024-10-28 10:43:00,8.0
2024-10-28,arrival,Zurich,Frankfurt,lufthansa_neu,Landed,10:40,12:09,2024-10-28 10:40:00,2024-10-28 12:09:00,89.0
2024-10-28,arrival,Zurich,New York,swiss,Landed,10:40,10:23,2024-10-28 10:40:00,2024-10-28 10:23:00,-17.0
2024-10-28,arrival,Zurich,Chicago,swiss,Landed,10:45,10:38,2024-10-28 10:45:00,2024-10-28 10:38:00,-7.0
2024-10-28,arrival,Zurich,Bilbao,edelweiss,Landed,10:45,13:21,2024-10-28 10:45:00,2024-10-28 13:21:00,156.0
2024-10-28,arrival,Zurich,London LCY,swiss,Landed,10:45,12:15,2024-10-28 10:45:00,2024-10-28 12:15:00,90.0
2024-10-28,arrival,Zurich,Miami,swiss,Landed,10:50,10:58,2024-10-28 10:50:00,2024-10-28 10:58:00,8.0
2024-10-28,arrival,Zurich,Dresden,swiss,Landed,10:50,10:44,2024-10-28 10:50:00,2024-10-28 10:44:00,-6.0
2024-10-28,arrival,Zurich,Pristina,chair,Landed,10:55,10:55,2024-10-28 10:55:00,2024-10-28 10:55:00,0.0
2024-10-28,arrival,Zurich,Tel Aviv,elalisrael,Landed,10:55,12:16,2024-10-28 10:55:00,2024-10-28 12:16:00,81.0
2024-10-28,arrival,Zurich,Düsseldorf,swiss,Landed,10:55,10:53,2024-10-28 10:55:00,2024-10-28 10:53:00,-2.0
2024-10-28,arrival,Zurich,Venice,swiss,Landed,10:55,10:56,2024-10-28 10:55:00,2024-10-28 10:56:00,1.0
2024-10-28,arrival,Zurich,Doha,qatar,Landed,07:10,06:58,2024-10-28 07:10:00,2024-10-28 06:58:00,-12.0
2024-10-28,arrival,Zurich,Hong Kong,cathay,Landed,07:30,07:40,2024-10-28 07:30:00,2024-10-28 07:40:00,10.0
2024-10-28,arrival,Zurich,Berlin,easyjet,Landed,07:30,07:16,2024-10-28 07:30:00,2024-10-28 07:16:00,-14.0
2024-10-28,arrival,Zurich,Newark,united,Landed,07:40,07:06,2024-10-28 07:40:00,2024-10-28 07:06:00,-34.0
2024-10-28,arrival,Zurich,Addis Ababavia Milan,ethiopianairlineslogosvg,Landed,07:40,07:17,2024-10-28 07:40:00,2024-10-28 07:17:00,-23.0
2024-10-28,arrival,Zurich,Cologne Bonn,euro,Landed,07:45,07:33,2024-10-28 07:45:00,2024-10-28 07:33:00,-12.0
2024-10-28,arrival,Zurich,Ljubljana,swiss,Landed,07:45,07:31,2024-10-28 07:45:00,2024-10-28 07:31:00,-14.0
2024-10-28,arrival,Zurich,Antalya,sun,Landed,07:45,07:58,2024-10-28 07:45:00,2024-10-28 07:58:00,13.0
2024-10-28,arrival,Zurich,Milan MXP,swiss,Landed,07:45,07:40,2024-10-28 07:45:00,2024-10-28 07:40:00,-5.0
2024-10-28,arrival,Zurich,Prague,swiss,Landed,07:50,07:38,2024-10-28 07:50:00,2024-10-28 07:38:00,-12.0
2024-10-28,arrival,Zurich,Singapore,singapore,Landed,07:50,08:38,2024-10-28 07:50:00,2024-10-28 08:38:00,48.0
2024-10-28,arrival,Zurich,Düsseldorf,euro,Landed,07:55,07:46,2024-10-28 07:55:00,2024-10-28 07:46:00,-9.0
2024-10-28,arrival,Zurich,Budapest,swiss,Landed,07:55,07:56,2024-10-28 07:55:00,2024-10-28 07:56:00,1.0
2024-10-28,arrival,Zurich,Chicago,united,Landed,07:55,07:24,2024-10-28 07:55:00,2024-10-28 07:24:00,-31.0
2024-10-28,arrival,Zurich,Brussels,brussels_airlines_logo,Landed,07:55,08:52,2024-10-28 07:55:00,2024-10-28 08:52:00,57.0
2024-10-28,arrival,Zurich,Paris CDG,swiss,Landed,08:00,08:03,2024-10-28 08:00:00,2024-10-28 08:03:00,3.0
2024-10-28,arrival,Zurich,Tallinn,swiss,Landed,08:05,07:50,2024-10-28 08:05:00,2024-10-28 07:50:00,-15.0
2024-10-28,arrival,Zurich,Bucharest,swiss,Landed,08:05,08:00,2024-10-28 08:05:00,2024-10-28 08:00:00,-5.0
2024-10-28,arrival,Zurich,Malaga,swiss,Landed,08:15,08:04,2024-10-28 08:15:00,2024-10-28 08:04:00,-11.0
2024-10-28,arrival,Zurich,Amsterdam,klm,Landed,08:15,08:11,2024-10-28 08:15:00,2024-10-28 08:11:00,-4.0
2024-10-28,arrival,Zurich,Berlin,euro,Landed,08:15,08:43,2024-10-28 08:15:00,2024-10-28 08:43:00,28.0
2024-10-28,arrival,Zurich,Philadelphia,american,Landed,08:15,08:09,2024-10-28 08:15:00,2024-10-28 08:09:00,-6.0
2024-10-28,arrival,Zurich,Barcelona,swiss,Landed,08:20,09:00,2024-10-28 08:20:00,2024-10-28 09:00:00,40.0
2024-10-28,arrival,Zurich,Frankfurt,lufthansa_neu,Landed,08:20,08:16,2024-10-28 08:20:00,2024-10-28 08:16:00,-4.0
2024-10-28,arrival,Zurich,Vienna,austrian,Landed,08:25,08:22,2024-10-28 08:25:00,2024-10-28 08:22:00,-3.0
2024-10-28,arrival,Zurich,Amsterdam,swiss,Landed,08:25,08:12,2024-10-28 08:25:00,2024-10-28 08:12:00,-13.0
2024-10-28,arrival,Zurich,Geneva,swiss,Landed,08:30,08:31,2024-10-28 08:30:00,2024-10-28 08:31:00,1.0
2024-10-28,arrival,Zurich,Riga,baltic,Landed,08:35,08:31,2024-10-28 08:35:00,2024-10-28 08:31:00,-4.0
2024-10-28,arrival,Zurich,Stockholm,swiss,Landed,08:35,08:36,2024-10-28 08:35:00,2024-10-28 08:36:00,1.0
2024-10-28,arrival,Zurich,London LHR,swiss,Landed,08:40,08:57,2024-10-28 08:40:00,2024-10-28 08:57:00,17.0
2024-10-28,arrival,Zurich,Munich,lufthansa_neu,Landed,08:45,08:46,2024-10-28 08:45:00,2024-10-28 08:46:00,1.0
2024-10-28,arrival,Zurich,Berlin,swiss,Landed,08:45,08:41,2024-10-28 08:45:00,2024-10-28 08:41:00,-4.0
2024-10-28,arrival,Zurich,Copenhagen,swiss,Landed,08:45,08:41,2024-10-28 08:45:00,2024-10-28 08:41:00,-4.0
2024-10-28,arrival,Zurich,Belgrade,serbia,Landed,08:50,09:05,2024-10-28 08:50:00,2024-10-28 09:05:00,15.0
2024-10-28,arrival,Zurich,Antalya,pegasus,Landed,08:55,08:51,2024-10-28 08:55:00,2024-10-28 08:51:00,-4.0
2024-10-28,arrival,Zurich,Barcelona,vueling,Landed,08:55,09:06,2024-10-28 08:55:00,2024-10-28 09:06:00,11.0
2024-10-28,arrival,Zurich,Athens,swiss,Landed,08:55,08:55,2024-10-28 08:55:00,2024-10-28 08:55:00,0.0
2024-10-28,arrival,Zurich,Mumbai,swiss,Landed,06:10,06:15,2024-10-28 06:10:00,2024-10-28 06:15:00,5.0
2024-10-28,arrival,Zurich,Singapore,swiss,Landed,06:10,06:22,2024-10-28 06:10:00,2024-10-28 06:22:00,12.0
2024-10-28,arrival,Zurich,Hong Kong,swiss,Landed,06:10,06:17,2024-10-28 06:10:00,2024-10-28 06:17:00,7.0
2024-10-28,arrival,Zurich,New York,swiss,Landed,06:10,06:09,2024-10-28 06:10:00,2024-10-28 06:09:00,-1.0
2024-10-28,arrival,Zurich,Johannesburg,swiss,Landed,06:15,06:13,2024-10-28 06:15:00,2024-10-28 06:13:00,-2.0
2024-10-28,arrival,Zurich,Montreal,swiss,Landed,06:15,06:19,2024-10-28 06:15:00,2024-10-28 06:19:00,4.0
2024-10-28,arrival,Zurich,Dubai,swiss,Landed,06:15,06:24,2024-10-28 06:15:00,2024-10-28 06:24:00,9.0
2024-10-28,arrival,Zurich,Delhi,swiss,Landed,06:20,06:07,2024-10-28 06:20:00,2024-10-28 06:07:00,-13.0
2024-10-28,arrival,Zurich,Mauritiusvia Mahe,edelweiss,Landed,06:20,06:41,2024-10-28 06:20:00,2024-10-28 06:41:00,21.0
2024-10-28,arrival,Zurich,Abu Dhabi AUH,etihad,Landed,06:30,06:41,2024-10-28 06:30:00,2024-10-28 06:41:00,11.0
2024-10-28,arrival,Zurich,Boston,swiss,Landed,06:35,06:45,2024-10-28 06:35:00,2024-10-28 06:45:00,10.0
2024-10-28,arrival,Zurich,Washington,united,Landed,06:40,06:47,2024-10-28 06:40:00,2024-10-28 06:47:00,7.0
2024-10-28,arrival,Zurich,Geneva,swiss,Landed,06:45,07:03,2024-10-28 06:45:00,2024-10-28 07:03:00,18.0
2024-10-28,arrival,Zurich,Bangkok,thai,Landed,06:55,06:57,2024-10-28 06:55:00,2024-10-28 06:57:00,2.0
2024-10-28,departure,Zurich,Geneva,swiss,Departed,21:00,21:10,2024-10-28 21:00:00,2024-10-28 21:10:00,10.0
2024-10-28,departure,Zurich,Athens,swiss,Departed,21:00,21:05,2024-10-28 21:00:00,2024-10-28 21:05:00,5.0
2024-10-28,departure,Zurich,Stockholm,swiss,Departed,21:00,21:05,2024-10-28 21:00:00,2024-10-28 21:05:00,5.0
2024-10-28,departure,Zurich,Paris CDG,swiss,Departed,21:00,21:10,2024-10-28 21:00:00,2024-10-28 21:10:00,10.0
2024-10-28,departure,Zurich,Prague,swiss,Departed,21:05,21:05,2024-10-28 21:05:00,2024-10-28 21:05:00,0.0
2024-10-28,departure,Zurich,London LHR,british,Departed,21:05,21:15,2024-10-28 21:05:00,2024-10-28 21:15:00,10.0
2024-10-28,departure,Zurich,Barcelona,swiss,Departed,21:10,21:10,2024-10-28 21:10:00,2024-10-28 21:10:00,0.0
2024-10-28,departure,Zurich,Bucharest,swiss,Departed,21:10,21:15,2024-10-28 21:10:00,2024-10-28 21:15:00,5.0
2024-10-28,departure,Zurich,Budapest,swiss,Departed,21:10,21:10,2024-10-28 21:10:00,2024-10-28 21:10:00,0.0
2024-10-28,departure,Zurich,Copenhagen,swiss,Departed,21:15,21:20,2024-10-28 21:15:00,2024-10-28 21:20:00,5.0
2024-10-28,departure,Zurich,Ljubljana,swiss,Departed,21:15,21:35,2024-10-28 21:15:00,2024-10-28 21:35:00,20.0
2024-10-28,departure,Zurich,Tel Aviv,elalisrael,Departed,21:20,21:55,2024-10-28 21:20:00,2024-10-28 21:55:00,35.0
2024-10-28,departure,Zurich,Berlin,easyjet,Departed,21:20,21:20,2024-10-28 21:20:00,2024-10-28 21:20:00,0.0
2024-10-28,departure,Zurich,Barcelona,vueling,Departed,21:25,22:05,2024-10-28 21:25:00,2024-10-28 22:05:00,40.0
2024-10-28,departure,Zurich,Muscat,oman,Departed,21:35,21:25,2024-10-28 21:35:00,2024-10-28 21:25:00,-10.0
2024-10-28,departure,Zurich,Porto,easyjet,Departed,21:40,21:30,2024-10-28 21:40:00,2024-10-28 21:30:00,-10.0
2024-10-28,departure,Zurich,Dubai,emirates-neu,Departed,21:50,21:50,2024-10-28 21:50:00,2024-10-28 21:50:00,0.0
2024-10-28,departure,Zurich,Malaga,swiss,Departed,22:25,22:25,2024-10-28 22:25:00,2024-10-28 22:25:00,0.0
2024-10-28,departure,Zurich,Muscat,edelweiss,Departed,22:30,22:30,2024-10-28 22:30:00,2024-10-28 22:30:00,0.0
2024-10-28,departure,Zurich,Singapore,swiss,Departed,22:40,22:50,2024-10-28 22:40:00,2024-10-28 22:50:00,10.0
2024-10-28,departure,Zurich,Sao Paulo,swiss,Departed,22:40,22:50,2024-10-28 22:40:00,2024-10-28 22:50:00,10.0
2024-10-28,departure,Zurich,Hong Kong,swiss,Departed,22:40,22:45,2024-10-28 22:40:00,2024-10-28 22:45:00,5.0
2024-10-28,departure,Zurich,Johannesburg,swiss,Departed,22:45,22:40,2024-10-28 22:45:00,2024-10-28 22:40:00,-5.0
2024-10-28,departure,Zurich,Geneva,swiss,Departed,22:45,22:45,2024-10-28 22:45:00,2024-10-28 22:45:00,0.0
2024-10-28,departure,Zurich,Munich,swiss,Departed,19:05,19:05,2024-10-28 19:05:00,2024-10-28 19:05:00,0.0
2024-10-28,departure,Zurich,Helsinki,finnair,Departed,19:05,18:55,2024-10-28 19:05:00,2024-10-28 18:55:00,-10.0
2024-10-28,departure,Zurich,Amsterdam,klm,Departed,19:10,19:10,2024-10-28 19:10:00,2024-10-28 19:10:00,0.0
2024-10-28,departure,Zurich,London LCY,british,Departed,19:15,19:55,2024-10-28 19:15:00,2024-10-28 19:55:00,40.0
2024-10-28,departure,Zurich,Vienna,austrian,Departed,19:25,19:25,2024-10-28 19:25:00,2024-10-28 19:25:00,0.0
2024-10-28,departure,Zurich,London LHR,british,Departed,19:30,20:00,2024-10-28 19:30:00,2024-10-28 20:00:00,30.0
2024-10-28,departure,Zurich,Madrid,iberia,Departed,19:40,20:00,2024-10-28 19:40:00,2024-10-28 20:00:00,20.0
2024-10-28,departure,Zurich,Delhi,air_india_logo,Departed,19:50,21:00,2024-10-28 19:50:00,2024-10-28 21:00:00,70.0
2024-10-28,departure,Zurich,Zagreb,croatia_v2,Departed,19:55,20:25,2024-10-28 19:55:00,2024-10-28 20:25:00,30.0
2024-10-28,departure,Zurich,Warsaw,lot,Departed,19:55,19:55,2024-10-28 19:55:00,2024-10-28 19:55:00,0.0
2024-10-28,departure,Zurich,Frankfurt,lufthansa_neu,Departed,20:05,20:15,2024-10-28 20:05:00,2024-10-28 20:15:00,10.0
2024-10-28,departure,Zurich,Berlin,euro,Departed,20:05,20:05,2024-10-28 20:05:00,2024-10-28 20:05:00,0.0
2024-10-28,departure,Zurich,Hamburg,euro,Departed,20:10,20:20,2024-10-28 20:10:00,2024-10-28 20:20:00,10.0
2024-10-28,departure,Zurich,Cologne Bonn,euro,Departed,20:10,20:50,2024-10-28 20:10:00,2024-10-28 20:50:00,40.0
2024-10-28,departure,Zurich,Munich,lufthansa_neu,Departed,20:15,20:15,2024-10-28 20:15:00,2024-10-28 20:15:00,0.0
2024-10-28,departure,Zurich,Addis Ababavia Milan,ethiopianairlineslogosvg,Departed,20:15,20:15,2024-10-28 20:15:00,2024-10-28 20:15:00,0.0
2024-10-28,departure,Zurich,Pristina,gp-aviation,Departed,20:20,20:30,2024-10-28 20:20:00,2024-10-28 20:30:00,10.0
2024-10-28,departure,Zurich,Copenhagen,sas,Departed,20:25,20:15,2024-10-28 20:25:00,2024-10-28 20:15:00,-10.0
2024-10-28,departure,Zurich,Belgrade,serbia,Departed,20:40,20:45,2024-10-28 20:40:00,2024-10-28 20:45:00,5.0
2024-10-28,departure,Zurich,Amsterdam,swiss,Departed,20:45,20:45,2024-10-28 20:45:00,2024-10-28 20:45:00,0.0
2024-10-28,departure,Zurich,Vienna,austrian,Departed,20:45,20:55,2024-10-28 20:45:00,2024-10-28 20:55:00,10.0
2024-10-28,departure,Zurich,Milan MXP,swiss,Departed,20:50,21:00,2024-10-28 20:50:00,2024-10-28 21:00:00,10.0
2024-10-28,departure,Zurich,Düsseldorf,euro,Departed,20:50,20:50,2024-10-28 20:50:00,2024-10-28 20:50:00,0.0
2024-10-28,departure,Zurich,Berlin,swiss,Departed,20:55,20:59,2024-10-28 20:55:00,2024-10-28 20:59:00,4.0
2024-10-28,departure,Zurich,London LHR,swiss,Departed,20:55,20:55,2024-10-28 20:55:00,2024-10-28 20:55:00,0.0
2024-10-28,departure,Zurich,Warsaw,swiss,Departed,17:00,17:20,2024-10-28 17:00:00,2024-10-28 17:20:00,20.0
2024-10-28,departure,Zurich,London LHR,swiss,Departed,17:00,17:10,2024-10-28 17:00:00,2024-10-28 17:10:00,10.0
2024-10-28,departure,Zurich,Bologna,swiss,Departed,17:00,17:00,2024-10-28 17:00:00,2024-10-28 17:00:00,0.0
2024-10-28,departure,Zurich,Manchester,swiss,Departed,17:05,17:20,2024-10-28 17:05:00,2024-10-28 17:20:00,15.0
2024-10-28,departure,Zurich,London LGW,swiss,Departed,17:05,17:20,2024-10-28 17:05:00,2024-10-28 17:20:00,15.0
2024-10-28,departure,Zurich,Milan MXP,swiss,Departed,17:15,17:45,2024-10-28 17:15:00,2024-10-28 17:45:00,30.0
2024-10-28,departure,Zurich,Copenhagen,swiss,Departed,17:15,17:15,2024-10-28 17:15:00,2024-10-28 17:15:00,0.0
2024-10-28,departure,Zurich,Luxembourg,swiss,Departed,17:15,17:20,2024-10-28 17:15:00,2024-10-28 17:20:00,5.0
2024-10-28,departure,Zurich,Skopje,chair,To details page,17:20,17:25,2024-10-28 17:20:00,2024-10-28 17:25:00,5.0
2024-10-28,departure,Zurich,Berlin,swiss,Departed,17:25,17:25,2024-10-28 17:25:00,2024-10-28 17:25:00,0.0
2024-10-28,departure,Zurich,Amsterdam,swiss,Cancelled,17:25,17:25,2024-10-28 17:25:00,2024-10-28 17:25:00,0.0
2024-10-28,departure,Zurich,Boston,swiss,Departed,17:30,17:40,2024-10-28 17:30:00,2024-10-28 17:40:00,10.0
2024-10-28,departure,Zurich,Amsterdam,klm,Departed,17:30,17:55,2024-10-28 17:30:00,2024-10-28 17:55:00,25.0
2024-10-28,departure,Zurich,Barcelona,swiss,Departed,17:30,17:30,2024-10-28 17:30:00,2024-10-28 17:30:00,0.0
2024-10-28,departure,Zurich,Paris CDG,swiss,Departed,17:35,17:36,2024-10-28 17:35:00,2024-10-28 17:36:00,1.0
2024-10-28,departure,Zurich,Rome,swiss,Departed,17:35,17:35,2024-10-28 17:35:00,2024-10-28 17:35:00,0.0
2024-10-28,departure,Zurich,Budapest,swiss,Departed,17:35,17:40,2024-10-28 17:35:00,2024-10-28 17:40:00,5.0
2024-10-28,departure,Zurich,Pristina,chair,Departed,17:35,17:35,2024-10-28 17:35:00,2024-10-28 17:35:00,0.0
2024-10-28,departure,Zurich,Prague,swiss,Departed,17:40,17:40,2024-10-28 17:40:00,2024-10-28 17:40:00,0.0
2024-10-28,departure,Zurich,Düsseldorf,swiss,Departed,17:40,17:40,2024-10-28 17:40:00,2024-10-28 17:40:00,0.0
2024-10-28,departure,Zurich,Malta,km_malta_airlines,Departed,17:40,17:40,2024-10-28 17:40:00,2024-10-28 17:40:00,0.0
2024-10-28,departure,Zurich,Venice,swiss,Departed,17:40,17:50,2024-10-28 17:40:00,2024-10-28 17:50:00,10.0
2024-10-28,departure,Zurich,Vienna,swiss,Departed,17:45,18:00,2024-10-28 17:45:00,2024-10-28 18:00:00,15.0
2024-10-28,departure,Zurich,Lamezia Terme,edelweiss,Departed,17:45,17:55,2024-10-28 17:45:00,2024-10-28 17:55:00,10.0
2024-10-28,departure,Zurich,Hanover,swiss,Departed,17:45,17:50,2024-10-28 17:45:00,2024-10-28 17:50:00,5.0
2024-10-28,departure,Zurich,Skopje,edelweiss,Departed,17:50,17:50,2024-10-28 17:50:00,2024-10-28 17:50:00,0.0
2024-10-28,departure,Zurich,Hamburg,swiss,Departed,17:50,18:00,2024-10-28 17:50:00,2024-10-28 18:00:00,10.0
2024-10-28,departure,Zurich,Stuttgart,swiss,Departed,17:50,17:50,2024-10-28 17:50:00,2024-10-28 17:50:00,0.0
2024-10-28,departure,Zurich,Nice,swiss,Departed,17:50,17:50,2024-10-28 17:50:00,2024-10-28 17:50:00,0.0
2024-10-28,departure,Zurich,Brussels,swiss,Departed,17:55,18:15,2024-10-28 17:55:00,2024-10-28 18:15:00,20.0
2024-10-28,departure,Zurich,Pristina,edelweiss,Departed,17:55,18:00,2024-10-28 17:55:00,2024-10-28 18:00:00,5.0
2024-10-28,departure,Zurich,London LCY,swiss,Departed,17:55,17:55,2024-10-28 17:55:00,2024-10-28 17:55:00,0.0
2024-10-28,departure,Zurich,Malé,edelweiss,Departed,18:00,18:00,2024-10-28 18:00:00,2024-10-28 18:00:00,0.0
2024-10-28,departure,Zurich,Geneva,swiss,Departed,18:00,18:05,2024-10-28 18:00:00,2024-10-28 18:05:00,5.0
2024-10-28,departure,Zurich,Bangkok,swiss,Departed,18:00,18:00,2024-10-28 18:00:00,2024-10-28 18:00:00,0.0
2024-10-28,departure,Zurich,Lisbon,tap,Departed,18:05,18:30,2024-10-28 18:05:00,2024-10-28 18:30:00,25.0
2024-10-28,departure,Zurich,Frankfurt,lufthansa_neu,Cancelled,18:05,18:05,2024-10-28 18:05:00,2024-10-28 18:05:00,0.0
2024-10-28,departure,Zurich,Newark,swiss,Departed,18:05,18:10,2024-10-28 18:05:00,2024-10-28 18:10:00,5.0
2024-10-28,departure,Zurich,Palma De Mallorca,edelweiss,Departed,18:25,18:25,2024-10-28 18:25:00,2024-10-28 18:25:00,0.0
2024-10-28,departure,Zurich,London LHR,swiss,Departed,18:25,18:25,2024-10-28 18:25:00,2024-10-28 18:25:00,0.0
2024-10-28,departure,Zurich,Berlin,swiss,Departed,18:25,18:40,2024-10-28 18:25:00,2024-10-28 18:40:00,15.0
2024-10-28,departure,Zurich,Istanbul IST,turkish,Departed,18:30,19:15,2024-10-28 18:30:00,2024-10-28 19:15:00,45.0
2024-10-28,departure,Zurich,Madrid,europa,Departed,18:30,18:25,2024-10-28 18:30:00,2024-10-28 18:25:00,-5.0
2024-10-28,departure,Zurich,Paris CDG,airfrance,Departed,18:50,19:00,2024-10-28 18:50:00,2024-10-28 19:00:00,10.0
2024-10-28,departure,Zurich,Frankfurt,swiss,Departed,18:50,18:50,2024-10-28 18:50:00,2024-10-28 18:50:00,0.0
2024-10-28,departure,Zurich,Riyadh,saudia_logo,Departed,15:00,15:30,2024-10-28 15:00:00,2024-10-28 15:30:00,30.0
2024-10-28,departure,Zurich,Vienna,austrian,Departed,15:05,15:15,2024-10-28 15:05:00,2024-10-28 15:15:00,10.0
2024-10-28,departure,Zurich,Doha,qatar,Departed,15:10,15:10,2024-10-28 15:10:00,2024-10-28 15:10:00,0.0
2024-10-28,departure,Zurich,London LHR,swiss,Departed,15:30,15:35,2024-10-28 15:30:00,2024-10-28 15:35:00,5.0
2024-10-28,departure,Zurich,Palma De Mallorca,swiss,Departed,15:40,16:05,2024-10-28 15:40:00,2024-10-28 16:05:00,25.0
2024-10-28,departure,Zurich,Oslo OSL,swiss,Departed,15:45,16:05,2024-10-28 15:45:00,2024-10-28 16:05:00,20.0
2024-10-28,departure,Zurich,Istanbul SAW,pegasus,Departed,16:10,16:15,2024-10-28 16:10:00,2024-10-28 16:15:00,5.0
2024-10-28,departure,Zurich,Porto,tap,Departed,16:20,16:20,2024-10-28 16:20:00,2024-10-28 16:20:00,0.0
2024-10-28,departure,Zurich,Madrid,swiss,Departed,16:20,16:25,2024-10-28 16:20:00,2024-10-28 16:25:00,5.0
2024-10-28,departure,Zurich,Berlin,swiss,Departed,16:25,16:25,2024-10-28 16:25:00,2024-10-28 16:25:00,0.0
2024-10-28,departure,Zurich,Hamburg,swiss,Departed,16:25,16:30,2024-10-28 16:25:00,2024-10-28 16:30:00,5.0
2024-10-28,departure,Zurich,London LHR,british,Departed,16:25,16:25,2024-10-28 16:25:00,2024-10-28 16:25:00,0.0
2024-10-28,departure,Zurich,London LCY,swiss,Departed,16:25,16:25,2024-10-28 16:25:00,2024-10-28 16:25:00,0.0
2024-10-28,departure,Zurich,Brussels,swiss,Departed,16:30,16:25,2024-10-28 16:30:00,2024-10-28 16:25:00,-5.0
2024-10-28,departure,Zurich,Düsseldorf,swiss,Departed,16:30,16:30,2024-10-28 16:30:00,2024-10-28 16:30:00,0.0
2024-10-28,departure,Zurich,Dublin,swiss,Departed,16:30,17:05,2024-10-28 16:30:00,2024-10-28 17:05:00,35.0
2024-10-28,departure,Zurich,Geneva,swiss,Departed,16:45,17:15,2024-10-28 16:45:00,2024-10-28 17:15:00,30.0
2024-10-28,departure,Zurich,Porto,swiss,Departed,16:50,16:45,2024-10-28 16:50:00,2024-10-28 16:45:00,-5.0
2024-10-28,departure,Zurich,Munich,lufthansa_neu,Departed,16:50,16:45,2024-10-28 16:50:00,2024-10-28 16:45:00,-5.0
2024-10-28,departure,Zurich,Valencia,swiss,Departed,16:50,17:10,2024-10-28 16:50:00,2024-10-28 17:10:00,20.0
2024-10-28,departure,Zurich,Florence,swiss,Departed,16:55,17:10,2024-10-28 16:55:00,2024-10-28 17:10:00,15.0
2024-10-28,departure,Zurich,Košice,swiss,Departed,16:55,16:55,2024-10-28 16:55:00,2024-10-28 16:55:00,0.0
2024-10-28,departure,Zurich,Gothenburg,swiss,Departed,16:55,17:10,2024-10-28 16:55:00,2024-10-28 17:10:00,15.0
2024-10-28,departure,Zurich,Toronto,canada,Departed,13:00,13:00,2024-10-28 13:00:00,2024-10-28 13:00:00,0.0
2024-10-28,departure,Zurich,Oslo OSL,sas,Departed,13:00,13:09,2024-10-28 13:00:00,2024-10-28 13:09:00,9.0
2024-10-28,departure,Zurich,Tokyo,swiss,Departed,13:05,13:30,2024-10-28 13:05:00,2024-10-28 13:30:00,25.0
2024-10-28,departure,Zurich,Ljubljana,swiss,Departed,13:05,13:25,2024-10-28 13:05:00,2024-10-28 13:25:00,20.0
2024-10-28,departure,Zurich,Athens,swiss,Departed,13:05,13:25,2024-10-28 13:05:00,2024-10-28 13:25:00,20.0
2024-10-28,departure,Zurich,Venice,swiss,Departed,13:05,13:10,2024-10-28 13:05:00,2024-10-28 13:10:00,5.0
2024-10-28,departure,Zurich,Los Angeles,swiss,Departed,13:10,13:40,2024-10-28 13:10:00,2024-10-28 13:40:00,30.0
2024-10-28,departure,Zurich,Chicago,swiss,Departed,13:10,13:22,2024-10-28 13:10:00,2024-10-28 13:22:00,12.0
2024-10-28,departure,Zurich,Shanghai,swiss,Departed,13:10,13:20,2024-10-28 13:10:00,2024-10-28 13:20:00,10.0
2024-10-28,departure,Zurich,San Francisco,swiss,Departed,13:15,13:38,2024-10-28 13:15:00,2024-10-28 13:38:00,23.0
2024-10-28,departure,Zurich,New York,swiss,Departed,13:15,13:30,2024-10-28 13:15:00,2024-10-28 13:30:00,15.0
2024-10-28,departure,Zurich,Bangkok,thai,Departed,13:15,13:15,2024-10-28 13:15:00,2024-10-28 13:15:00,0.0
2024-10-28,departure,Zurich,Boston,swiss,Departed,13:20,13:40,2024-10-28 13:20:00,2024-10-28 13:40:00,20.0
2024-10-28,departure,Zurich,Punta Cana,edelweiss,Departed,13:20,13:30,2024-10-28 13:20:00,2024-10-28 13:30:00,10.0
2024-10-28,departure,Zurich,Milan MXP,swiss,Departed,13:20,13:30,2024-10-28 13:20:00,2024-10-28 13:30:00,10.0
2024-10-28,departure,Zurich,Seville,edelweiss,Departed,13:30,14:15,2024-10-28 13:30:00,2024-10-28 14:15:00,45.0
2024-10-28,departure,Zurich,Berlin,swiss,Departed,13:30,13:30,2024-10-28 13:30:00,2024-10-28 13:30:00,0.0
2024-10-28,departure,Zurich,Lisbon,tap,Departed,13:30,14:00,2024-10-28 13:30:00,2024-10-28 14:00:00,30.0
2024-10-28,departure,Zurich,New York,delta,Departed,13:30,13:30,2024-10-28 13:30:00,2024-10-28 13:30:00,0.0
2024-10-28,departure,Zurich,Munich,lufthansa_neu,Departed,13:35,14:00,2024-10-28 13:35:00,2024-10-28 14:00:00,25.0
2024-10-28,departure,Zurich,Antalya,sun,Departed,13:45,13:51,2024-10-28 13:45:00,2024-10-28 13:51:00,6.0
2024-10-28,departure,Zurich,Cairo,egypt-air,Departed,13:55,14:15,2024-10-28 13:55:00,2024-10-28 14:15:00,20.0
2024-10-28,departure,Zurich,Hamburg,euro,Departed,14:05,14:05,2024-10-28 14:05:00,2024-10-28 14:05:00,0.0
2024-10-28,departure,Zurich,Istanbul SAW,ajet_logo,Departed,14:10,15:05,2024-10-28 14:10:00,2024-10-28 15:05:00,55.0
2024-10-28,departure,Zurich,Amsterdam,klm,Departed,14:15,14:25,2024-10-28 14:15:00,2024-10-28 14:25:00,10.0
2024-10-28,departure,Zurich,Dubai,emirates-neu,Departed,14:35,15:30,2024-10-28 14:35:00,2024-10-28 15:30:00,55.0
2024-10-28,departure,Zurich,Frankfurt,lufthansa_neu,Departed,14:45,15:15,2024-10-28 14:45:00,2024-10-28 15:15:00,30.0
2024-10-28,departure,Zurich,Istanbul IST,turkish,Departed,14:50,14:50,2024-10-28 14:50:00,2024-10-28 14:50:00,0.0
2024-10-28,departure,Zurich,London LCY,british,Departed,14:50,14:45,2024-10-28 14:50:00,2024-10-28 14:45:00,-5.0
2024-10-28,departure,Zurich,Madrid,iberia,Departed,14:55,14:55,2024-10-28 14:55:00,2024-10-28 14:55:00,0.0
2024-10-28,departure,Zurich,Dublin,swiss,Departed,11:00,11:00,2024-10-28 11:00:00,2024-10-28 11:00:00,0.0
2024-10-28,departure,Zurich,Sofia,swiss,Departed,11:00,11:00,2024-10-28 11:00:00,2024-10-28 11:00:00,0.0
2024-10-28,departure,Zurich,Istanbul IST,turkish,Departed,11:05,11:05,2024-10-28 11:05:00,2024-10-28 11:05:00,0.0
2024-10-28,departure,Zurich,Zagreb,croatia_v2,Departed,11:05,11:50,2024-10-28 11:05:00,2024-10-28 11:50:00,45.0
2024-10-28,departure,Zurich,Porto,easyjet,Departed,11:15,13:40,2024-10-28 11:15:00,2024-10-28 13:40:00,145.0
2024-10-28,departure,Zurich,Frankfurt,lufthansa_neu,Departed,11:20,12:49,2024-10-28 11:20:00,2024-10-28 12:49:00,89.0
2024-10-28,departure,Zurich,Athens,aegan,Departed,11:20,11:25,2024-10-28 11:20:00,2024-10-28 11:25:00,5.0
2024-10-28,departure,Zurich,Istanbul SAW,pegasus,Departed,11:40,11:40,2024-10-28 11:40:00,2024-10-28 11:40:00,0.0
2024-10-28,departure,Zurich,Cluj-Napoca,swiss,Departed,11:40,11:40,2024-10-28 11:40:00,2024-10-28 11:40:00,0.0
2024-10-28,departure,Zurich,Palermo,swiss,Departed,11:50,12:04,2024-10-28 11:50:00,2024-10-28 12:04:00,14.0
2024-10-28,departure,Zurich,Amsterdam,klm,Departed,11:50,12:09,2024-10-28 11:50:00,2024-10-28 12:09:00,19.0
2024-10-28,departure,Zurich,Hong Kong,cathay,Departed,11:55,11:55,2024-10-28 11:55:00,2024-10-28 11:55:00,0.0
2024-10-28,departure,Zurich,Madrid,iberia,Departed,11:55,11:59,2024-10-28 11:55:00,2024-10-28 11:59:00,4.0
2024-10-28,departure,Zurich,Warsaw,swiss,Departed,11:55,11:55,2024-10-28 11:55:00,2024-10-28 11:55:00,0.0
2024-10-28,departure,Zurich,Geneva,swiss,Departed,11:55,13:25,2024-10-28 11:55:00,2024-10-28 13:25:00,90.0
2024-10-28,departure,Zurich,Hanover,swiss,Departed,12:00,12:00,2024-10-28 12:00:00,2024-10-28 12:00:00,0.0
2024-10-28,departure,Zurich,Delhi,swiss,Departed,12:00,12:10,2024-10-28 12:00:00,2024-10-28 12:10:00,10.0
2024-10-28,departure,Zurich,Malaga,swiss,Departed,12:05,12:05,2024-10-28 12:05:00,2024-10-28 12:05:00,0.0
2024-10-28,departure,Zurich,Belgrade,swiss,Departed,12:05,12:05,2024-10-28 12:05:00,2024-10-28 12:05:00,0.0
2024-10-28,departure,Zurich,Catania,edelweiss,Departed,12:05,12:30,2024-10-28 12:05:00,2024-10-28 12:30:00,25.0
2024-10-28,departure,Zurich,Tel Aviv,elalisrael,Departed,12:05,13:40,2024-10-28 12:05:00,2024-10-28 13:40:00,95.0
2024-10-28,departure,Zurich,London LCY,swiss,Departed,12:10,12:25,2024-10-28 12:10:00,2024-10-28 12:25:00,15.0
2024-10-28,departure,Zurich,Palma De Mallorca,swiss,Departed,12:10,12:13,2024-10-28 12:10:00,2024-10-28 12:13:00,3.0
2024-10-28,departure,Zurich,London LHR,swiss,Departed,12:10,12:29,2024-10-28 12:10:00,2024-10-28 12:29:00,19.0
2024-10-28,departure,Zurich,Frankfurt,swiss,Departed,12:15,12:25,2024-10-28 12:15:00,2024-10-28 12:25:00,10.0
2024-10-28,departure,Zurich,Manchester,swiss,Departed,12:15,12:15,2024-10-28 12:15:00,2024-10-28 12:15:00,0.0
2024-10-28,departure,Zurich,Stockholm,swiss,Departed,12:15,12:25,2024-10-28 12:15:00,2024-10-28 12:25:00,10.0
2024-10-28,departure,Zurich,Copenhagen,swiss,Departed,12:15,12:15,2024-10-28 12:15:00,2024-10-28 12:15:00,0.0
2024-10-28,departure,Zurich,Barcelona,swiss,Departed,12:20,14:00,2024-10-28 12:20:00,2024-10-28 14:00:00,100.0
2024-10-28,departure,Zurich,Edinburgh,edelweiss,Departed,12:20,12:40,2024-10-28 12:20:00,2024-10-28 12:40:00,20.0
2024-10-28,departure,Zurich,Rome,swiss,Departed,12:25,12:30,2024-10-28 12:25:00,2024-10-28 12:30:00,5.0
2024-10-28,departure,Zurich,Sarajevo,swiss,Departed,12:25,12:25,2024-10-28 12:25:00,2024-10-28 12:25:00,0.0
2024-10-28,departure,Zurich,Bucharest,swiss,Departed,12:25,12:35,2024-10-28 12:25:00,2024-10-28 12:35:00,10.0
2024-10-28,departure,Zurich,Budapest,swiss,Departed,12:25,12:55,2024-10-28 12:25:00,2024-10-28 12:55:00,30.0
2024-10-28,departure,Zurich,Naples,swiss,Departed,12:30,12:45,2024-10-28 12:30:00,2024-10-28 12:45:00,15.0
2024-10-28,departure,Zurich,Stuttgart,swiss,Departed,12:30,12:35,2024-10-28 12:30:00,2024-10-28 12:35:00,5.0
2024-10-28,departure,Zurich,Hamburg,swiss,Departed,12:30,12:40,2024-10-28 12:30:00,2024-10-28 12:40:00,10.0
2024-10-28,departure,Zurich,Prague,swiss,Departed,12:35,13:10,2024-10-28 12:35:00,2024-10-28 13:10:00,35.0
2024-10-28,departure,Zurich,Lisbon,swiss,Departed,12:35,12:39,2024-10-28 12:35:00,2024-10-28 12:39:00,4.0
2024-10-28,departure,Zurich,Nice,swiss,Departed,12:35,12:35,2024-10-28 12:35:00,2024-10-28 12:35:00,0.0
2024-10-28,departure,Zurich,Düsseldorf,swiss,Departed,12:35,13:35,2024-10-28 12:35:00,2024-10-28 13:35:00,60.0
2024-10-28,departure,Zurich,Marseille,swiss,Departed,12:40,12:45,2024-10-28 12:40:00,2024-10-28 12:45:00,5.0
2024-10-28,departure,Zurich,Vienna,swiss,Departed,12:40,13:19,2024-10-28 12:40:00,2024-10-28 13:19:00,39.0
2024-10-28,departure,Zurich,Berlin,swiss,Departed,12:40,12:40,2024-10-28 12:40:00,2024-10-28 12:40:00,0.0
2024-10-28,departure,Zurich,Amsterdam,swiss,Departed,12:45,13:08,2024-10-28 12:45:00,2024-10-28 13:08:00,23.0
2024-10-28,departure,Zurich,Wroclaw,swiss,Departed,12:45,12:45,2024-10-28 12:45:00,2024-10-28 12:45:00,0.0
2024-10-28,departure,Zurich,Montreal,swiss,Departed,12:45,12:50,2024-10-28 12:45:00,2024-10-28 12:50:00,5.0
2024-10-28,departure,Zurich,Cairo,swiss,Departed,12:50,12:50,2024-10-28 12:50:00,2024-10-28 12:50:00,0.0
2024-10-28,departure,Zurich,Miami,swiss,Departed,12:50,13:37,2024-10-28 12:50:00,2024-10-28 13:37:00,47.0
2024-10-28,departure,Zurich,Paris CDG,swiss,Departed,12:50,13:10,2024-10-28 12:50:00,2024-10-28 13:10:00,20.0
2024-10-28,departure,Zurich,Geneva,swiss,Departed,12:55,13:45,2024-10-28 12:55:00,2024-10-28 13:45:00,50.0
2024-10-28,departure,Zurich,Dubai,swiss,Departed,12:55,13:05,2024-10-28 12:55:00,2024-10-28 13:05:00,10.0
2024-10-28,departure,Zurich,Florence,swiss,Departed,12:55,12:55,2024-10-28 12:55:00,2024-10-28 12:55:00,0.0
2024-10-28,departure,Zurich,Brussels,swiss,Departed,12:55,13:20,2024-10-28 12:55:00,2024-10-28 13:20:00,25.0
2024-10-28,departure,Zurich,Amsterdam,klm,Departed,09:00,09:00,2024-10-28 09:00:00,2024-10-28 09:00:00,0.0
2024-10-28,departure,Zurich,Frankfurt,lufthansa_neu,Departed,09:00,09:55,2024-10-28 09:00:00,2024-10-28 09:55:00,55.0
2024-10-28,departure,Zurich,Luxembourg,swiss,Departed,09:05,08:58,2024-10-28 09:05:00,2024-10-28 08:58:00,-7.0
2024-10-28,departure,Zurich,Marrakesh,edelweiss,Departed,09:05,09:20,2024-10-28 09:05:00,2024-10-28 09:20:00,15.0
2024-10-28,departure,Zurich,Berlin,euro,Departed,09:05,09:15,2024-10-28 09:05:00,2024-10-28 09:15:00,10.0
2024-10-28,departure,Zurich,Liberiavia San Jose,edelweiss,Departed,09:10,09:35,2024-10-28 09:10:00,2024-10-28 09:35:00,25.0
2024-10-28,departure,Zurich,Stuttgart,swiss,Departed,09:10,09:10,2024-10-28 09:10:00,2024-10-28 09:10:00,0.0
2024-10-28,departure,Zurich,Vienna,austrian,Departed,09:10,09:10,2024-10-28 09:10:00,2024-10-28 09:10:00,0.0
2024-10-28,departure,Zurich,Athens,swiss,Departed,09:15,09:15,2024-10-28 09:15:00,2024-10-28 09:15:00,0.0
2024-10-28,departure,Zurich,Ponta Delgada,edelweiss,Departed,09:20,09:20,2024-10-28 09:20:00,2024-10-28 09:20:00,0.0
2024-10-28,departure,Zurich,Riga,baltic,Departed,09:20,09:20,2024-10-28 09:20:00,2024-10-28 09:20:00,0.0
2024-10-28,departure,Zurich,Lisbon,swiss,Departed,09:25,09:30,2024-10-28 09:25:00,2024-10-28 09:30:00,5.0
2024-10-28,departure,Zurich,Malaga,swiss,Departed,09:25,09:25,2024-10-28 09:25:00,2024-10-28 09:25:00,0.0
2024-10-28,departure,Zurich,Munich,lufthansa_neu,Departed,09:25,09:35,2024-10-28 09:25:00,2024-10-28 09:35:00,10.0
2024-10-28,departure,Zurich,Gran Canaria,edelweiss,Departed,09:30,09:41,2024-10-28 09:30:00,2024-10-28 09:41:00,11.0
2024-10-28,departure,Zurich,Tenerife,edelweiss,Departed,09:30,09:40,2024-10-28 09:30:00,2024-10-28 09:40:00,10.0
2024-10-28,departure,Zurich,Hurghada,edelweiss,Departed,09:35,09:40,2024-10-28 09:35:00,2024-10-28 09:40:00,5.0
2024-10-28,departure,Zurich,Belgrade,serbia,Departed,09:35,09:50,2024-10-28 09:35:00,2024-10-28 09:50:00,15.0
2024-10-28,departure,Zurich,Oslo OSL,swiss,Departed,09:40,09:40,2024-10-28 09:40:00,2024-10-28 09:40:00,0.0
2024-10-28,departure,Zurich,Barcelona,vueling,Departed,09:40,10:00,2024-10-28 09:40:00,2024-10-28 10:00:00,20.0
2024-10-28,departure,Zurich,Chicago,united,Departed,09:40,09:40,2024-10-28 09:40:00,2024-10-28 09:40:00,0.0
2024-10-28,departure,Zurich,Antalya,pegasus,Departed,09:45,09:45,2024-10-28 09:45:00,2024-10-28 09:45:00,0.0
2024-10-28,departure,Zurich,Hamburg,euro,Departed,09:45,09:35,2024-10-28 09:45:00,2024-10-28 09:35:00,-10.0
2024-10-28,departure,Zurich,Mumbai,swiss,Departed,09:45,10:15,2024-10-28 09:45:00,2024-10-28 10:15:00,30.0
2024-10-28,departure,Zurich,Alicante,easyjet,Departed,09:50,10:00,2024-10-28 09:50:00,2024-10-28 10:00:00,10.0
2024-10-28,departure,Zurich,New York,swiss,Departed,09:50,09:55,2024-10-28 09:50:00,2024-10-28 09:55:00,5.0
2024-10-28,departure,Zurich,Reykjavík,edelweiss,Departed,09:55,09:55,2024-10-28 09:55:00,2024-10-28 09:55:00,0.0
2024-10-28,departure,Zurich,Valencia,swiss,Departed,09:55,09:55,2024-10-28 09:55:00,2024-10-28 09:55:00,0.0
2024-10-28,departure,Zurich,Stockholm,swiss,Departed,09:55,09:55,2024-10-28 09:55:00,2024-10-28 09:55:00,0.0
2024-10-28,departure,Zurich,London LGW,easyjet,Departed,10:05,10:00,2024-10-28 10:05:00,2024-10-28 10:00:00,-5.0
2024-10-28,departure,Zurich,Madrid,europa,Departed,10:10,10:30,2024-10-28 10:10:00,2024-10-28 10:30:00,20.0
2024-10-28,departure,Zurich,London LCY,british,Departed,10:10,10:05,2024-10-28 10:10:00,2024-10-28 10:05:00,-5.0
2024-10-28,departure,Zurich,London LHR,swiss,Departed,10:15,10:35,2024-10-28 10:15:00,2024-10-28 10:35:00,20.0
2024-10-28,departure,Zurich,Philadelphia,american,Departed,10:15,10:15,2024-10-28 10:15:00,2024-10-28 10:15:00,0.0
2024-10-28,departure,Zurich,Sal,edelweiss,Departed,10:15,11:45,2024-10-28 10:15:00,2024-10-28 11:45:00,90.0
2024-10-28,departure,Zurich,Porto,swiss,Departed,10:15,10:15,2024-10-28 10:15:00,2024-10-28 10:15:00,0.0
2024-10-28,departure,Zurich,Newark,united,Departed,10:20,10:20,2024-10-28 10:20:00,2024-10-28 10:20:00,0.0
2024-10-28,departure,Zurich,Abu Dhabi AUH,etihad,Departed,10:25,10:35,2024-10-28 10:25:00,2024-10-28 10:35:00,10.0
2024-10-28,departure,Zurich,Warsaw,lot,Departed,10:25,10:25,2024-10-28 10:25:00,2024-10-28 10:25:00,0.0
2024-10-28,departure,Zurich,Copenhagen,sas,Departed,10:25,10:25,2024-10-28 10:25:00,2024-10-28 10:25:00,0.0
2024-10-28,departure,Zurich,Sharm El Sheikhvia Luxor,edelweiss,Departed,10:30,10:35,2024-10-28 10:30:00,2024-10-28 10:35:00,5.0
2024-10-28,departure,Zurich,Thessaloniki,aegan,Departed,10:30,10:35,2024-10-28 10:30:00,2024-10-28 10:35:00,5.0
2024-10-28,departure,Zurich,London LHR,british,Departed,10:35,10:35,2024-10-28 10:35:00,2024-10-28 10:35:00,0.0
2024-10-28,departure,Zurich,London LTN,easyjet,Departed,10:35,10:40,2024-10-28 10:35:00,2024-10-28 10:40:00,5.0
2024-10-28,departure,Zurich,Singapore,singapore,Departed,10:35,10:35,2024-10-28 10:35:00,2024-10-28 10:35:00,0.0
2024-10-28,departure,Zurich,Helsinki,finnair,Departed,10:35,10:35,2024-10-28 10:35:00,2024-10-28 10:35:00,0.0
2024-10-28,departure,Zurich,Lisbon,easyjet,Departed,10:40,10:40,2024-10-28 10:40:00,2024-10-28 10:40:00,0.0
2024-10-28,departure,Zurich,Vienna,austrian,Departed,10:40,10:40,2024-10-28 10:40:00,2024-10-28 10:40:00,0.0
2024-10-28,departure,Zurich,Paris CDG,airfrance,Departed,10:45,12:00,2024-10-28 10:45:00,2024-10-28 12:00:00,75.0
2024-10-28,departure,Zurich,Washington,united,Departed,10:45,11:05,2024-10-28 10:45:00,2024-10-28 11:05:00,20.0
2024-10-28,departure,Zurich,Gothenburg,swiss,Departed,07:00,07:00,2024-10-28 07:00:00,2024-10-28 07:00:00,0.0
2024-10-28,departure,Zurich,Warsaw,swiss,Departed,07:00,07:00,2024-10-28 07:00:00,2024-10-28 07:00:00,0.0
2024-10-28,departure,Zurich,Manchester,swiss,Departed,07:00,07:10,2024-10-28 07:00:00,2024-10-28 07:10:00,10.0
2024-10-28,departure,Zurich,Frankfurt,swiss,Cancelled,07:00,07:00,2024-10-28 07:00:00,2024-10-28 07:00:00,0.0
2024-10-28,departure,Zurich,Birmingham,swiss,Departed,07:05,07:10,2024-10-28 07:05:00,2024-10-28 07:10:00,5.0
2024-10-28,departure,Zurich,Copenhagen,swiss,Departed,07:05,07:05,2024-10-28 07:05:00,2024-10-28 07:05:00,0.0
2024-10-28,departure,Zurich,London LHR,swiss,Departed,07:05,07:10,2024-10-28 07:05:00,2024-10-28 07:10:00,5.0
2024-10-28,departure,Zurich,Munich,swiss,Departed,07:10,07:15,2024-10-28 07:10:00,2024-10-28 07:15:00,5.0
2024-10-28,departure,Zurich,Dresden,swiss,Departed,07:10,07:10,2024-10-28 07:10:00,2024-10-28 07:10:00,0.0
2024-10-28,departure,Zurich,Budapest,swiss,Departed,07:10,07:10,2024-10-28 07:10:00,2024-10-28 07:10:00,0.0
2024-10-28,departure,Zurich,Hamburg,swiss,Departed,07:10,07:15,2024-10-28 07:10:00,2024-10-28 07:15:00,5.0
2024-10-28,departure,Zurich,Barcelona,swiss,Departed,07:15,07:15,2024-10-28 07:15:00,2024-10-28 07:15:00,0.0
2024-10-28,departure,Zurich,Berlin,swiss,Departed,07:15,07:15,2024-10-28 07:15:00,2024-10-28 07:15:00,0.0
2024-10-28,departure,Zurich,Amsterdam,swiss,Departed,07:15,07:15,2024-10-28 07:15:00,2024-10-28 07:15:00,0.0
2024-10-28,departure,Zurich,Vienna,swiss,Departed,07:20,07:20,2024-10-28 07:20:00,2024-10-28 07:20:00,0.0
2024-10-28,departure,Zurich,Düsseldorf,swiss,Departed,07:20,07:25,2024-10-28 07:20:00,2024-10-28 07:25:00,5.0
2024-10-28,departure,Zurich,Krakow,swiss,Departed,07:20,07:20,2024-10-28 07:20:00,2024-10-28 07:20:00,0.0
2024-10-28,departure,Zurich,Rome,swiss,Departed,07:20,07:20,2024-10-28 07:20:00,2024-10-28 07:20:00,0.0
2024-10-28,departure,Zurich,Bremen,swiss,Departed,07:25,07:25,2024-10-28 07:25:00,2024-10-28 07:25:00,0.0
2024-10-28,departure,Zurich,Paris CDG,swiss,Departed,07:25,07:40,2024-10-28 07:25:00,2024-10-28 07:40:00,15.0
2024-10-28,departure,Zurich,Prague,swiss,Departed,07:25,07:32,2024-10-28 07:25:00,2024-10-28 07:32:00,7.0
2024-10-28,departure,Zurich,Geneva,swiss,Departed,07:30,07:35,2024-10-28 07:30:00,2024-10-28 07:35:00,5.0
2024-10-28,departure,Zurich,Hanover,swiss,Departed,07:30,07:30,2024-10-28 07:30:00,2024-10-28 07:30:00,0.0
2024-10-28,departure,Zurich,Madrid,iberia,Departed,07:30,07:30,2024-10-28 07:30:00,2024-10-28 07:30:00,0.0
2024-10-28,departure,Zurich,Brussels,swiss,Departed,07:30,07:50,2024-10-28 07:30:00,2024-10-28 07:50:00,20.0
2024-10-28,departure,Zurich,Florence,swiss,Departed,07:35,07:35,2024-10-28 07:35:00,2024-10-28 07:35:00,0.0
2024-10-28,departure,Zurich,Nice,swiss,Departed,07:35,07:35,2024-10-28 07:35:00,2024-10-28 07:35:00,0.0
2024-10-28,departure,Zurich,Venice,swiss,Departed,07:35,07:35,2024-10-28 07:35:00,2024-10-28 07:35:00,0.0
2024-10-28,departure,Zurich,London LCY,swiss,Departed,07:55,07:55,2024-10-28 07:55:00,2024-10-28 07:55:00,0.0
2024-10-28,departure,Zurich,Berlin,easyjet,Departed,08:10,08:10,2024-10-28 08:10:00,2024-10-28 08:10:00,0.0
2024-10-28,departure,Zurich,Larnaca,edelweiss,Departed,08:30,08:34,2024-10-28 08:30:00,2024-10-28 08:34:00,4.0
2024-10-28,departure,Zurich,Cologne Bonn,euro,Departed,08:30,08:20,2024-10-28 08:30:00,2024-10-28 08:20:00,-10.0
2024-10-28,departure,Zurich,Amsterdam,swiss,Departed,08:30,08:30,2024-10-28 08:30:00,2024-10-28 08:30:00,0.0
2024-10-28,departure,Zurich,Antalya,sun,Departed,08:35,09:05,2024-10-28 08:35:00,2024-10-28 09:05:00,30.0
2024-10-28,departure,Zurich,Berlin,swiss,Departed,08:35,08:35,2024-10-28 08:35:00,2024-10-28 08:35:00,0.0
2024-10-28,departure,Zurich,Düsseldorf,euro,Departed,08:40,08:40,2024-10-28 08:40:00,2024-10-28 08:40:00,0.0
2024-10-28,departure,Zurich,Brussels,brussels_airlines_logo,Departed,08:45,09:40,2024-10-28 08:45:00,2024-10-28 09:40:00,55.0
2024-10-28,departure,Zurich,Graz,swiss,Departed,08:45,08:45,2024-10-28 08:45:00,2024-10-28 08:45:00,0.0
2024-10-28,departure,Zurich,Doha,qatar,Departed,08:45,08:40,2024-10-28 08:45:00,2024-10-28 08:40:00,-5.0
2024-10-28,departure,Zurich,Hamburg,swiss,Departed,08:45,08:45,2024-10-28 08:45:00,2024-10-28 08:45:00,0.0
2024-10-28,departure,Zurich,Bologna,swiss,Departed,08:50,08:50,2024-10-28 08:50:00,2024-10-28 08:50:00,0.0
2024-10-28,departure,Zurich,Geneva,swiss,Departed,08:55,09:05,2024-10-28 08:55:00,2024-10-28 09:05:00,10.0
2024-10-28,departure,Zurich,Milan MXP,swiss,Departed,08:55,08:55,2024-10-28 08:55:00,2024-10-28 08:55:00,0.0
2024-10-28,departure,Zurich,Pristina,chair,Departed,05:45,05:45,2024-10-28 05:45:00,2024-10-28 05:45:00,0.0
2024-10-28,departure,Zurich,Hurghada,chair,Departed,06:00,06:25,2024-10-28 06:00:00,2024-10-28 06:25:00,25.0
2024-10-28,departure,Zurich,Bilbao,edelweiss,Departed,06:00,06:00,2024-10-28 06:00:00,2024-10-28 06:00:00,0.0
2024-10-28,departure,Zurich,Lisbon,tap,Departed,06:10,06:10,2024-10-28 06:10:00,2024-10-28 06:10:00,0.0
2024-10-28,departure,Zurich,Paris CDG,airfrance,Departed,06:30,06:30,2024-10-28 06:30:00,2024-10-28 06:30:00,0.0
2024-10-28,departure,Zurich,Palma De Mallorca,swiss,Departed,06:40,06:40,2024-10-28 06:40:00,2024-10-28 06:40:00,0.0
2024-10-28,departure,Zurich,Madrid,swiss,Departed,06:40,06:34,2024-10-28 06:40:00,2024-10-28 06:34:00,-6.0
2024-10-28,departure,Zurich,Brindisi,swiss,Departed,06:45,06:51,2024-10-28 06:45:00,2024-10-28 06:51:00,6.0
2024-10-28,departure,Zurich,Malta,swiss,Departed,06:45,06:40,2024-10-28 06:45:00,2024-10-28 06:40:00,-5.0
2024-10-28,departure,Zurich,Istanbul IST,turkish,Departed,06:45,06:45,2024-10-28 06:45:00,2024-10-28 06:45:00,0.0
2024-10-28,departure,Zurich,Pristina,edelweiss,Departed,06:45,06:45,2024-10-28 06:45:00,2024-10-28 06:45:00,0.0
2024-10-28,departure,Zurich,London LHR,british,Departed,06:50,06:50,2024-10-28 06:50:00,2024-10-28 06:50:00,0.0
2024-10-28,departure,Zurich,London LCY,swiss,Departed,06:50,07:45,2024-10-28 06:50:00,2024-10-28 07:45:00,55.0
2024-10-28,departure,Zurich,Alicante,swiss,Departed,06:55,07:09,2024-10-28 06:55:00,2024-10-28 07:09:00,14.0
2024-10-28,departure,Zurich,Amsterdam,klm,Departed,06:55,06:50,2024-10-28 06:55:00,2024-10-28 06:50:00,-5.0
2024-10-28,departure,Zurich,Belgrade,swiss,Departed,06:55,06:55,2024-10-28 06:55:00,2024-10-28 06:55:00,0.0
2024-10-21,arrival,Zurich,Heraklion,chair,Landed,21:00,21:14,2024-10-21 21:00:00,2024-10-21 21:14:00,14.0
2024-10-21,arrival,Zurich,Geneva,swiss,Landed,21:00,21:08,2024-10-21 21:00:00,2024-10-21 21:08:00,8.0
2024-10-21,arrival,Zurich,Hanover,swiss,Landed,21:00,21:16,2024-10-21 21:00:00,2024-10-21 21:16:00,16.0
2024-10-21,arrival,Zurich,Bordeaux,swiss,Landed,21:05,21:03,2024-10-21 21:05:00,2024-10-21 21:03:00,-2.0
2024-10-21,arrival,Zurich,Copenhagen,swiss,Landed,21:05,21:01,2024-10-21 21:05:00,2024-10-21 21:01:00,-4.0
2024-10-21,arrival,Zurich,Berlin,swiss,Landed,21:15,21:02,2024-10-21 21:15:00,2024-10-21 21:02:00,-13.0
2024-10-21,arrival,Zurich,Düsseldorf,swiss,Landed,21:15,21:21,2024-10-21 21:15:00,2024-10-21 21:21:00,6.0
2024-10-21,arrival,Zurich,Krakow,swiss,Landed,21:15,21:17,2024-10-21 21:15:00,2024-10-21 21:17:00,2.0
2024-10-21,arrival,Zurich,Brussels,swiss,Landed,21:20,21:27,2024-10-21 21:20:00,2024-10-21 21:27:00,7.0
2024-10-21,arrival,Zurich,Barcelona,vueling,Landed,21:20,22:05,2024-10-21 21:20:00,2024-10-21 22:05:00,45.0
2024-10-21,arrival,Zurich,Košice,swiss,Landed,21:20,21:26,2024-10-21 21:20:00,2024-10-21 21:26:00,6.0
2024-10-21,arrival,Zurich,Mykonos,edelweiss,Landed,21:25,21:09,2024-10-21 21:25:00,2024-10-21 21:09:00,-16.0
2024-10-21,arrival,Zurich,London LHR,swiss,Landed,21:25,21:57,2024-10-21 21:25:00,2024-10-21 21:57:00,32.0
2024-10-21,arrival,Zurich,Vienna,swiss,Landed,21:30,22:13,2024-10-21 21:30:00,2024-10-21 22:13:00,43.0
2024-10-21,arrival,Zurich,Paris CDG,swiss,Landed,21:30,21:40,2024-10-21 21:30:00,2024-10-21 21:40:00,10.0
2024-10-21,arrival,Zurich,Amsterdam,swiss,Landed,21:30,21:53,2024-10-21 21:30:00,2024-10-21 21:53:00,23.0
2024-10-21,arrival,Zurich,Bristol,swiss,Landed,21:35,21:44,2024-10-21 21:35:00,2024-10-21 21:44:00,9.0
2024-10-21,arrival,Zurich,Skopje,chair,Landed,21:35,21:54,2024-10-21 21:35:00,2024-10-21 21:54:00,19.0
2024-10-21,arrival,Zurich,London LGW,swiss,Landed,21:35,21:36,2024-10-21 21:35:00,2024-10-21 21:36:00,1.0
2024-10-21,arrival,Zurich,Budapest,swiss,Cancelled,21:35,21:35,2024-10-21 21:35:00,2024-10-21 21:35:00,0.0
2024-10-21,arrival,Zurich,Birmingham,swiss,Landed,21:40,21:40,2024-10-21 21:40:00,2024-10-21 21:40:00,0.0
2024-10-21,arrival,Zurich,Hamburg,swiss,Landed,21:40,21:50,2024-10-21 21:40:00,2024-10-21 21:50:00,10.0
2024-10-21,arrival,Zurich,Rome FCO,swiss,Landed,21:45,22:15,2024-10-21 21:45:00,2024-10-21 22:15:00,30.0
2024-10-21,arrival,Zurich,Belgrade,swiss,Landed,21:45,21:23,2024-10-21 21:45:00,2024-10-21 21:23:00,-22.0
2024-10-21,arrival,Zurich,Copenhagen,swiss,Landed,21:45,23:15,2024-10-21 21:45:00,2024-10-21 23:15:00,90.0
2024-10-21,arrival,Zurich,Manchester,swiss,Landed,21:45,22:09,2024-10-21 21:45:00,2024-10-21 22:09:00,24.0
2024-10-21,arrival,Zurich,Warsaw,swiss,Landed,21:50,22:04,2024-10-21 21:50:00,2024-10-21 22:04:00,14.0
2024-10-21,arrival,Zurich,Barcelona,swiss,Landed,21:50,22:20,2024-10-21 21:50:00,2024-10-21 22:20:00,30.0
2024-10-21,arrival,Zurich,Munich,swiss,Landed,21:55,22:00,2024-10-21 21:55:00,2024-10-21 22:00:00,5.0
2024-10-21,arrival,Zurich,Dublin,swiss,Landed,21:55,21:56,2024-10-21 21:55:00,2024-10-21 21:56:00,1.0
2024-10-21,arrival,Zurich,Frankfurt,swiss,Landed,21:55,21:54,2024-10-21 21:55:00,2024-10-21 21:54:00,-1.0
2024-10-21,arrival,Zurich,Rhodes,edelweiss,Landed,22:00,21:44,2024-10-21 22:00:00,2024-10-21 21:44:00,-16.0
2024-10-21,arrival,Zurich,Berlin,swiss,Landed,22:00,22:18,2024-10-21 22:00:00,2024-10-21 22:18:00,18.0
2024-10-21,arrival,Zurich,Madrid,swiss,Cancelled,22:00,22:00,2024-10-21 22:00:00,2024-10-21 22:00:00,0.0
2024-10-21,arrival,Zurich,Heraklion,edelweiss,Landed,22:00,21:49,2024-10-21 22:00:00,2024-10-21 21:49:00,-11.0
2024-10-21,arrival,Zurich,Bilbao,edelweiss,Landed,22:05,22:03,2024-10-21 22:05:00,2024-10-21 22:03:00,-2.0
2024-10-21,arrival,Zurich,Madrid,iberia,Landed,22:20,22:11,2024-10-21 22:20:00,2024-10-21 22:11:00,-9.0
2024-10-21,arrival,Zurich,Amsterdam,klm,Landed,22:25,22:34,2024-10-21 22:25:00,2024-10-21 22:34:00,9.0
2024-10-21,arrival,Zurich,London LHR,british,Landed,22:25,22:43,2024-10-21 22:25:00,2024-10-21 22:43:00,18.0
2024-10-21,arrival,Zurich,Naples,swiss,Landed,22:25,22:30,2024-10-21 22:25:00,2024-10-21 22:30:00,5.0
2024-10-21,arrival,Zurich,Lisbon,tap,Landed,22:30,22:36,2024-10-21 22:30:00,2024-10-21 22:36:00,6.0
2024-10-21,arrival,Zurich,Paris CDG,airfrance,Landed,22:30,22:24,2024-10-21 22:30:00,2024-10-21 22:24:00,-6.0
2024-10-21,arrival,Zurich,Malta,swiss,Landed,22:40,22:29,2024-10-21 22:40:00,2024-10-21 22:29:00,-11.0
2024-10-21,arrival,Zurich,Split,edelweiss,Landed,22:40,22:18,2024-10-21 22:40:00,2024-10-21 22:18:00,-22.0
2024-10-21,arrival,Zurich,Pristina,chair,Landed,22:45,22:27,2024-10-21 22:45:00,2024-10-21 22:27:00,-18.0
2024-10-21,arrival,Zurich,Santorini,edelweiss,Landed,22:45,22:53,2024-10-21 22:45:00,2024-10-21 22:53:00,8.0
2024-10-21,arrival,Zurich,Bari,edelweiss,Landed,22:45,22:38,2024-10-21 22:45:00,2024-10-21 22:38:00,-7.0
2024-10-21,arrival,Zurich,London LHR,swiss,Landed,22:45,22:57,2024-10-21 22:45:00,2024-10-21 22:57:00,12.0
2024-10-21,arrival,Zurich,Porto,swiss,Landed,22:50,22:49,2024-10-21 22:50:00,2024-10-21 22:49:00,-1.0
2024-10-21,arrival,Zurich,Cagliari,edelweiss,Landed,22:50,22:39,2024-10-21 22:50:00,2024-10-21 22:39:00,-11.0
2024-10-21,arrival,Zurich,Chania,edelweiss,Landed,22:55,22:41,2024-10-21 22:55:00,2024-10-21 22:41:00,-14.0
2024-10-21,arrival,Zurich,Edinburgh,edelweiss,Landed,22:55,22:46,2024-10-21 22:55:00,2024-10-21 22:46:00,-9.0
2024-10-21,arrival,Zurich,Catania,edelweiss,Landed,22:55,22:59,2024-10-21 22:55:00,2024-10-21 22:59:00,4.0
2024-10-21,arrival,Zurich,Skopje,edelweiss,Landed,22:55,22:47,2024-10-21 22:55:00,2024-10-21 22:47:00,-8.0
2024-10-21,arrival,Zurich,Warsaw,lot,Landed,19:05,22:09,2024-10-21 19:05:00,2024-10-21 22:09:00,184.0
2024-10-21,arrival,Zurich,Delhi,air_india_logo,Landed,19:15,19:29,2024-10-21 19:15:00,2024-10-21 19:29:00,14.0
2024-10-21,arrival,Zurich,Pristina,gp-aviation,Landed,19:20,19:18,2024-10-21 19:20:00,2024-10-21 19:18:00,-2.0
2024-10-21,arrival,Zurich,Zagreb,croatia_v2,Landed,19:20,19:28,2024-10-21 19:20:00,2024-10-21 19:28:00,8.0
2024-10-21,arrival,Zurich,Frankfurt,lufthansa_neu,Landed,19:20,20:40,2024-10-21 19:20:00,2024-10-21 20:40:00,80.0
2024-10-21,arrival,Zurich,Muscat,oman,Landed,19:25,19:06,2024-10-21 19:25:00,2024-10-21 19:06:00,-19.0
2024-10-21,arrival,Zurich,Berlin,euro,Landed,19:30,19:32,2024-10-21 19:30:00,2024-10-21 19:32:00,2.0
2024-10-21,arrival,Zurich,Lisbon,swiss,Landed,19:30,19:59,2024-10-21 19:30:00,2024-10-21 19:59:00,29.0
2024-10-21,arrival,Zurich,Bangkok,swiss,Landed,19:35,19:46,2024-10-21 19:35:00,2024-10-21 19:46:00,11.0
2024-10-21,arrival,Zurich,Malaga,swiss,Landed,19:40,19:54,2024-10-21 19:40:00,2024-10-21 19:54:00,14.0
2024-10-21,arrival,Zurich,Geneva,swiss,Landed,19:40,20:34,2024-10-21 19:40:00,2024-10-21 20:34:00,54.0
2024-10-21,arrival,Zurich,Cologne Bonn,euro,Landed,19:40,19:36,2024-10-21 19:40:00,2024-10-21 19:36:00,-4.0
2024-10-21,arrival,Zurich,Copenhagen,sas,Landed,19:45,19:37,2024-10-21 19:45:00,2024-10-21 19:37:00,-8.0
2024-10-21,arrival,Zurich,Tel Aviv,elalisrael,Landed,19:50,20:34,2024-10-21 19:50:00,2024-10-21 20:34:00,44.0
2024-10-21,arrival,Zurich,Hamburg,euro,Landed,19:50,19:59,2024-10-21 19:50:00,2024-10-21 19:59:00,9.0
2024-10-21,arrival,Zurich,Seville,edelweiss,Landed,19:55,20:27,2024-10-21 19:55:00,2024-10-21 20:27:00,32.0
2024-10-21,arrival,Zurich,London LHR,swiss,Landed,19:55,20:10,2024-10-21 19:55:00,2024-10-21 20:10:00,15.0
2024-10-21,arrival,Zurich,Vienna,austrian,Landed,20:00,20:02,2024-10-21 20:00:00,2024-10-21 20:02:00,2.0
2024-10-21,arrival,Zurich,Belgrade,serbia,Landed,20:00,20:21,2024-10-21 20:00:00,2024-10-21 20:21:00,21.0
2024-10-21,arrival,Zurich,Düsseldorf,swiss,Landed,20:05,20:20,2024-10-21 20:05:00,2024-10-21 20:20:00,15.0
2024-10-21,arrival,Zurich,Cape Town,edelweiss,Landed,20:05,19:56,2024-10-21 20:05:00,2024-10-21 19:56:00,-9.0
2024-10-21,arrival,Zurich,Luxembourg,swiss,Landed,20:05,19:56,2024-10-21 20:05:00,2024-10-21 19:56:00,-9.0
2024-10-21,arrival,Zurich,Milan MXP,swiss,Landed,20:05,20:12,2024-10-21 20:05:00,2024-10-21 20:12:00,7.0
2024-10-21,arrival,Zurich,Berlin,swiss,Landed,20:10,20:43,2024-10-21 20:10:00,2024-10-21 20:43:00,33.0
2024-10-21,arrival,Zurich,Palma De Mallorca,swiss,Landed,20:15,20:55,2024-10-21 20:15:00,2024-10-21 20:55:00,40.0
2024-10-21,arrival,Zurich,Stuttgart,swiss,Landed,20:15,20:10,2024-10-21 20:15:00,2024-10-21 20:10:00,-5.0
2024-10-21,arrival,Zurich,Florence,swiss,Landed,20:20,20:43,2024-10-21 20:20:00,2024-10-21 20:43:00,23.0
2024-10-21,arrival,Zurich,Dubai DXB,emirates-neu,Landed,20:20,20:14,2024-10-21 20:20:00,2024-10-21 20:14:00,-6.0
2024-10-21,arrival,Zurich,Nice,swiss,Landed,20:25,21:04,2024-10-21 20:25:00,2024-10-21 21:04:00,39.0
2024-10-21,arrival,Zurich,Barcelona,swiss,Landed,20:25,20:18,2024-10-21 20:25:00,2024-10-21 20:18:00,-7.0
2024-10-21,arrival,Zurich,Brussels,swiss,Landed,20:25,21:00,2024-10-21 20:25:00,2024-10-21 21:00:00,35.0
2024-10-21,arrival,Zurich,Prague,swiss,Cancelled,20:30,20:30,2024-10-21 20:30:00,2024-10-21 20:30:00,0.0
2024-10-21,arrival,Zurich,Venice,swiss,Landed,20:30,20:55,2024-10-21 20:30:00,2024-10-21 20:55:00,25.0
2024-10-21,arrival,Zurich,Ljubljana,swiss,Landed,20:30,20:47,2024-10-21 20:30:00,2024-10-21 20:47:00,17.0
2024-10-21,arrival,Zurich,Hamburg,swiss,Landed,20:30,21:21,2024-10-21 20:30:00,2024-10-21 21:21:00,51.0
2024-10-21,arrival,Zurich,London LCY,swiss,Landed,20:35,20:49,2024-10-21 20:35:00,2024-10-21 20:49:00,14.0
2024-10-21,arrival,Zurich,Porto,easyjet,Landed,20:50,20:57,2024-10-21 20:50:00,2024-10-21 20:57:00,7.0
2024-10-21,arrival,Zurich,London LHR,british,Landed,20:50,20:51,2024-10-21 20:50:00,2024-10-21 20:51:00,1.0
2024-10-21,arrival,Zurich,London LGW,easyjet,Landed,20:50,21:46,2024-10-21 20:50:00,2024-10-21 21:46:00,56.0
2024-10-21,arrival,Zurich,Zakinthos,edelweiss,Landed,17:00,16:49,2024-10-21 17:00:00,2024-10-21 16:49:00,-11.0
2024-10-21,arrival,Zurich,Sofia,swiss,Landed,17:00,17:38,2024-10-21 17:00:00,2024-10-21 17:38:00,38.0
2024-10-21,arrival,Zurich,Hurghada,edelweiss,Landed,17:00,16:42,2024-10-21 17:00:00,2024-10-21 16:42:00,-18.0
2024-10-21,arrival,Zurich,Valencia,swiss,Landed,17:05,18:08,2024-10-21 17:05:00,2024-10-21 18:08:00,63.0
2024-10-21,arrival,Zurich,Berlin,swiss,Landed,17:10,17:55,2024-10-21 17:10:00,2024-10-21 17:55:00,45.0
2024-10-21,arrival,Zurich,Madrid,europa,Landed,17:10,17:05,2024-10-21 17:10:00,2024-10-21 17:05:00,-5.0
2024-10-21,arrival,Zurich,Ponta Delgada,edelweiss,Landed,17:15,17:03,2024-10-21 17:15:00,2024-10-21 17:03:00,-12.0
2024-10-21,arrival,Zurich,Lisbon,tap,Landed,17:15,18:46,2024-10-21 17:15:00,2024-10-21 18:46:00,91.0
2024-10-21,arrival,Zurich,Frankfurt,lufthansa_neu,Landed,17:25,17:16,2024-10-21 17:25:00,2024-10-21 17:16:00,-9.0
2024-10-21,arrival,Zurich,Istanbul IST,turkish,Landed,17:25,17:08,2024-10-21 17:25:00,2024-10-21 17:08:00,-17.0
2024-10-21,arrival,Zurich,Bucharest,swiss,Landed,17:35,17:44,2024-10-21 17:35:00,2024-10-21 17:44:00,9.0
2024-10-21,arrival,Zurich,Antalya,sun,Landed,17:35,17:52,2024-10-21 17:35:00,2024-10-21 17:52:00,17.0
2024-10-21,arrival,Zurich,Ibiza,edelweiss,Landed,17:50,17:57,2024-10-21 17:50:00,2024-10-21 17:57:00,7.0
2024-10-21,arrival,Zurich,Palma De Mallorca,edelweiss,Landed,17:55,18:25,2024-10-21 17:55:00,2024-10-21 18:25:00,30.0
2024-10-21,arrival,Zurich,Vienna,austrian,Landed,18:00,17:57,2024-10-21 18:00:00,2024-10-21 17:57:00,-3.0
2024-10-21,arrival,Zurich,Athens,aegan,Landed,18:05,18:10,2024-10-21 18:05:00,2024-10-21 18:10:00,5.0
2024-10-21,arrival,Zurich,Paris CDG,airfrance,Landed,18:05,18:52,2024-10-21 18:05:00,2024-10-21 18:52:00,47.0
2024-10-21,arrival,Zurich,London LHR,british,Landed,18:05,18:14,2024-10-21 18:05:00,2024-10-21 18:14:00,9.0
2024-10-21,arrival,Zurich,Shanghai,swiss,Landed,18:15,17:49,2024-10-21 18:15:00,2024-10-21 17:49:00,-26.0
2024-10-21,arrival,Zurich,Helsinki,finnair,Landed,18:20,18:29,2024-10-21 18:20:00,2024-10-21 18:29:00,9.0
2024-10-21,arrival,Zurich,Tokyo,swiss,Landed,18:20,18:13,2024-10-21 18:20:00,2024-10-21 18:13:00,-7.0
2024-10-21,arrival,Zurich,Stockholm,swiss,Landed,18:20,19:11,2024-10-21 18:20:00,2024-10-21 19:11:00,51.0
2024-10-21,arrival,Zurich,Riga,baltic,Landed,18:20,18:40,2024-10-21 18:20:00,2024-10-21 18:40:00,20.0
2024-10-21,arrival,Zurich,Düsseldorf,euro,Landed,18:30,18:18,2024-10-21 18:30:00,2024-10-21 18:18:00,-12.0
2024-10-21,arrival,Zurich,Athens,swiss,Landed,18:35,19:32,2024-10-21 18:35:00,2024-10-21 19:32:00,57.0
2024-10-21,arrival,Zurich,Antalya,sun,Landed,18:35,19:41,2024-10-21 18:35:00,2024-10-21 19:41:00,66.0
2024-10-21,arrival,Zurich,London LCY,british,Landed,18:40,19:01,2024-10-21 18:40:00,2024-10-21 19:01:00,21.0
2024-10-21,arrival,Zurich,Amsterdam,klm,Landed,18:40,18:48,2024-10-21 18:40:00,2024-10-21 18:48:00,8.0
2024-10-21,arrival,Zurich,Madrid,iberia,Landed,18:55,18:37,2024-10-21 18:55:00,2024-10-21 18:37:00,-18.0
2024-10-21,arrival,Zurich,Istanbul SAW,pegasus,Landed,15:00,15:01,2024-10-21 15:00:00,2024-10-21 15:01:00,1.0
2024-10-21,arrival,Zurich,Thessaloniki,swiss,Landed,15:05,15:27,2024-10-21 15:05:00,2024-10-21 15:27:00,22.0
2024-10-21,arrival,Zurich,Gran Canaria,edelweiss,Landed,15:25,15:11,2024-10-21 15:25:00,2024-10-21 15:11:00,-14.0
2024-10-21,arrival,Zurich,Berlin,easyjet,Landed,15:30,15:21,2024-10-21 15:30:00,2024-10-21 15:21:00,-9.0
2024-10-21,arrival,Zurich,Ljubljana,swiss,Landed,15:35,15:17,2024-10-21 15:35:00,2024-10-21 15:17:00,-18.0
2024-10-21,arrival,Zurich,London LCY,swiss,Landed,15:40,15:40,2024-10-21 15:40:00,2024-10-21 15:40:00,0.0
2024-10-21,arrival,Zurich,Los Angeles,swiss,Landed,15:40,15:35,2024-10-21 15:40:00,2024-10-21 15:35:00,-5.0
2024-10-21,arrival,Zurich,Stuttgart,swiss,Landed,15:40,15:53,2024-10-21 15:40:00,2024-10-21 15:53:00,13.0
2024-10-21,arrival,Zurich,Luxembourg,swiss,Landed,15:45,15:40,2024-10-21 15:45:00,2024-10-21 15:40:00,-5.0
2024-10-21,arrival,Zurich,Milan MXP,swiss,Landed,15:45,16:16,2024-10-21 15:45:00,2024-10-21 16:16:00,31.0
2024-10-21,arrival,Zurich,Stockholm,swiss,Landed,15:45,15:38,2024-10-21 15:45:00,2024-10-21 15:38:00,-7.0
2024-10-21,arrival,Zurich,Tenerife,edelweiss,Landed,15:45,15:50,2024-10-21 15:45:00,2024-10-21 15:50:00,5.0
2024-10-21,arrival,Zurich,Geneva,swiss,Landed,15:50,16:43,2024-10-21 15:50:00,2024-10-21 16:43:00,53.0
2024-10-21,arrival,Zurich,San Francisco,swiss,Landed,15:50,15:08,2024-10-21 15:50:00,2024-10-21 15:08:00,-42.0
2024-10-21,arrival,Zurich,Vienna,swiss,Landed,15:50,16:49,2024-10-21 15:50:00,2024-10-21 16:49:00,59.0
2024-10-21,arrival,Zurich,Frankfurt,swiss,Landed,15:55,16:29,2024-10-21 15:55:00,2024-10-21 16:29:00,34.0
2024-10-21,arrival,Zurich,Malaga,swiss,Landed,15:55,16:18,2024-10-21 15:55:00,2024-10-21 16:18:00,23.0
2024-10-21,arrival,Zurich,Hanover,swiss,Landed,15:55,16:07,2024-10-21 15:55:00,2024-10-21 16:07:00,12.0
2024-10-21,arrival,Zurich,Marseille,swiss,Landed,16:00,16:49,2024-10-21 16:00:00,2024-10-21 16:49:00,49.0
2024-10-21,arrival,Zurich,Düsseldorf,swiss,Landed,16:00,17:26,2024-10-21 16:00:00,2024-10-21 17:26:00,86.0
2024-10-21,arrival,Zurich,Venice,swiss,Landed,16:05,17:00,2024-10-21 16:05:00,2024-10-21 17:00:00,55.0
2024-10-21,arrival,Zurich,Nice,swiss,Cancelled,16:05,16:05,2024-10-21 16:05:00,2024-10-21 16:05:00,0.0
2024-10-21,arrival,Zurich,Palma De Mallorca,chair,Landed,16:10,16:13,2024-10-21 16:10:00,2024-10-21 16:13:00,3.0
2024-10-21,arrival,Zurich,Florence,swiss,Landed,16:10,17:22,2024-10-21 16:10:00,2024-10-21 17:22:00,72.0
2024-10-21,arrival,Zurich,Dublin,swiss,Landed,16:15,16:08,2024-10-21 16:15:00,2024-10-21 16:08:00,-7.0
2024-10-21,arrival,Zurich,Athens,swiss,Landed,16:15,16:22,2024-10-21 16:15:00,2024-10-21 16:22:00,7.0
2024-10-21,arrival,Zurich,Prague,swiss,Landed,16:15,16:22,2024-10-21 16:15:00,2024-10-21 16:22:00,7.0
2024-10-21,arrival,Zurich,Brussels,swiss,Landed,16:15,16:48,2024-10-21 16:15:00,2024-10-21 16:48:00,33.0
2024-10-21,arrival,Zurich,Munich,lufthansa_neu,Landed,16:20,16:52,2024-10-21 16:20:00,2024-10-21 16:52:00,32.0
2024-10-21,arrival,Zurich,Bologna,swiss,Landed,16:20,16:21,2024-10-21 16:20:00,2024-10-21 16:21:00,1.0
2024-10-21,arrival,Zurich,Berlin,swiss,Landed,16:20,16:35,2024-10-21 16:20:00,2024-10-21 16:35:00,15.0
2024-10-21,arrival,Zurich,Paris CDG,swiss,Landed,16:20,17:12,2024-10-21 16:20:00,2024-10-21 17:12:00,52.0
2024-10-21,arrival,Zurich,Oslo,swiss,Landed,16:25,16:32,2024-10-21 16:25:00,2024-10-21 16:32:00,7.0
2024-10-21,arrival,Zurich,Hamburg,swiss,Landed,16:25,16:31,2024-10-21 16:25:00,2024-10-21 16:31:00,6.0
2024-10-21,arrival,Zurich,Budapest,swiss,Landed,16:25,16:38,2024-10-21 16:25:00,2024-10-21 16:38:00,13.0
2024-10-21,arrival,Zurich,Naples,swiss,Landed,16:30,16:16,2024-10-21 16:30:00,2024-10-21 16:16:00,-14.0
2024-10-21,arrival,Zurich,Porto,swiss,Landed,16:30,16:28,2024-10-21 16:30:00,2024-10-21 16:28:00,-2.0
2024-10-21,arrival,Zurich,London LHR,swiss,Landed,16:30,16:54,2024-10-21 16:30:00,2024-10-21 16:54:00,24.0
2024-10-21,arrival,Zurich,Cluj-Napoca,swiss,Landed,16:35,16:25,2024-10-21 16:35:00,2024-10-21 16:25:00,-10.0
2024-10-21,arrival,Zurich,Amsterdam,swiss,Landed,16:35,16:56,2024-10-21 16:35:00,2024-10-21 16:56:00,21.0
2024-10-21,arrival,Zurich,Palermo,swiss,Landed,16:35,17:04,2024-10-21 16:35:00,2024-10-21 17:04:00,29.0
2024-10-21,arrival,Zurich,Belgrade,swiss,Landed,16:35,17:10,2024-10-21 16:35:00,2024-10-21 17:10:00,35.0
2024-10-21,arrival,Zurich,Sarajevo,swiss,Landed,16:40,16:40,2024-10-21 16:40:00,2024-10-21 16:40:00,0.0
2024-10-21,arrival,Zurich,Barcelona,swiss,Landed,16:40,16:45,2024-10-21 16:40:00,2024-10-21 16:45:00,5.0
2024-10-21,arrival,Zurich,Hurghada,chair,Landed,16:40,16:50,2024-10-21 16:40:00,2024-10-21 16:50:00,10.0
2024-10-21,arrival,Zurich,Brindisi,swiss,Landed,16:45,16:28,2024-10-21 16:45:00,2024-10-21 16:28:00,-17.0
2024-10-21,arrival,Zurich,Rome FCO,swiss,Landed,16:45,18:05,2024-10-21 16:45:00,2024-10-21 18:05:00,80.0
2024-10-21,arrival,Zurich,Amsterdam,klm,Landed,16:45,16:41,2024-10-21 16:45:00,2024-10-21 16:41:00,-4.0
2024-10-21,arrival,Zurich,Seoul,swiss,Landed,16:50,16:35,2024-10-21 16:50:00,2024-10-21 16:35:00,-15.0
2024-10-21,arrival,Zurich,Warsaw,swiss,Landed,16:50,17:20,2024-10-21 16:50:00,2024-10-21 17:20:00,30.0
2024-10-21,arrival,Zurich,Corfu,edelweiss,Landed,16:55,17:07,2024-10-21 16:55:00,2024-10-21 17:07:00,12.0
2024-10-21,arrival,Zurich,Gothenburg,swiss,Landed,16:55,17:12,2024-10-21 16:55:00,2024-10-21 17:12:00,17.0
2024-10-21,arrival,Zurich,Copenhagen,swiss,Landed,16:55,17:59,2024-10-21 16:55:00,2024-10-21 17:59:00,64.0
2024-10-21,arrival,Zurich,Palma De Mallorca,swiss,Landed,16:55,17:02,2024-10-21 16:55:00,2024-10-21 17:02:00,7.0
2024-10-21,arrival,Zurich,Reykjavík,iceland,Landed,13:05,13:20,2024-10-21 13:05:00,2024-10-21 13:20:00,15.0
2024-10-21,arrival,Zurich,Palma De Mallorca,vueling,Landed,13:05,13:27,2024-10-21 13:05:00,2024-10-21 13:27:00,22.0
2024-10-21,arrival,Zurich,Oslo,sas,Landed,13:20,13:34,2024-10-21 13:20:00,2024-10-21 13:34:00,14.0
2024-10-21,arrival,Zurich,Dubai DXB,emirates-neu,Landed,13:20,14:18,2024-10-21 13:20:00,2024-10-21 14:18:00,58.0
2024-10-21,arrival,Zurich,Rhodes,chair,Landed,13:25,13:41,2024-10-21 13:25:00,2024-10-21 13:41:00,16.0
2024-10-21,arrival,Zurich,Paris CDG,airfrance,Landed,13:45,13:48,2024-10-21 13:45:00,2024-10-21 13:48:00,3.0
2024-10-21,arrival,Zurich,Amsterdam,klm,Landed,13:45,13:38,2024-10-21 13:45:00,2024-10-21 13:38:00,-7.0
2024-10-21,arrival,Zurich,Cologne Bonn,euro,Landed,13:50,14:38,2024-10-21 13:50:00,2024-10-21 14:38:00,48.0
2024-10-21,arrival,Zurich,Doha,qatar,Landed,14:00,13:58,2024-10-21 14:00:00,2024-10-21 13:58:00,-2.0
2024-10-21,arrival,Zurich,Frankfurt,lufthansa_neu,Landed,14:00,14:05,2024-10-21 14:00:00,2024-10-21 14:05:00,5.0
2024-10-21,arrival,Zurich,Istanbul IST,turkish,Landed,14:05,14:04,2024-10-21 14:05:00,2024-10-21 14:04:00,-1.0
2024-10-21,arrival,Zurich,Izmir,sun,Landed,14:05,15:10,2024-10-21 14:05:00,2024-10-21 15:10:00,65.0
2024-10-21,arrival,Zurich,Marrakesh,edelweiss,Landed,14:10,14:09,2024-10-21 14:10:00,2024-10-21 14:09:00,-1.0
2024-10-21,arrival,Zurich,Antalya,edelweiss,Landed,14:10,14:11,2024-10-21 14:10:00,2024-10-21 14:11:00,1.0
2024-10-21,arrival,Zurich,Düsseldorf,euro,Landed,14:10,14:26,2024-10-21 14:10:00,2024-10-21 14:26:00,16.0
2024-10-21,arrival,Zurich,Cairo,egypt-air,Landed,14:10,14:49,2024-10-21 14:10:00,2024-10-21 14:49:00,39.0
2024-10-21,arrival,Zurich,London LCY,british,Landed,14:20,14:44,2024-10-21 14:20:00,2024-10-21 14:44:00,24.0
2024-10-21,arrival,Zurich,Vienna,austrian,Landed,14:20,14:35,2024-10-21 14:20:00,2024-10-21 14:35:00,15.0
2024-10-21,arrival,Zurich,Belgrade,serbia,Landed,14:25,14:50,2024-10-21 14:25:00,2024-10-21 14:50:00,25.0
2024-10-21,arrival,Zurich,Valencia,swiss,Landed,14:30,15:25,2024-10-21 14:30:00,2024-10-21 15:25:00,55.0
2024-10-21,arrival,Zurich,Larnaca,edelweiss,Landed,14:30,14:50,2024-10-21 14:30:00,2024-10-21 14:50:00,20.0
2024-10-21,arrival,Zurich,London LHR,swiss,Landed,14:45,15:07,2024-10-21 14:45:00,2024-10-21 15:07:00,22.0
2024-10-21,arrival,Zurich,Riyadh,saudia_logo,Landed,14:45,14:41,2024-10-21 14:45:00,2024-10-21 14:41:00,-4.0
2024-10-21,arrival,Zurich,Palma De Mallorca,swiss,Landed,14:45,14:55,2024-10-21 14:45:00,2024-10-21 14:55:00,10.0
2024-10-21,arrival,Zurich,Hamburg,euro,Landed,14:50,14:54,2024-10-21 14:50:00,2024-10-21 14:54:00,4.0
2024-10-21,arrival,Zurich,Porto,tap,Landed,14:55,14:58,2024-10-21 14:55:00,2024-10-21 14:58:00,3.0
2024-10-21,arrival,Zurich,London LHR,british,Landed,14:55,14:55,2024-10-21 14:55:00,2024-10-21 14:55:00,0.0
2024-10-21,arrival,Zurich,Vienna,swiss,Landed,11:00,11:23,2024-10-21 11:00:00,2024-10-21 11:23:00,23.0
2024-10-21,arrival,Zurich,Hamburg,swiss,Landed,11:00,11:19,2024-10-21 11:00:00,2024-10-21 11:19:00,19.0
2024-10-21,arrival,Zurich,Madrid,iberia,Landed,11:05,11:02,2024-10-21 11:05:00,2024-10-21 11:02:00,-3.0
2024-10-21,arrival,Zurich,Paris CDG,swiss,Landed,11:05,12:04,2024-10-21 11:05:00,2024-10-21 12:04:00,59.0
2024-10-21,arrival,Zurich,Brussels,swiss,Landed,11:05,11:15,2024-10-21 11:05:00,2024-10-21 11:15:00,10.0
2024-10-21,arrival,Zurich,Amsterdam,klm,Landed,11:05,11:13,2024-10-21 11:05:00,2024-10-21 11:13:00,8.0
2024-10-21,arrival,Zurich,Berlin,swiss,Landed,11:10,11:27,2024-10-21 11:10:00,2024-10-21 11:27:00,17.0
2024-10-21,arrival,Zurich,Boston,swiss,Landed,11:10,11:09,2024-10-21 11:10:00,2024-10-21 11:09:00,-1.0
2024-10-21,arrival,Zurich,Hanover,swiss,Landed,11:10,11:30,2024-10-21 11:10:00,2024-10-21 11:30:00,20.0
2024-10-21,arrival,Zurich,Bremen,swiss,Landed,11:15,11:23,2024-10-21 11:15:00,2024-10-21 11:23:00,8.0
2024-10-21,arrival,Zurich,Amsterdam,swiss,Landed,11:15,11:38,2024-10-21 11:15:00,2024-10-21 11:38:00,23.0
2024-10-21,arrival,Zurich,Krakow,swiss,Landed,11:15,11:41,2024-10-21 11:15:00,2024-10-21 11:41:00,26.0
2024-10-21,arrival,Zurich,Naples,swiss,Landed,11:20,12:10,2024-10-21 11:20:00,2024-10-21 12:10:00,50.0
2024-10-21,arrival,Zurich,Rome FCO,swiss,Landed,11:20,11:33,2024-10-21 11:20:00,2024-10-21 11:33:00,13.0
2024-10-21,arrival,Zurich,Tel Aviv,elalisrael,Landed,11:20,11:31,2024-10-21 11:20:00,2024-10-21 11:31:00,11.0
2024-10-21,arrival,Zurich,Budapest,swiss,Landed,11:20,11:58,2024-10-21 11:20:00,2024-10-21 11:58:00,38.0
2024-10-21,arrival,Zurich,Barcelona,swiss,Landed,11:25,12:29,2024-10-21 11:25:00,2024-10-21 12:29:00,64.0
2024-10-21,arrival,Zurich,Vancouver,edelweiss,Landed,11:25,11:26,2024-10-21 11:25:00,2024-10-21 11:26:00,1.0
2024-10-21,arrival,Zurich,Copenhagen,swiss,Landed,11:30,11:53,2024-10-21 11:30:00,2024-10-21 11:53:00,23.0
2024-10-21,arrival,Zurich,Belgrade,swiss,Landed,11:30,12:09,2024-10-21 11:30:00,2024-10-21 12:09:00,39.0
2024-10-21,arrival,Zurich,London LHR,swiss,Cancelled,11:35,11:35,2024-10-21 11:35:00,2024-10-21 11:35:00,0.0
2024-10-21,arrival,Zurich,Milan MXP,swiss,Landed,11:35,11:56,2024-10-21 11:35:00,2024-10-21 11:56:00,21.0
2024-10-21,arrival,Zurich,Warsaw,swiss,Landed,11:35,12:48,2024-10-21 11:35:00,2024-10-21 12:48:00,73.0
2024-10-21,arrival,Zurich,Newark,swiss,Landed,11:35,11:47,2024-10-21 11:35:00,2024-10-21 11:47:00,12.0
2024-10-21,arrival,Zurich,Wroclaw,swiss,Landed,11:40,12:49,2024-10-21 11:40:00,2024-10-21 12:49:00,69.0
2024-10-21,arrival,Zurich,Brindisi,swiss,Landed,11:40,12:02,2024-10-21 11:40:00,2024-10-21 12:02:00,22.0
2024-10-21,arrival,Zurich,Palma De Mallorca,swiss,Landed,11:45,12:20,2024-10-21 11:45:00,2024-10-21 12:20:00,35.0
2024-10-21,arrival,Zurich,Geneva,swiss,Landed,11:45,12:54,2024-10-21 11:45:00,2024-10-21 12:54:00,69.0
2024-10-21,arrival,Zurich,Palermo,swiss,Landed,11:45,12:24,2024-10-21 11:45:00,2024-10-21 12:24:00,39.0
2024-10-21,arrival,Zurich,Luxembourg,swiss,Landed,11:45,11:49,2024-10-21 11:45:00,2024-10-21 11:49:00,4.0
2024-10-21,arrival,Zurich,Manchester,swiss,Landed,11:50,13:14,2024-10-21 11:50:00,2024-10-21 13:14:00,84.0
2024-10-21,arrival,Zurich,Florence,swiss,Landed,11:50,12:31,2024-10-21 11:50:00,2024-10-21 12:31:00,41.0
2024-10-21,arrival,Zurich,Stuttgart,swiss,Landed,11:50,11:56,2024-10-21 11:50:00,2024-10-21 11:56:00,6.0
2024-10-21,arrival,Zurich,Graz,swiss,Landed,11:50,13:00,2024-10-21 11:50:00,2024-10-21 13:00:00,70.0
2024-10-21,arrival,Zurich,London LCY,swiss,Landed,11:55,13:19,2024-10-21 11:55:00,2024-10-21 13:19:00,84.0
2024-10-21,arrival,Zurich,Birmingham,swiss,Landed,11:55,12:17,2024-10-21 11:55:00,2024-10-21 12:17:00,22.0
2024-10-21,arrival,Zurich,Venice,swiss,Landed,12:00,12:46,2024-10-21 12:00:00,2024-10-21 12:46:00,46.0
2024-10-21,arrival,Zurich,Bologna,swiss,Landed,12:00,12:53,2024-10-21 12:00:00,2024-10-21 12:53:00,53.0
2024-10-21,arrival,Zurich,Pristina,edelweiss,Landed,12:00,11:46,2024-10-21 12:00:00,2024-10-21 11:46:00,-14.0
2024-10-21,arrival,Zurich,Geneva,swiss,Landed,12:05,12:43,2024-10-21 12:05:00,2024-10-21 12:43:00,38.0
2024-10-21,arrival,Zurich,Dresden,swiss,Landed,12:05,12:50,2024-10-21 12:05:00,2024-10-21 12:50:00,45.0
2024-10-21,arrival,Zurich,Hamburg,swiss,Landed,12:10,12:40,2024-10-21 12:10:00,2024-10-21 12:40:00,30.0
2024-10-21,arrival,Zurich,Faro,edelweiss,Landed,12:10,12:41,2024-10-21 12:10:00,2024-10-21 12:41:00,31.0
2024-10-21,arrival,Zurich,London LHR,british,Landed,12:10,12:20,2024-10-21 12:10:00,2024-10-21 12:20:00,10.0
2024-10-21,arrival,Zurich,Vienna,austrian,Landed,12:15,12:29,2024-10-21 12:15:00,2024-10-21 12:29:00,14.0
2024-10-21,arrival,Zurich,Berlin,swiss,Landed,12:20,12:55,2024-10-21 12:20:00,2024-10-21 12:55:00,35.0
2024-10-21,arrival,Zurich,Alicante,swiss,Landed,12:20,12:43,2024-10-21 12:20:00,2024-10-21 12:43:00,23.0
2024-10-21,arrival,Zurich,Lisbon,tap,Landed,12:25,14:44,2024-10-21 12:25:00,2024-10-21 14:44:00,139.0
2024-10-21,arrival,Zurich,Madrid,swiss,Landed,12:25,12:59,2024-10-21 12:25:00,2024-10-21 12:59:00,34.0
2024-10-21,arrival,Zurich,Munich,lufthansa_neu,Landed,12:40,13:07,2024-10-21 12:40:00,2024-10-21 13:07:00,27.0
2024-10-21,arrival,Zurich,Heraklion,edelweiss,Landed,12:40,13:03,2024-10-21 12:40:00,2024-10-21 13:03:00,23.0
2024-10-21,arrival,Zurich,Kos,edelweiss,Landed,12:45,13:05,2024-10-21 12:45:00,2024-10-21 13:05:00,20.0
2024-10-21,arrival,Zurich,Malaga,swiss,Landed,09:10,09:18,2024-10-21 09:10:00,2024-10-21 09:18:00,8.0
2024-10-21,arrival,Zurich,Berlin,euro,Landed,09:15,09:07,2024-10-21 09:15:00,2024-10-21 09:07:00,-8.0
2024-10-21,arrival,Zurich,Istanbul IST,turkish,Landed,09:25,09:08,2024-10-21 09:25:00,2024-10-21 09:08:00,-17.0
2024-10-21,arrival,Zurich,London LTN,easyjet,Landed,09:30,09:12,2024-10-21 09:30:00,2024-10-21 09:12:00,-18.0
2024-10-21,arrival,Zurich,London LCY,british,Landed,09:30,09:27,2024-10-21 09:30:00,2024-10-21 09:27:00,-3.0
2024-10-21,arrival,Zurich,London LHR,british,Landed,09:40,09:42,2024-10-21 09:40:00,2024-10-21 09:42:00,2.0
2024-10-21,arrival,Zurich,Copenhagen,sas,Landed,09:40,09:36,2024-10-21 09:40:00,2024-10-21 09:36:00,-4.0
2024-10-21,arrival,Zurich,Warsaw,lot,Landed,09:40,09:38,2024-10-21 09:40:00,2024-10-21 09:38:00,-2.0
2024-10-21,arrival,Zurich,Vienna,austrian,Landed,09:45,09:47,2024-10-21 09:45:00,2024-10-21 09:47:00,2.0
2024-10-21,arrival,Zurich,Helsinki,finnair,Landed,09:45,09:40,2024-10-21 09:45:00,2024-10-21 09:40:00,-5.0
2024-10-21,arrival,Zurich,Frankfurt,swiss,Landed,09:45,10:05,2024-10-21 09:45:00,2024-10-21 10:05:00,20.0
2024-10-21,arrival,Zurich,London LGW,easyjet,Landed,09:50,09:54,2024-10-21 09:50:00,2024-10-21 09:54:00,4.0
2024-10-21,arrival,Zurich,Antalya,pegasus,Landed,09:55,09:54,2024-10-21 09:55:00,2024-10-21 09:54:00,-1.0
2024-10-21,arrival,Zurich,Lisbon,swiss,Landed,09:55,09:28,2024-10-21 09:55:00,2024-10-21 09:28:00,-27.0
2024-10-21,arrival,Zurich,Munich,swiss,Landed,10:00,10:23,2024-10-21 10:00:00,2024-10-21 10:23:00,23.0
2024-10-21,arrival,Zurich,Madrid,europa,Landed,10:10,09:57,2024-10-21 10:10:00,2024-10-21 09:57:00,-13.0
2024-10-21,arrival,Zurich,Istanbul SAW,ajet_logo,Landed,10:15,10:32,2024-10-21 10:15:00,2024-10-21 10:32:00,17.0
2024-10-21,arrival,Zurich,Palma De Mallorca,euro,Landed,10:15,10:17,2024-10-21 10:15:00,2024-10-21 10:17:00,2.0
2024-10-21,arrival,Zurich,Olbia,edelweiss,Landed,10:15,10:06,2024-10-21 10:15:00,2024-10-21 10:06:00,-9.0
2024-10-21,arrival,Zurich,San Francisco,united,Landed,10:20,09:46,2024-10-21 10:20:00,2024-10-21 09:46:00,-34.0
2024-10-21,arrival,Zurich,Athens,aegan,Landed,10:20,10:19,2024-10-21 10:20:00,2024-10-21 10:19:00,-1.0
2024-10-21,arrival,Zurich,Toronto,canada,Landed,10:20,10:10,2024-10-21 10:20:00,2024-10-21 10:10:00,-10.0
2024-10-21,arrival,Zurich,New York,swiss,Landed,10:25,10:01,2024-10-21 10:25:00,2024-10-21 10:01:00,-24.0
2024-10-21,arrival,Zurich,Paris CDG,airfrance,Landed,10:25,10:30,2024-10-21 10:25:00,2024-10-21 10:30:00,5.0
2024-10-21,arrival,Zurich,Lisbon,easyjet,Landed,10:25,10:28,2024-10-21 10:25:00,2024-10-21 10:28:00,3.0
2024-10-21,arrival,Zurich,Frankfurt,lufthansa_neu,Landed,10:25,10:58,2024-10-21 10:25:00,2024-10-21 10:58:00,33.0
2024-10-21,arrival,Zurich,Istanbul SAW,pegasus,Landed,10:35,10:24,2024-10-21 10:35:00,2024-10-21 10:24:00,-11.0
2024-10-21,arrival,Zurich,New York,delta,Landed,10:35,10:33,2024-10-21 10:35:00,2024-10-21 10:33:00,-2.0
2024-10-21,arrival,Zurich,Las Vegas,edelweiss,Landed,10:40,10:54,2024-10-21 10:40:00,2024-10-21 10:54:00,14.0
2024-10-21,arrival,Zurich,Sao Paulo,swiss,Landed,10:40,10:41,2024-10-21 10:40:00,2024-10-21 10:41:00,1.0
2024-10-21,arrival,Zurich,London LCY,swiss,Landed,10:40,12:08,2024-10-21 10:40:00,2024-10-21 12:08:00,88.0
2024-10-21,arrival,Zurich,Pristina,chair,Landed,10:45,10:41,2024-10-21 10:45:00,2024-10-21 10:41:00,-4.0
2024-10-21,arrival,Zurich,Zagreb,croatia_v2,Landed,10:45,10:51,2024-10-21 10:45:00,2024-10-21 10:51:00,6.0
2024-10-21,arrival,Zurich,Lamezia Terme,edelweiss,Landed,10:45,10:58,2024-10-21 10:45:00,2024-10-21 10:58:00,13.0
2024-10-21,arrival,Zurich,Washington,swiss,Landed,10:50,10:49,2024-10-21 10:50:00,2024-10-21 10:49:00,-1.0
2024-10-21,arrival,Zurich,Miami,swiss,Landed,10:50,11:03,2024-10-21 10:50:00,2024-10-21 11:03:00,13.0
2024-10-21,arrival,Zurich,Chicago,swiss,Landed,10:50,10:47,2024-10-21 10:50:00,2024-10-21 10:47:00,-3.0
2024-10-21,arrival,Zurich,Prague,swiss,Landed,10:55,11:45,2024-10-21 10:55:00,2024-10-21 11:45:00,50.0
2024-10-21,arrival,Zurich,Düsseldorf,swiss,Landed,10:55,11:05,2024-10-21 10:55:00,2024-10-21 11:05:00,10.0
2024-10-21,arrival,Zurich,Nice,swiss,Landed,10:55,11:51,2024-10-21 10:55:00,2024-10-21 11:51:00,56.0
2024-10-21,arrival,Zurich,Geneva,swiss,Landed,10:55,11:35,2024-10-21 10:55:00,2024-10-21 11:35:00,40.0
2024-10-21,arrival,Zurich,Hong Kong,cathay,Landed,07:20,07:15,2024-10-21 07:20:00,2024-10-21 07:15:00,-5.0
2024-10-21,arrival,Zurich,Florence,swiss,Landed,07:25,07:20,2024-10-21 07:25:00,2024-10-21 07:20:00,-5.0
2024-10-21,arrival,Zurich,Abu Dhabi,etihad,Landed,07:25,07:52,2024-10-21 07:25:00,2024-10-21 07:52:00,27.0
2024-10-21,arrival,Zurich,Cologne Bonn,euro,Landed,07:30,07:25,2024-10-21 07:30:00,2024-10-21 07:25:00,-5.0
2024-10-21,arrival,Zurich,Berlin,easyjet,Landed,07:30,07:17,2024-10-21 07:30:00,2024-10-21 07:17:00,-13.0
2024-10-21,arrival,Zurich,Frankfurt,lufthansa_neu,Landed,07:35,07:31,2024-10-21 07:35:00,2024-10-21 07:31:00,-4.0
2024-10-21,arrival,Zurich,Barcelona,swiss,Landed,07:40,07:47,2024-10-21 07:40:00,2024-10-21 07:47:00,7.0
2024-10-21,arrival,Zurich,Vilnius,swiss,Landed,07:40,07:43,2024-10-21 07:40:00,2024-10-21 07:43:00,3.0
2024-10-21,arrival,Zurich,Chicago,united,Landed,07:45,07:21,2024-10-21 07:45:00,2024-10-21 07:21:00,-24.0
2024-10-21,arrival,Zurich,Prague,swiss,Landed,07:45,07:26,2024-10-21 07:45:00,2024-10-21 07:26:00,-19.0
2024-10-21,arrival,Zurich,Bangkok,thai,Landed,07:50,08:06,2024-10-21 07:50:00,2024-10-21 08:06:00,16.0
2024-10-21,arrival,Zurich,Bucharest,swiss,Landed,07:50,07:47,2024-10-21 07:50:00,2024-10-21 07:47:00,-3.0
2024-10-21,arrival,Zurich,Rome FCO,swiss,Landed,07:55,07:56,2024-10-21 07:55:00,2024-10-21 07:56:00,1.0
2024-10-21,arrival,Zurich,Doha,qatar,Landed,07:55,08:11,2024-10-21 07:55:00,2024-10-21 08:11:00,16.0
2024-10-21,arrival,Zurich,Tallinn,swiss,Landed,07:55,08:01,2024-10-21 07:55:00,2024-10-21 08:01:00,6.0
2024-10-21,arrival,Zurich,Addis Ababavia Milan,ethiopianairlineslogosvg,Landed,08:00,08:20,2024-10-21 08:00:00,2024-10-21 08:20:00,20.0
2024-10-21,arrival,Zurich,Paris CDG,swiss,Landed,08:00,08:03,2024-10-21 08:00:00,2024-10-21 08:03:00,3.0
2024-10-21,arrival,Zurich,Düsseldorf,euro,Landed,08:00,08:16,2024-10-21 08:00:00,2024-10-21 08:16:00,16.0
2024-10-21,arrival,Zurich,Washington,united,Landed,08:05,08:08,2024-10-21 08:05:00,2024-10-21 08:08:00,3.0
2024-10-21,arrival,Zurich,Venice,swiss,Landed,08:05,08:22,2024-10-21 08:05:00,2024-10-21 08:22:00,17.0
2024-10-21,arrival,Zurich,Naples,easyjet,Landed,08:05,07:43,2024-10-21 08:05:00,2024-10-21 07:43:00,-22.0
2024-10-21,arrival,Zurich,Vienna,austrian,Landed,08:10,08:03,2024-10-21 08:10:00,2024-10-21 08:03:00,-7.0
2024-10-21,arrival,Zurich,Brussels,brussels_airlines_logo,Landed,08:10,08:09,2024-10-21 08:10:00,2024-10-21 08:09:00,-1.0
2024-10-21,arrival,Zurich,Valencia,swiss,Landed,08:10,08:40,2024-10-21 08:10:00,2024-10-21 08:40:00,30.0
2024-10-21,arrival,Zurich,Singapore,singapore,Landed,08:15,09:32,2024-10-21 08:15:00,2024-10-21 09:32:00,77.0
2024-10-21,arrival,Zurich,Geneva,swiss,Landed,08:15,08:23,2024-10-21 08:15:00,2024-10-21 08:23:00,8.0
2024-10-21,arrival,Zurich,Newark,united,Landed,08:15,07:57,2024-10-21 08:15:00,2024-10-21 07:57:00,-18.0
2024-10-21,arrival,Zurich,Hamburg,euro,Landed,08:25,08:46,2024-10-21 08:25:00,2024-10-21 08:46:00,21.0
2024-10-21,arrival,Zurich,Amsterdam,swiss,Landed,08:25,08:35,2024-10-21 08:25:00,2024-10-21 08:35:00,10.0
2024-10-21,arrival,Zurich,Malta,km_malta_airlines,Landed,08:25,08:30,2024-10-21 08:25:00,2024-10-21 08:30:00,5.0
2024-10-21,arrival,Zurich,Thessaloniki,aegan,Landed,08:30,08:16,2024-10-21 08:30:00,2024-10-21 08:16:00,-14.0
2024-10-21,arrival,Zurich,Berlin,swiss,Landed,08:35,08:44,2024-10-21 08:35:00,2024-10-21 08:44:00,9.0
2024-10-21,arrival,Zurich,Amsterdam,klm,Landed,08:35,08:27,2024-10-21 08:35:00,2024-10-21 08:27:00,-8.0
2024-10-21,arrival,Zurich,Munich,lufthansa_neu,Landed,08:40,08:49,2024-10-21 08:40:00,2024-10-21 08:49:00,9.0
2024-10-21,arrival,Zurich,London LHR,swiss,Landed,08:40,08:59,2024-10-21 08:40:00,2024-10-21 08:59:00,19.0
2024-10-21,arrival,Zurich,Stockholm,swiss,Landed,08:45,09:00,2024-10-21 08:45:00,2024-10-21 09:00:00,15.0
2024-10-21,arrival,Zurich,Athens,swiss,Landed,08:45,09:25,2024-10-21 08:45:00,2024-10-21 09:25:00,40.0
2024-10-21,arrival,Zurich,Belgrade,serbia,Landed,08:45,08:51,2024-10-21 08:45:00,2024-10-21 08:51:00,6.0
2024-10-21,arrival,Zurich,Oslo,swiss,Landed,08:50,09:01,2024-10-21 08:50:00,2024-10-21 09:01:00,11.0
2024-10-21,arrival,Zurich,Antalya,sun,Landed,08:50,08:53,2024-10-21 08:50:00,2024-10-21 08:53:00,3.0
2024-10-21,arrival,Zurich,Barcelona,vueling,Landed,08:55,08:47,2024-10-21 08:55:00,2024-10-21 08:47:00,-8.0
2024-10-21,arrival,Zurich,Philadelphia,american,Landed,08:55,08:37,2024-10-21 08:55:00,2024-10-21 08:37:00,-18.0
2024-10-21,arrival,Zurich,Dubai DXB,swiss,Landed,06:10,06:22,2024-10-21 06:10:00,2024-10-21 06:22:00,12.0
2024-10-21,arrival,Zurich,New York,swiss,Landed,06:10,06:07,2024-10-21 06:10:00,2024-10-21 06:07:00,-3.0
2024-10-21,arrival,Zurich,Montreal,swiss,Landed,06:10,06:12,2024-10-21 06:10:00,2024-10-21 06:12:00,2.0
2024-10-21,arrival,Zurich,Mumbai,swiss,Landed,06:15,06:52,2024-10-21 06:15:00,2024-10-21 06:52:00,37.0
2024-10-21,arrival,Zurich,Hong Kong,swiss,Landed,06:15,06:24,2024-10-21 06:15:00,2024-10-21 06:24:00,9.0
2024-10-21,arrival,Zurich,Johannesburg,swiss,Landed,06:15,06:10,2024-10-21 06:15:00,2024-10-21 06:10:00,-5.0
2024-10-21,arrival,Zurich,Singapore,swiss,Landed,06:15,06:45,2024-10-21 06:15:00,2024-10-21 06:45:00,30.0
2024-10-21,arrival,Zurich,Delhi,swiss,Landed,06:20,07:09,2024-10-21 06:20:00,2024-10-21 07:09:00,49.0
2024-10-21,arrival,Zurich,Boston,swiss,Landed,06:20,06:50,2024-10-21 06:20:00,2024-10-21 06:50:00,30.0
2024-10-21,arrival,Zurich,Toronto,swiss,Landed,06:25,06:14,2024-10-21 06:25:00,2024-10-21 06:14:00,-11.0
2024-10-21,arrival,Zurich,Heraklion,edelweiss,Landed,06:30,06:27,2024-10-21 06:30:00,2024-10-21 06:27:00,-3.0
2024-10-21,arrival,Zurich,Cairo,swiss,Landed,06:30,06:21,2024-10-21 06:30:00,2024-10-21 06:21:00,-9.0
2024-10-21,arrival,Zurich,Larnaca,edelweiss,Landed,06:35,06:48,2024-10-21 06:35:00,2024-10-21 06:48:00,13.0
2024-10-21,arrival,Zurich,Mauritiusvia Mahe,edelweiss,Landed,06:35,06:17,2024-10-21 06:35:00,2024-10-21 06:17:00,-18.0
2024-10-21,arrival,Zurich,Geneva,swiss,Cancelled,06:45,06:45,2024-10-21 06:45:00,2024-10-21 06:45:00,0.0
2024-10-21,arrival,Zurich,Milan MXP,swiss,Landed,06:55,07:08,2024-10-21 06:55:00,2024-10-21 07:08:00,13.0
2024-10-21,departure,Zurich,Geneva,swiss,Departed,21:00,21:17,2024-10-21 21:00:00,2024-10-21 21:17:00,17.0
2024-10-21,departure,Zurich,Oslo,swiss,Departed,21:10,21:25,2024-10-21 21:10:00,2024-10-21 21:25:00,15.0
2024-10-21,departure,Zurich,Athens,swiss,Departed,21:10,21:25,2024-10-21 21:10:00,2024-10-21 21:25:00,15.0
2024-10-21,departure,Zurich,Cairo,swiss,Departed,21:15,21:20,2024-10-21 21:15:00,2024-10-21 21:20:00,5.0
2024-10-21,departure,Zurich,Lisbon,swiss,Departed,21:15,21:40,2024-10-21 21:15:00,2024-10-21 21:40:00,25.0
2024-10-21,departure,Zurich,Florence,swiss,Departed,21:20,21:35,2024-10-21 21:20:00,2024-10-21 21:35:00,15.0
2024-10-21,departure,Zurich,Stockholm,swiss,Departed,21:20,21:50,2024-10-21 21:20:00,2024-10-21 21:50:00,30.0
2024-10-21,departure,Zurich,Malaga,swiss,Departed,21:25,21:50,2024-10-21 21:25:00,2024-10-21 21:50:00,25.0
2024-10-21,departure,Zurich,Porto,easyjet,Departed,21:25,21:30,2024-10-21 21:25:00,2024-10-21 21:30:00,5.0
2024-10-21,departure,Zurich,Tel Aviv,elalisrael,Departed,21:25,21:45,2024-10-21 21:25:00,2024-10-21 21:45:00,20.0
2024-10-21,departure,Zurich,Barcelona,swiss,Departed,21:25,22:05,2024-10-21 21:25:00,2024-10-21 22:05:00,40.0
2024-10-21,departure,Zurich,Berlin,swiss,Departed,21:30,21:50,2024-10-21 21:30:00,2024-10-21 21:50:00,20.0
2024-10-21,departure,Zurich,Addis Ababavia Milan,ethiopianairlineslogosvg,Departed,21:30,21:30,2024-10-21 21:30:00,2024-10-21 21:30:00,0.0
2024-10-21,departure,Zurich,Rome FCO,swiss,Departed,21:30,21:35,2024-10-21 21:30:00,2024-10-21 21:35:00,5.0
2024-10-21,departure,Zurich,London LGW,easyjet,Departed,21:30,22:35,2024-10-21 21:30:00,2024-10-21 22:35:00,65.0
2024-10-21,departure,Zurich,Bucharest,swiss,Departed,21:35,21:55,2024-10-21 21:35:00,2024-10-21 21:55:00,20.0
2024-10-21,departure,Zurich,Muscat,oman,Departed,21:35,21:20,2024-10-21 21:35:00,2024-10-21 21:20:00,-15.0
2024-10-21,departure,Zurich,Tallinn,swiss,Departed,21:40,21:40,2024-10-21 21:40:00,2024-10-21 21:40:00,0.0
2024-10-21,departure,Zurich,Paris CDG,swiss,Departed,21:40,21:40,2024-10-21 21:40:00,2024-10-21 21:40:00,0.0
2024-10-21,departure,Zurich,Venice,swiss,Departed,21:40,21:40,2024-10-21 21:40:00,2024-10-21 21:40:00,0.0
2024-10-21,departure,Zurich,London LHR,british,Departed,21:40,21:30,2024-10-21 21:40:00,2024-10-21 21:30:00,-10.0
2024-10-21,departure,Zurich,Vilnius,swiss,Departed,21:45,21:45,2024-10-21 21:45:00,2024-10-21 21:45:00,0.0
2024-10-21,departure,Zurich,Valencia,swiss,Departed,21:55,22:05,2024-10-21 21:55:00,2024-10-21 22:05:00,10.0
2024-10-21,departure,Zurich,Prague,swiss,Departed,22:00,22:00,2024-10-21 22:00:00,2024-10-21 22:00:00,0.0
2024-10-21,departure,Zurich,Barcelona,vueling,Departed,22:05,22:50,2024-10-21 22:05:00,2024-10-21 22:50:00,45.0
2024-10-21,departure,Zurich,Dubai DXB,emirates-neu,Departed,22:15,22:15,2024-10-21 22:15:00,2024-10-21 22:15:00,0.0
2024-10-21,departure,Zurich,Larnaca,edelweiss,Departed,22:20,22:30,2024-10-21 22:20:00,2024-10-21 22:30:00,10.0
2024-10-21,departure,Zurich,Muscat,edelweiss,Departed,22:30,22:30,2024-10-21 22:30:00,2024-10-21 22:30:00,0.0
2024-10-21,departure,Zurich,Sao Paulo,swiss,Departed,22:40,22:55,2024-10-21 22:40:00,2024-10-21 22:55:00,15.0
2024-10-21,departure,Zurich,Hong Kong,swiss,Departed,22:40,22:40,2024-10-21 22:40:00,2024-10-21 22:40:00,0.0
2024-10-21,departure,Zurich,Johannesburg,swiss,Departed,22:40,22:40,2024-10-21 22:40:00,2024-10-21 22:40:00,0.0
2024-10-21,departure,Zurich,Milan MXP,swiss,Departed,22:40,22:40,2024-10-21 22:40:00,2024-10-21 22:40:00,0.0
2024-10-21,departure,Zurich,Singapore,swiss,Departed,22:40,22:55,2024-10-21 22:40:00,2024-10-21 22:55:00,15.0
2024-10-21,departure,Zurich,Geneva,swiss,Cancelled,22:45,22:45,2024-10-21 22:45:00,2024-10-21 22:45:00,0.0
2024-10-21,departure,Zurich,Athens,aegan,Departed,19:00,19:05,2024-10-21 19:00:00,2024-10-21 19:05:00,5.0
2024-10-21,departure,Zurich,Riga,baltic,Departed,19:00,19:15,2024-10-21 19:00:00,2024-10-21 19:15:00,15.0
2024-10-21,departure,Zurich,Helsinki,finnair,Departed,19:05,19:15,2024-10-21 19:05:00,2024-10-21 19:15:00,10.0
2024-10-21,departure,Zurich,Frankfurt,swiss,Departed,19:10,19:10,2024-10-21 19:10:00,2024-10-21 19:10:00,0.0
2024-10-21,departure,Zurich,Düsseldorf,euro,Departed,19:10,19:10,2024-10-21 19:10:00,2024-10-21 19:10:00,0.0
2024-10-21,departure,Zurich,London LCY,british,Departed,19:15,19:35,2024-10-21 19:15:00,2024-10-21 19:35:00,20.0
2024-10-21,departure,Zurich,Amsterdam,klm,Departed,19:25,19:25,2024-10-21 19:25:00,2024-10-21 19:25:00,0.0
2024-10-21,departure,Zurich,Munich,swiss,Departed,19:25,19:25,2024-10-21 19:25:00,2024-10-21 19:25:00,0.0
2024-10-21,departure,Zurich,Antalya,sun,Departed,19:30,20:35,2024-10-21 19:30:00,2024-10-21 20:35:00,65.0
2024-10-21,departure,Zurich,Madrid,iberia,Departed,19:40,19:35,2024-10-21 19:40:00,2024-10-21 19:35:00,-5.0
2024-10-21,departure,Zurich,Warsaw,lot,Departed,19:55,22:45,2024-10-21 19:55:00,2024-10-21 22:45:00,170.0
2024-10-21,departure,Zurich,Frankfurt,lufthansa_neu,Departed,20:00,21:15,2024-10-21 20:00:00,2024-10-21 21:15:00,75.0
2024-10-21,departure,Zurich,Zagreb,croatia_v2,Departed,20:05,20:00,2024-10-21 20:05:00,2024-10-21 20:00:00,-5.0
2024-10-21,departure,Zurich,Berlin,euro,Departed,20:15,20:05,2024-10-21 20:15:00,2024-10-21 20:05:00,-10.0
2024-10-21,departure,Zurich,Cologne Bonn,euro,Departed,20:20,20:20,2024-10-21 20:20:00,2024-10-21 20:20:00,0.0
2024-10-21,departure,Zurich,Pristina,gp-aviation,Departed,20:20,20:15,2024-10-21 20:20:00,2024-10-21 20:15:00,-5.0
2024-10-21,departure,Zurich,Copenhagen,sas,Departed,20:25,20:23,2024-10-21 20:25:00,2024-10-21 20:23:00,-2.0
2024-10-21,departure,Zurich,Amsterdam,swiss,Departed,20:40,21:05,2024-10-21 20:40:00,2024-10-21 21:05:00,25.0
2024-10-21,departure,Zurich,Belgrade,serbia,Departed,20:45,21:05,2024-10-21 20:45:00,2024-10-21 21:05:00,20.0
2024-10-21,departure,Zurich,Hamburg,euro,Departed,20:45,20:50,2024-10-21 20:45:00,2024-10-21 20:50:00,5.0
2024-10-21,departure,Zurich,Delhi,air_india_logo,Departed,20:50,21:00,2024-10-21 20:50:00,2024-10-21 21:00:00,10.0
2024-10-21,departure,Zurich,Vienna,austrian,Departed,20:50,20:50,2024-10-21 20:50:00,2024-10-21 20:50:00,0.0
2024-10-21,departure,Zurich,London LHR,swiss,Departed,20:55,20:50,2024-10-21 20:55:00,2024-10-21 20:50:00,-5.0
2024-10-21,departure,Zurich,Hamburg,swiss,Departed,17:00,17:15,2024-10-21 17:00:00,2024-10-21 17:15:00,15.0
2024-10-21,departure,Zurich,Prague,swiss,Cancelled,17:00,17:00,2024-10-21 17:00:00,2024-10-21 17:00:00,0.0
2024-10-21,departure,Zurich,Bristol,swiss,Departed,17:00,17:20,2024-10-21 17:00:00,2024-10-21 17:20:00,20.0
2024-10-21,departure,Zurich,Düsseldorf,swiss,Departed,17:00,17:00,2024-10-21 17:00:00,2024-10-21 17:00:00,0.0
2024-10-21,departure,Zurich,Florence,swiss,Departed,17:05,17:35,2024-10-21 17:05:00,2024-10-21 17:35:00,30.0
2024-10-21,departure,Zurich,Bordeaux,swiss,Departed,17:05,17:30,2024-10-21 17:05:00,2024-10-21 17:30:00,25.0
2024-10-21,departure,Zurich,Manchester,swiss,Departed,17:05,17:35,2024-10-21 17:05:00,2024-10-21 17:35:00,30.0
2024-10-21,departure,Zurich,Nice,swiss,Departed,17:10,17:40,2024-10-21 17:10:00,2024-10-21 17:40:00,30.0
2024-10-21,departure,Zurich,Brussels,swiss,Departed,17:10,17:50,2024-10-21 17:10:00,2024-10-21 17:50:00,40.0
2024-10-21,departure,Zurich,Warsaw,swiss,Departed,17:10,17:30,2024-10-21 17:10:00,2024-10-21 17:30:00,20.0
2024-10-21,departure,Zurich,London LHR,swiss,Departed,17:10,17:35,2024-10-21 17:10:00,2024-10-21 17:35:00,25.0
2024-10-21,departure,Zurich,London LGW,swiss,Departed,17:15,17:15,2024-10-21 17:15:00,2024-10-21 17:15:00,0.0
2024-10-21,departure,Zurich,Malta,swiss,Departed,17:15,17:35,2024-10-21 17:15:00,2024-10-21 17:35:00,20.0
2024-10-21,departure,Zurich,Belgrade,swiss,Departed,17:15,17:20,2024-10-21 17:15:00,2024-10-21 17:20:00,5.0
2024-10-21,departure,Zurich,Copenhagen,swiss,Departed,17:20,19:10,2024-10-21 17:20:00,2024-10-21 19:10:00,110.0
2024-10-21,departure,Zurich,Ljubljana,swiss,Departed,17:20,17:50,2024-10-21 17:20:00,2024-10-21 17:50:00,30.0
2024-10-21,departure,Zurich,Newark,swiss,Departed,17:20,17:40,2024-10-21 17:20:00,2024-10-21 17:40:00,20.0
2024-10-21,departure,Zurich,Barcelona,swiss,Departed,17:25,17:50,2024-10-21 17:25:00,2024-10-21 17:50:00,25.0
2024-10-21,departure,Zurich,London LHR,british,Departed,17:25,17:15,2024-10-21 17:25:00,2024-10-21 17:15:00,-10.0
2024-10-21,departure,Zurich,Birmingham,swiss,Departed,17:25,17:25,2024-10-21 17:25:00,2024-10-21 17:25:00,0.0
2024-10-21,departure,Zurich,Berlin,swiss,Departed,17:30,17:30,2024-10-21 17:30:00,2024-10-21 17:30:00,0.0
2024-10-21,departure,Zurich,Venice,swiss,Departed,17:30,17:35,2024-10-21 17:30:00,2024-10-21 17:35:00,5.0
2024-10-21,departure,Zurich,Luxembourg,swiss,Departed,17:30,17:30,2024-10-21 17:30:00,2024-10-21 17:30:00,0.0
2024-10-21,departure,Zurich,Milan MXP,swiss,Departed,17:30,17:35,2024-10-21 17:30:00,2024-10-21 17:35:00,5.0
2024-10-21,departure,Zurich,Amsterdam,klm,Departed,17:35,17:35,2024-10-21 17:35:00,2024-10-21 17:35:00,0.0
2024-10-21,departure,Zurich,Amsterdam,swiss,Departed,17:35,18:10,2024-10-21 17:35:00,2024-10-21 18:10:00,35.0
2024-10-21,departure,Zurich,Hanover,swiss,Departed,17:35,18:05,2024-10-21 17:35:00,2024-10-21 18:05:00,30.0
2024-10-21,departure,Zurich,Edinburgh,edelweiss,Departed,17:40,17:40,2024-10-21 17:40:00,2024-10-21 17:40:00,0.0
2024-10-21,departure,Zurich,Boston,swiss,Departed,17:40,18:45,2024-10-21 17:40:00,2024-10-21 18:45:00,65.0
2024-10-21,departure,Zurich,Budapest,swiss,Departed,17:40,18:15,2024-10-21 17:40:00,2024-10-21 18:15:00,35.0
2024-10-21,departure,Zurich,Hamburg,swiss,Departed,17:45,17:50,2024-10-21 17:45:00,2024-10-21 17:50:00,5.0
2024-10-21,departure,Zurich,Skopje,edelweiss,Departed,17:50,17:50,2024-10-21 17:50:00,2024-10-21 17:50:00,0.0
2024-10-21,departure,Zurich,Rome FCO,swiss,Departed,17:50,18:40,2024-10-21 17:50:00,2024-10-21 18:40:00,50.0
2024-10-21,departure,Zurich,Vienna,swiss,Departed,17:50,18:50,2024-10-21 17:50:00,2024-10-21 18:50:00,60.0
2024-10-21,departure,Zurich,Brussels,swiss,Departed,17:55,18:00,2024-10-21 17:55:00,2024-10-21 18:00:00,5.0
2024-10-21,departure,Zurich,Stuttgart,swiss,Departed,17:55,17:55,2024-10-21 17:55:00,2024-10-21 17:55:00,0.0
2024-10-21,departure,Zurich,Naples,swiss,Departed,17:55,18:20,2024-10-21 17:55:00,2024-10-21 18:20:00,25.0
2024-10-21,departure,Zurich,Bangkok,swiss,Departed,17:55,18:05,2024-10-21 17:55:00,2024-10-21 18:05:00,10.0
2024-10-21,departure,Zurich,Paris CDG,swiss,Departed,18:00,18:00,2024-10-21 18:00:00,2024-10-21 18:00:00,0.0
2024-10-21,departure,Zurich,Pristina,chair,Departed,18:00,17:55,2024-10-21 18:00:00,2024-10-21 17:55:00,-5.0
2024-10-21,departure,Zurich,Catania,edelweiss,Departed,18:00,18:00,2024-10-21 18:00:00,2024-10-21 18:00:00,0.0
2024-10-21,departure,Zurich,Geneva,swiss,Departed,18:00,18:05,2024-10-21 18:00:00,2024-10-21 18:05:00,5.0
2024-10-21,departure,Zurich,Frankfurt,lufthansa_neu,Departed,18:05,18:10,2024-10-21 18:05:00,2024-10-21 18:10:00,5.0
2024-10-21,departure,Zurich,Lisbon,tap,Departed,18:05,19:30,2024-10-21 18:05:00,2024-10-21 19:30:00,85.0
2024-10-21,departure,Zurich,Düsseldorf,swiss,Departed,18:05,18:20,2024-10-21 18:05:00,2024-10-21 18:20:00,15.0
2024-10-21,departure,Zurich,Bari,edelweiss,Departed,18:10,18:25,2024-10-21 18:10:00,2024-10-21 18:25:00,15.0
2024-10-21,departure,Zurich,Berlin,swiss,Departed,18:20,18:45,2024-10-21 18:20:00,2024-10-21 18:45:00,25.0
2024-10-21,departure,Zurich,Antalya,sun,Departed,18:30,18:50,2024-10-21 18:30:00,2024-10-21 18:50:00,20.0
2024-10-21,departure,Zurich,Madrid,europa,Departed,18:30,18:30,2024-10-21 18:30:00,2024-10-21 18:30:00,0.0
2024-10-21,departure,Zurich,London LHR,swiss,Departed,18:35,18:45,2024-10-21 18:35:00,2024-10-21 18:45:00,10.0
2024-10-21,departure,Zurich,Cagliari,edelweiss,Departed,18:35,18:45,2024-10-21 18:35:00,2024-10-21 18:45:00,10.0
2024-10-21,departure,Zurich,Split,edelweiss,Departed,18:40,18:35,2024-10-21 18:40:00,2024-10-21 18:35:00,-5.0
2024-10-21,departure,Zurich,Vienna,austrian,Departed,18:45,18:40,2024-10-21 18:45:00,2024-10-21 18:40:00,-5.0
2024-10-21,departure,Zurich,London LHR,british,Departed,18:50,19:00,2024-10-21 18:50:00,2024-10-21 19:00:00,10.0
2024-10-21,departure,Zurich,Istanbul IST,turkish,Departed,18:50,18:50,2024-10-21 18:50:00,2024-10-21 18:50:00,0.0
2024-10-21,departure,Zurich,Paris CDG,airfrance,Departed,18:55,19:30,2024-10-21 18:55:00,2024-10-21 19:30:00,35.0
2024-10-21,departure,Zurich,Istanbul IST,turkish,Departed,15:00,15:05,2024-10-21 15:00:00,2024-10-21 15:05:00,5.0
2024-10-21,departure,Zurich,Mykonos,edelweiss,Departed,15:05,15:05,2024-10-21 15:05:00,2024-10-21 15:05:00,0.0
2024-10-21,departure,Zurich,Vienna,austrian,Departed,15:05,15:15,2024-10-21 15:05:00,2024-10-21 15:15:00,10.0
2024-10-21,departure,Zurich,Cairo,egypt-air,Departed,15:10,16:00,2024-10-21 15:10:00,2024-10-21 16:00:00,50.0
2024-10-21,departure,Zurich,Belgrade,serbia,Departed,15:10,15:40,2024-10-21 15:10:00,2024-10-21 15:40:00,30.0
2024-10-21,departure,Zurich,Heraklion,edelweiss,Departed,15:15,15:15,2024-10-21 15:15:00,2024-10-21 15:15:00,0.0
2024-10-21,departure,Zurich,Dubai DXB,emirates-neu,Departed,15:25,16:10,2024-10-21 15:25:00,2024-10-21 16:10:00,45.0
2024-10-21,departure,Zurich,Hamburg,euro,Departed,15:30,15:35,2024-10-21 15:30:00,2024-10-21 15:35:00,5.0
2024-10-21,departure,Zurich,London LHR,swiss,Departed,15:30,15:55,2024-10-21 15:30:00,2024-10-21 15:55:00,25.0
2024-10-21,departure,Zurich,Palma De Mallorca,swiss,Departed,15:35,16:40,2024-10-21 15:35:00,2024-10-21 16:40:00,65.0
2024-10-21,departure,Zurich,Porto,tap,Departed,15:40,15:40,2024-10-21 15:40:00,2024-10-21 15:40:00,0.0
2024-10-21,departure,Zurich,Doha,qatar,Departed,15:40,15:40,2024-10-21 15:40:00,2024-10-21 15:40:00,0.0
2024-10-21,departure,Zurich,Barcelona,swiss,Departed,16:00,16:00,2024-10-21 16:00:00,2024-10-21 16:00:00,0.0
2024-10-21,departure,Zurich,Istanbul SAW,pegasus,Departed,16:00,16:00,2024-10-21 16:00:00,2024-10-21 16:00:00,0.0
2024-10-21,departure,Zurich,Riyadh,saudia_logo,Departed,16:00,16:00,2024-10-21 16:00:00,2024-10-21 16:00:00,0.0
2024-10-21,departure,Zurich,Berlin,easyjet,Departed,16:05,16:05,2024-10-21 16:05:00,2024-10-21 16:05:00,0.0
2024-10-21,departure,Zurich,Chania,edelweiss,Departed,16:10,16:10,2024-10-21 16:10:00,2024-10-21 16:10:00,0.0
2024-10-21,departure,Zurich,Santorini,edelweiss,Departed,16:20,16:20,2024-10-21 16:20:00,2024-10-21 16:20:00,0.0
2024-10-21,departure,Zurich,Berlin,swiss,Departed,16:30,17:00,2024-10-21 16:30:00,2024-10-21 17:00:00,30.0
2024-10-21,departure,Zurich,Madrid,swiss,Departed,16:35,18:15,2024-10-21 16:35:00,2024-10-21 18:15:00,100.0
2024-10-21,departure,Zurich,Dublin,swiss,Departed,16:40,16:40,2024-10-21 16:40:00,2024-10-21 16:40:00,0.0
2024-10-21,departure,Zurich,Porto,swiss,Departed,16:40,16:50,2024-10-21 16:40:00,2024-10-21 16:50:00,10.0
2024-10-21,departure,Zurich,Geneva,swiss,Departed,16:45,17:40,2024-10-21 16:45:00,2024-10-21 17:40:00,55.0
2024-10-21,departure,Zurich,London LCY,swiss,Departed,16:45,17:00,2024-10-21 16:45:00,2024-10-21 17:00:00,15.0
2024-10-21,departure,Zurich,Bilbao,edelweiss,Departed,16:50,17:10,2024-10-21 16:50:00,2024-10-21 17:10:00,20.0
2024-10-21,departure,Zurich,Skopje,chair,Departed,16:50,17:05,2024-10-21 16:50:00,2024-10-21 17:05:00,15.0
2024-10-21,departure,Zurich,Copenhagen,swiss,Departed,16:50,16:50,2024-10-21 16:50:00,2024-10-21 16:50:00,0.0
2024-10-21,departure,Zurich,Košice,swiss,Departed,16:55,17:25,2024-10-21 16:55:00,2024-10-21 17:25:00,30.0
2024-10-21,departure,Zurich,Munich,lufthansa_neu,Departed,16:55,17:30,2024-10-21 16:55:00,2024-10-21 17:30:00,35.0
2024-10-21,departure,Zurich,Krakow,swiss,Departed,16:55,17:05,2024-10-21 16:55:00,2024-10-21 17:05:00,10.0
2024-10-21,departure,Zurich,Geneva,swiss,Departed,13:00,13:45,2024-10-21 13:00:00,2024-10-21 13:45:00,45.0
2024-10-21,departure,Zurich,Bologna,swiss,Departed,13:00,13:15,2024-10-21 13:00:00,2024-10-21 13:15:00,15.0
2024-10-21,departure,Zurich,Ibiza,edelweiss,Departed,13:00,13:10,2024-10-21 13:00:00,2024-10-21 13:10:00,10.0
2024-10-21,departure,Zurich,Shanghai,swiss,Departed,13:00,13:25,2024-10-21 13:00:00,2024-10-21 13:25:00,25.0
2024-10-21,departure,Zurich,Milan MXP,swiss,Departed,13:05,13:40,2024-10-21 13:05:00,2024-10-21 13:40:00,35.0
2024-10-21,departure,Zurich,Los Angeles,swiss,Departed,13:05,13:40,2024-10-21 13:05:00,2024-10-21 13:40:00,35.0
2024-10-21,departure,Zurich,Tokyo,swiss,Departed,13:05,13:20,2024-10-21 13:05:00,2024-10-21 13:20:00,15.0
2024-10-21,departure,Zurich,Chicago,swiss,Departed,13:10,13:55,2024-10-21 13:10:00,2024-10-21 13:55:00,45.0
2024-10-21,departure,Zurich,Miami,swiss,Departed,13:10,13:30,2024-10-21 13:10:00,2024-10-21 13:30:00,20.0
2024-10-21,departure,Zurich,Munich,lufthansa_neu,Departed,13:15,13:45,2024-10-21 13:15:00,2024-10-21 13:45:00,30.0
2024-10-21,departure,Zurich,San Francisco,swiss,Departed,13:15,13:45,2024-10-21 13:15:00,2024-10-21 13:45:00,30.0
2024-10-21,departure,Zurich,Vancouver,edelweiss,Departed,13:15,13:30,2024-10-21 13:15:00,2024-10-21 13:30:00,15.0
2024-10-21,departure,Zurich,Lisbon,tap,Departed,13:15,15:30,2024-10-21 13:15:00,2024-10-21 15:30:00,135.0
2024-10-21,departure,Zurich,Tampa,edelweiss,Departed,13:20,13:35,2024-10-21 13:20:00,2024-10-21 13:35:00,15.0
2024-10-21,departure,Zurich,New York,swiss,Departed,13:20,13:50,2024-10-21 13:20:00,2024-10-21 13:50:00,30.0
2024-10-21,departure,Zurich,Malaga,swiss,Departed,13:20,13:30,2024-10-21 13:20:00,2024-10-21 13:30:00,10.0
2024-10-21,departure,Zurich,London LHR,british,Departed,13:20,13:30,2024-10-21 13:20:00,2024-10-21 13:30:00,10.0
2024-10-21,departure,Zurich,Toronto,canada,Departed,13:25,13:25,2024-10-21 13:25:00,2024-10-21 13:25:00,0.0
2024-10-21,departure,Zurich,Vienna,austrian,Departed,13:25,13:30,2024-10-21 13:25:00,2024-10-21 13:30:00,5.0
2024-10-21,departure,Zurich,Palma De Mallorca,edelweiss,Departed,13:30,13:40,2024-10-21 13:30:00,2024-10-21 13:40:00,10.0
2024-10-21,departure,Zurich,Hong Kong,cathay,Departed,13:30,13:40,2024-10-21 13:30:00,2024-10-21 13:40:00,10.0
2024-10-21,departure,Zurich,Bangkok,thai,Departed,13:30,13:35,2024-10-21 13:30:00,2024-10-21 13:35:00,5.0
2024-10-21,departure,Zurich,San Francisco,united,Departed,13:35,13:35,2024-10-21 13:35:00,2024-10-21 13:35:00,0.0
2024-10-21,departure,Zurich,New York,delta,Departed,13:35,13:30,2024-10-21 13:35:00,2024-10-21 13:30:00,-5.0
2024-10-21,departure,Zurich,Berlin,swiss,Departed,13:35,13:50,2024-10-21 13:35:00,2024-10-21 13:50:00,15.0
2024-10-21,departure,Zurich,Punta Cana,edelweiss,Departed,13:40,13:57,2024-10-21 13:40:00,2024-10-21 13:57:00,17.0
2024-10-21,departure,Zurich,Palma De Mallorca,vueling,Departed,13:45,14:05,2024-10-21 13:45:00,2024-10-21 14:05:00,20.0
2024-10-21,departure,Zurich,Seville,edelweiss,Departed,13:55,13:55,2024-10-21 13:55:00,2024-10-21 13:55:00,0.0
2024-10-21,departure,Zurich,Oslo,sas,Departed,14:00,14:15,2024-10-21 14:00:00,2024-10-21 14:15:00,15.0
2024-10-21,departure,Zurich,Reykjavík,iceland,Departed,14:00,14:15,2024-10-21 14:00:00,2024-10-21 14:15:00,15.0
2024-10-21,departure,Zurich,Heraklion,chair,Departed,14:05,14:20,2024-10-21 14:05:00,2024-10-21 14:20:00,15.0
2024-10-21,departure,Zurich,Amsterdam,klm,Departed,14:20,14:20,2024-10-21 14:20:00,2024-10-21 14:20:00,0.0
2024-10-21,departure,Zurich,Cologne Bonn,euro,Departed,14:30,15:15,2024-10-21 14:30:00,2024-10-21 15:15:00,45.0
2024-10-21,departure,Zurich,Paris CDG,airfrance,Departed,14:35,14:35,2024-10-21 14:35:00,2024-10-21 14:35:00,0.0
2024-10-21,departure,Zurich,Frankfurt,lufthansa_neu,Departed,14:40,14:40,2024-10-21 14:40:00,2024-10-21 14:40:00,0.0
2024-10-21,departure,Zurich,Düsseldorf,euro,Departed,14:50,14:55,2024-10-21 14:50:00,2024-10-21 14:55:00,5.0
2024-10-21,departure,Zurich,London LCY,british,Departed,14:55,15:16,2024-10-21 14:55:00,2024-10-21 15:16:00,21.0
2024-10-21,departure,Zurich,Rhodes,edelweiss,Departed,14:55,15:00,2024-10-21 14:55:00,2024-10-21 15:00:00,5.0
2024-10-21,departure,Zurich,Izmir,sun,Departed,14:55,15:55,2024-10-21 14:55:00,2024-10-21 15:55:00,60.0
2024-10-21,departure,Zurich,Frankfurt,lufthansa_neu,Departed,11:05,11:35,2024-10-21 11:05:00,2024-10-21 11:35:00,30.0
2024-10-21,departure,Zurich,Madrid,europa,Departed,11:10,11:20,2024-10-21 11:10:00,2024-10-21 11:20:00,10.0
2024-10-21,departure,Zurich,Paris CDG,airfrance,Departed,11:10,11:15,2024-10-21 11:10:00,2024-10-21 11:15:00,5.0
2024-10-21,departure,Zurich,Athens,aegan,Departed,11:15,11:15,2024-10-21 11:15:00,2024-10-21 11:15:00,0.0
2024-10-21,departure,Zurich,Abu Dhabi,etihad,Departed,11:15,12:00,2024-10-21 11:15:00,2024-10-21 12:00:00,45.0
2024-10-21,departure,Zurich,Zakinthos,edelweiss,Departed,11:20,11:20,2024-10-21 11:20:00,2024-10-21 11:20:00,0.0
2024-10-21,departure,Zurich,Istanbul SAW,ajet_logo,Departed,11:20,11:45,2024-10-21 11:20:00,2024-10-21 11:45:00,25.0
2024-10-21,departure,Zurich,Lisbon,easyjet,Departed,11:25,11:25,2024-10-21 11:25:00,2024-10-21 11:25:00,0.0
2024-10-21,departure,Zurich,Palma De Mallorca,chair,Departed,11:30,11:30,2024-10-21 11:30:00,2024-10-21 11:30:00,0.0
2024-10-21,departure,Zurich,Palma De Mallorca,euro,Departed,11:30,11:30,2024-10-21 11:30:00,2024-10-21 11:30:00,0.0
2024-10-21,departure,Zurich,Istanbul SAW,pegasus,Departed,11:35,11:40,2024-10-21 11:35:00,2024-10-21 11:40:00,5.0
2024-10-21,departure,Zurich,Cluj-Napoca,swiss,Departed,11:40,11:50,2024-10-21 11:40:00,2024-10-21 11:50:00,10.0
2024-10-21,departure,Zurich,Sofia,swiss,Departed,11:40,12:15,2024-10-21 11:40:00,2024-10-21 12:15:00,35.0
2024-10-21,departure,Zurich,Zagreb,croatia_v2,Departed,11:45,11:45,2024-10-21 11:45:00,2024-10-21 11:45:00,0.0
2024-10-21,departure,Zurich,Philadelphia,american,Departed,11:45,11:45,2024-10-21 11:45:00,2024-10-21 11:45:00,0.0
2024-10-21,departure,Zurich,Singapore,singapore,Departed,11:45,11:45,2024-10-21 11:45:00,2024-10-21 11:45:00,0.0
2024-10-21,departure,Zurich,Amsterdam,klm,Departed,11:50,12:05,2024-10-21 11:50:00,2024-10-21 12:05:00,15.0
2024-10-21,departure,Zurich,Corfu,edelweiss,Departed,11:50,11:55,2024-10-21 11:50:00,2024-10-21 11:55:00,5.0
2024-10-21,departure,Zurich,London LCY,swiss,Departed,11:50,11:50,2024-10-21 11:50:00,2024-10-21 11:50:00,0.0
2024-10-21,departure,Zurich,Madrid,iberia,Departed,11:50,12:00,2024-10-21 11:50:00,2024-10-21 12:00:00,10.0
2024-10-21,departure,Zurich,Washington,united,Departed,11:55,11:55,2024-10-21 11:55:00,2024-10-21 11:55:00,0.0
2024-10-21,departure,Zurich,Brindisi,swiss,Departed,11:55,11:55,2024-10-21 11:55:00,2024-10-21 11:55:00,0.0
2024-10-21,departure,Zurich,Bucharest,swiss,Departed,12:00,12:25,2024-10-21 12:00:00,2024-10-21 12:25:00,25.0
2024-10-21,departure,Zurich,Gothenburg,swiss,Departed,12:00,12:00,2024-10-21 12:00:00,2024-10-21 12:00:00,0.0
2024-10-21,departure,Zurich,Palermo,swiss,Departed,12:00,12:20,2024-10-21 12:00:00,2024-10-21 12:20:00,20.0
2024-10-21,departure,Zurich,Valencia,swiss,Departed,12:05,12:55,2024-10-21 12:05:00,2024-10-21 12:55:00,50.0
2024-10-21,departure,Zurich,London LHR,swiss,Departed,12:05,12:50,2024-10-21 12:05:00,2024-10-21 12:50:00,45.0
2024-10-21,departure,Zurich,Stuttgart,swiss,Departed,12:05,13:40,2024-10-21 12:05:00,2024-10-21 13:40:00,95.0
2024-10-21,departure,Zurich,Palma De Mallorca,swiss,Departed,12:10,12:10,2024-10-21 12:10:00,2024-10-21 12:10:00,0.0
2024-10-21,departure,Zurich,Warsaw,swiss,Departed,12:10,12:50,2024-10-21 12:10:00,2024-10-21 12:50:00,40.0
2024-10-21,departure,Zurich,Sarajevo,swiss,Departed,12:10,12:40,2024-10-21 12:10:00,2024-10-21 12:40:00,30.0
2024-10-21,departure,Zurich,Geneva,swiss,Departed,12:10,12:35,2024-10-21 12:10:00,2024-10-21 12:35:00,25.0
2024-10-21,departure,Zurich,Budapest,swiss,Departed,12:15,12:45,2024-10-21 12:15:00,2024-10-21 12:45:00,30.0
2024-10-21,departure,Zurich,Naples,swiss,Departed,12:15,12:15,2024-10-21 12:15:00,2024-10-21 12:15:00,0.0
2024-10-21,departure,Zurich,Belgrade,swiss,Departed,12:15,13:00,2024-10-21 12:15:00,2024-10-21 13:00:00,45.0
2024-10-21,departure,Zurich,Delhi,swiss,Departed,12:20,12:30,2024-10-21 12:20:00,2024-10-21 12:30:00,10.0
2024-10-21,departure,Zurich,Athens,swiss,Departed,12:20,13:15,2024-10-21 12:20:00,2024-10-21 13:15:00,55.0
2024-10-21,departure,Zurich,Barcelona,swiss,Departed,12:20,12:20,2024-10-21 12:20:00,2024-10-21 12:20:00,0.0
2024-10-21,departure,Zurich,Marseille,swiss,Departed,12:25,13:35,2024-10-21 12:25:00,2024-10-21 13:35:00,70.0
2024-10-21,departure,Zurich,Vienna,swiss,Departed,12:25,13:20,2024-10-21 12:25:00,2024-10-21 13:20:00,55.0
2024-10-21,departure,Zurich,Ljubljana,swiss,Departed,12:25,12:25,2024-10-21 12:25:00,2024-10-21 12:25:00,0.0
2024-10-21,departure,Zurich,Hanover,swiss,Departed,12:25,12:50,2024-10-21 12:25:00,2024-10-21 12:50:00,25.0
2024-10-21,departure,Zurich,Berlin,swiss,Departed,12:30,12:35,2024-10-21 12:30:00,2024-10-21 12:35:00,5.0
2024-10-21,departure,Zurich,Tel Aviv,elalisrael,Departed,12:30,13:05,2024-10-21 12:30:00,2024-10-21 13:05:00,35.0
2024-10-21,departure,Zurich,Amsterdam,swiss,Departed,12:30,13:15,2024-10-21 12:30:00,2024-10-21 13:15:00,45.0
2024-10-21,departure,Zurich,Stockholm,swiss,Departed,12:35,13:25,2024-10-21 12:35:00,2024-10-21 13:25:00,50.0
2024-10-21,departure,Zurich,Hamburg,swiss,Departed,12:35,12:35,2024-10-21 12:35:00,2024-10-21 12:35:00,0.0
2024-10-21,departure,Zurich,Luxembourg,swiss,Departed,12:35,12:55,2024-10-21 12:35:00,2024-10-21 12:55:00,20.0
2024-10-21,departure,Zurich,Copenhagen,swiss,Departed,12:35,13:05,2024-10-21 12:35:00,2024-10-21 13:05:00,30.0
2024-10-21,departure,Zurich,Dubai DXB,swiss,Departed,12:40,12:50,2024-10-21 12:40:00,2024-10-21 12:50:00,10.0
2024-10-21,departure,Zurich,Venice,swiss,Departed,12:40,13:40,2024-10-21 12:40:00,2024-10-21 13:40:00,60.0
2024-10-21,departure,Zurich,Montreal,swiss,Departed,12:40,13:55,2024-10-21 12:40:00,2024-10-21 13:55:00,75.0
2024-10-21,departure,Zurich,Rome FCO,swiss,Departed,12:45,13:50,2024-10-21 12:45:00,2024-10-21 13:50:00,65.0
2024-10-21,departure,Zurich,Düsseldorf,swiss,Departed,12:45,13:50,2024-10-21 12:45:00,2024-10-21 13:50:00,65.0
2024-10-21,departure,Zurich,Lisbon,swiss,Departed,12:45,12:45,2024-10-21 12:45:00,2024-10-21 12:45:00,0.0
2024-10-21,departure,Zurich,Prague,swiss,Departed,12:45,13:15,2024-10-21 12:45:00,2024-10-21 13:15:00,30.0
2024-10-21,departure,Zurich,Florence,swiss,Departed,12:50,14:00,2024-10-21 12:50:00,2024-10-21 14:00:00,70.0
2024-10-21,departure,Zurich,Frankfurt,swiss,Departed,12:50,13:30,2024-10-21 12:50:00,2024-10-21 13:30:00,40.0
2024-10-21,departure,Zurich,Nice,swiss,Cancelled,12:50,12:50,2024-10-21 12:50:00,2024-10-21 12:50:00,0.0
2024-10-21,departure,Zurich,Paris CDG,swiss,Departed,12:55,13:40,2024-10-21 12:55:00,2024-10-21 13:40:00,45.0
2024-10-21,departure,Zurich,Washington,swiss,Departed,12:55,13:10,2024-10-21 12:55:00,2024-10-21 13:10:00,15.0
2024-10-21,departure,Zurich,Brussels,swiss,Departed,12:55,13:25,2024-10-21 12:55:00,2024-10-21 13:25:00,30.0
2024-10-21,departure,Zurich,Boston,swiss,Departed,12:55,13:20,2024-10-21 12:55:00,2024-10-21 13:20:00,25.0
2024-10-21,departure,Zurich,Brussels,brussels_airlines_logo,Departed,09:00,09:00,2024-10-21 09:00:00,2024-10-21 09:00:00,0.0
2024-10-21,departure,Zurich,Milan MXP,swiss,Departed,09:00,09:00,2024-10-21 09:00:00,2024-10-21 09:00:00,0.0
2024-10-21,departure,Zurich,Luxembourg,swiss,Departed,09:00,09:00,2024-10-21 09:00:00,2024-10-21 09:00:00,0.0
2024-10-21,departure,Zurich,Hamburg,euro,Departed,09:05,09:20,2024-10-21 09:05:00,2024-10-21 09:20:00,15.0
2024-10-21,departure,Zurich,Geneva,swiss,Departed,09:10,09:20,2024-10-21 09:10:00,2024-10-21 09:20:00,10.0
2024-10-21,departure,Zurich,Malta,km_malta_airlines,Departed,09:15,09:20,2024-10-21 09:15:00,2024-10-21 09:20:00,5.0
2024-10-21,departure,Zurich,Munich,lufthansa_neu,Departed,09:20,09:30,2024-10-21 09:20:00,2024-10-21 09:30:00,10.0
2024-10-21,departure,Zurich,Thessaloniki,aegan,Departed,09:20,09:15,2024-10-21 09:20:00,2024-10-21 09:15:00,-5.0
2024-10-21,departure,Zurich,Amsterdam,klm,Departed,09:20,09:30,2024-10-21 09:20:00,2024-10-21 09:30:00,10.0
2024-10-21,departure,Zurich,Valencia,swiss,Departed,09:30,09:35,2024-10-21 09:30:00,2024-10-21 09:35:00,5.0
2024-10-21,departure,Zurich,Belgrade,serbia,Departed,09:30,09:35,2024-10-21 09:30:00,2024-10-21 09:35:00,5.0
2024-10-21,departure,Zurich,Stuttgart,swiss,Departed,09:35,09:30,2024-10-21 09:35:00,2024-10-21 09:30:00,-5.0
2024-10-21,departure,Zurich,Barcelona,vueling,Departed,09:35,09:35,2024-10-21 09:35:00,2024-10-21 09:35:00,0.0
2024-10-21,departure,Zurich,Thessaloniki,swiss,Departed,09:40,09:55,2024-10-21 09:40:00,2024-10-21 09:55:00,15.0
2024-10-21,departure,Zurich,Malaga,swiss,Departed,09:40,09:40,2024-10-21 09:40:00,2024-10-21 09:40:00,0.0
2024-10-21,departure,Zurich,Doha,qatar,Departed,09:40,09:55,2024-10-21 09:40:00,2024-10-21 09:55:00,15.0
2024-10-21,departure,Zurich,Antalya,sun,Departed,09:40,09:55,2024-10-21 09:40:00,2024-10-21 09:55:00,15.0
2024-10-21,departure,Zurich,Athens,swiss,Departed,09:45,10:01,2024-10-21 09:45:00,2024-10-21 10:01:00,16.0
2024-10-21,departure,Zurich,Berlin,euro,Departed,09:50,10:00,2024-10-21 09:50:00,2024-10-21 10:00:00,10.0
2024-10-21,departure,Zurich,Chicago,united,Departed,09:50,10:20,2024-10-21 09:50:00,2024-10-21 10:20:00,30.0
2024-10-21,departure,Zurich,Mumbai,swiss,Departed,09:55,10:15,2024-10-21 09:55:00,2024-10-21 10:15:00,20.0
2024-10-21,departure,Zurich,Stockholm,swiss,Departed,09:55,09:55,2024-10-21 09:55:00,2024-10-21 09:55:00,0.0
2024-10-21,departure,Zurich,Palma De Mallorca,swiss,Departed,10:00,10:15,2024-10-21 10:00:00,2024-10-21 10:15:00,15.0
2024-10-21,departure,Zurich,New York,swiss,Departed,10:00,10:35,2024-10-21 10:00:00,2024-10-21 10:35:00,35.0
2024-10-21,departure,Zurich,London LCY,british,Departed,10:05,10:05,2024-10-21 10:05:00,2024-10-21 10:05:00,0.0
2024-10-21,departure,Zurich,London LTN,easyjet,Departed,10:05,10:05,2024-10-21 10:05:00,2024-10-21 10:05:00,0.0
2024-10-21,departure,Zurich,Newark,united,Departed,10:10,10:40,2024-10-21 10:10:00,2024-10-21 10:40:00,30.0
2024-10-21,departure,Zurich,Copenhagen,sas,Departed,10:20,10:20,2024-10-21 10:20:00,2024-10-21 10:20:00,0.0
2024-10-21,departure,Zurich,London LGW,easyjet,Departed,10:25,10:40,2024-10-21 10:25:00,2024-10-21 10:40:00,15.0
2024-10-21,departure,Zurich,London LHR,swiss,Departed,10:30,10:55,2024-10-21 10:30:00,2024-10-21 10:55:00,25.0
2024-10-21,departure,Zurich,Warsaw,lot,Departed,10:30,10:35,2024-10-21 10:30:00,2024-10-21 10:35:00,5.0
2024-10-21,departure,Zurich,Vienna,austrian,Departed,10:40,10:40,2024-10-21 10:40:00,2024-10-21 10:40:00,0.0
2024-10-21,departure,Zurich,Porto,swiss,Departed,10:40,10:48,2024-10-21 10:40:00,2024-10-21 10:48:00,8.0
2024-10-21,departure,Zurich,London LHR,british,Departed,10:40,10:55,2024-10-21 10:40:00,2024-10-21 10:55:00,15.0
2024-10-21,departure,Zurich,Antalya,pegasus,Departed,10:45,10:45,2024-10-21 10:45:00,2024-10-21 10:45:00,0.0
2024-10-21,departure,Zurich,Dublin,swiss,Departed,10:45,10:55,2024-10-21 10:45:00,2024-10-21 10:55:00,10.0
2024-10-21,departure,Zurich,Istanbul IST,turkish,Departed,10:50,10:50,2024-10-21 10:50:00,2024-10-21 10:50:00,0.0
2024-10-21,departure,Zurich,Oslo,swiss,Departed,10:50,11:10,2024-10-21 10:50:00,2024-10-21 11:10:00,20.0
2024-10-21,departure,Zurich,Helsinki,finnair,Departed,10:50,10:45,2024-10-21 10:50:00,2024-10-21 10:45:00,-5.0
2024-10-21,departure,Zurich,Frankfurt,swiss,Departed,07:00,07:00,2024-10-21 07:00:00,2024-10-21 07:00:00,0.0
2024-10-21,departure,Zurich,Madrid,swiss,Departed,07:00,07:00,2024-10-21 07:00:00,2024-10-21 07:00:00,0.0
2024-10-21,departure,Zurich,Naples,swiss,Departed,07:00,07:00,2024-10-21 07:00:00,2024-10-21 07:00:00,0.0
2024-10-21,departure,Zurich,Amsterdam,klm,Departed,07:00,07:00,2024-10-21 07:00:00,2024-10-21 07:00:00,0.0
2024-10-21,departure,Zurich,London LHR,swiss,Departed,07:05,07:15,2024-10-21 07:05:00,2024-10-21 07:15:00,10.0
2024-10-21,departure,Zurich,Krakow,swiss,Departed,07:05,07:05,2024-10-21 07:05:00,2024-10-21 07:05:00,0.0
2024-10-21,departure,Zurich,Manchester,swiss,Departed,07:05,08:00,2024-10-21 07:05:00,2024-10-21 08:00:00,55.0
2024-10-21,departure,Zurich,Belgrade,swiss,Departed,07:10,07:15,2024-10-21 07:10:00,2024-10-21 07:15:00,5.0
2024-10-21,departure,Zurich,Vienna,swiss,Departed,07:10,07:15,2024-10-21 07:10:00,2024-10-21 07:15:00,5.0
2024-10-21,departure,Zurich,Barcelona,swiss,Departed,07:10,07:10,2024-10-21 07:10:00,2024-10-21 07:10:00,0.0
2024-10-21,departure,Zurich,Copenhagen,swiss,Departed,07:10,07:20,2024-10-21 07:10:00,2024-10-21 07:20:00,10.0
2024-10-21,departure,Zurich,London LHR,british,Departed,07:15,07:15,2024-10-21 07:15:00,2024-10-21 07:15:00,0.0
2024-10-21,departure,Zurich,Hamburg,swiss,Departed,07:15,07:15,2024-10-21 07:15:00,2024-10-21 07:15:00,0.0
2024-10-21,departure,Zurich,Munich,swiss,Departed,07:15,07:20,2024-10-21 07:15:00,2024-10-21 07:20:00,5.0
2024-10-21,departure,Zurich,Budapest,swiss,Departed,07:20,07:25,2024-10-21 07:20:00,2024-10-21 07:25:00,5.0
2024-10-21,departure,Zurich,Berlin,swiss,Departed,07:20,07:20,2024-10-21 07:20:00,2024-10-21 07:20:00,0.0
2024-10-21,departure,Zurich,Rome FCO,swiss,Departed,07:20,07:25,2024-10-21 07:20:00,2024-10-21 07:25:00,5.0
2024-10-21,departure,Zurich,Amsterdam,swiss,Departed,07:20,07:35,2024-10-21 07:20:00,2024-10-21 07:35:00,15.0
2024-10-21,departure,Zurich,Paris CDG,swiss,Departed,07:25,07:30,2024-10-21 07:25:00,2024-10-21 07:30:00,5.0
2024-10-21,departure,Zurich,Bremen,swiss,Departed,07:25,07:30,2024-10-21 07:25:00,2024-10-21 07:30:00,5.0
2024-10-21,departure,Zurich,Brussels,swiss,Departed,07:25,07:25,2024-10-21 07:25:00,2024-10-21 07:25:00,0.0
2024-10-21,departure,Zurich,Geneva,swiss,Departed,07:30,07:35,2024-10-21 07:30:00,2024-10-21 07:35:00,5.0
2024-10-21,departure,Zurich,Nice,swiss,Departed,07:30,07:30,2024-10-21 07:30:00,2024-10-21 07:30:00,0.0
2024-10-21,departure,Zurich,Prague,swiss,Departed,07:30,07:35,2024-10-21 07:30:00,2024-10-21 07:35:00,5.0
2024-10-21,departure,Zurich,Madrid,iberia,Departed,07:30,07:30,2024-10-21 07:30:00,2024-10-21 07:30:00,0.0
2024-10-21,departure,Zurich,Ponta Delgada,edelweiss,Departed,07:35,07:35,2024-10-21 07:35:00,2024-10-21 07:35:00,0.0
2024-10-21,departure,Zurich,Birmingham,swiss,Departed,07:35,07:40,2024-10-21 07:35:00,2024-10-21 07:40:00,5.0
2024-10-21,departure,Zurich,Düsseldorf,swiss,Departed,07:35,07:35,2024-10-21 07:35:00,2024-10-21 07:35:00,0.0
2024-10-21,departure,Zurich,Istanbul IST,turkish,Departed,07:40,07:40,2024-10-21 07:40:00,2024-10-21 07:40:00,0.0
2024-10-21,departure,Zurich,Hanover,swiss,Departed,07:40,07:40,2024-10-21 07:40:00,2024-10-21 07:40:00,0.0
2024-10-21,departure,Zurich,Wroclaw,swiss,Departed,07:40,07:50,2024-10-21 07:40:00,2024-10-21 07:50:00,10.0
2024-10-21,departure,Zurich,Paris CDG,airfrance,Departed,07:45,07:40,2024-10-21 07:45:00,2024-10-21 07:40:00,-5.0
2024-10-21,departure,Zurich,Cologne Bonn,euro,Departed,08:05,08:20,2024-10-21 08:05:00,2024-10-21 08:20:00,15.0
2024-10-21,departure,Zurich,Berlin,easyjet,Departed,08:05,08:00,2024-10-21 08:05:00,2024-10-21 08:00:00,-5.0
2024-10-21,departure,Zurich,London LCY,swiss,Departed,08:10,08:00,2024-10-21 08:10:00,2024-10-21 08:00:00,-10.0
2024-10-21,departure,Zurich,Frankfurt,lufthansa_neu,Departed,08:15,08:20,2024-10-21 08:15:00,2024-10-21 08:20:00,5.0
2024-10-21,departure,Zurich,Hamburg,swiss,Departed,08:30,08:35,2024-10-21 08:30:00,2024-10-21 08:35:00,5.0
2024-10-21,departure,Zurich,Florence,swiss,Departed,08:35,08:40,2024-10-21 08:35:00,2024-10-21 08:40:00,5.0
2024-10-21,departure,Zurich,Graz,swiss,Departed,08:35,08:30,2024-10-21 08:35:00,2024-10-21 08:30:00,-5.0
2024-10-21,departure,Zurich,Berlin,swiss,Departed,08:40,08:55,2024-10-21 08:40:00,2024-10-21 08:55:00,15.0
2024-10-21,departure,Zurich,Naples,easyjet,Departed,08:40,08:30,2024-10-21 08:40:00,2024-10-21 08:30:00,-10.0
2024-10-21,departure,Zurich,Düsseldorf,euro,Departed,08:45,08:55,2024-10-21 08:45:00,2024-10-21 08:55:00,10.0
2024-10-21,departure,Zurich,Dresden,swiss,Departed,08:45,08:55,2024-10-21 08:45:00,2024-10-21 08:55:00,10.0
2024-10-21,departure,Zurich,Venice,swiss,Departed,08:50,09:00,2024-10-21 08:50:00,2024-10-21 09:00:00,10.0
2024-10-21,departure,Zurich,Bologna,swiss,Departed,08:55,09:05,2024-10-21 08:55:00,2024-10-21 09:05:00,10.0
2024-10-21,departure,Zurich,Vienna,austrian,Departed,08:55,09:00,2024-10-21 08:55:00,2024-10-21 09:00:00,5.0
2024-10-21,departure,Zurich,Pristina,chair,Departed,05:45,05:45,2024-10-21 05:45:00,2024-10-21 05:45:00,0.0
2024-10-21,departure,Zurich,Faro,edelweiss,Departed,05:45,05:45,2024-10-21 05:45:00,2024-10-21 05:45:00,0.0
2024-10-21,departure,Zurich,Heraklion,edelweiss,Departed,06:00,06:00,2024-10-21 06:00:00,2024-10-21 06:00:00,0.0
2024-10-21,departure,Zurich,Lamezia Terme,edelweiss,Departed,06:00,06:00,2024-10-21 06:00:00,2024-10-21 06:00:00,0.0
2024-10-21,departure,Zurich,Gran Canaria,edelweiss,Departed,06:10,06:15,2024-10-21 06:10:00,2024-10-21 06:15:00,5.0
2024-10-21,departure,Zurich,Kos,edelweiss,Departed,06:10,06:05,2024-10-21 06:10:00,2024-10-21 06:05:00,-5.0
2024-10-21,departure,Zurich,Tenerife,edelweiss,Departed,06:20,06:20,2024-10-21 06:20:00,2024-10-21 06:20:00,0.0
2024-10-21,departure,Zurich,Larnaca,edelweiss,Departed,06:20,06:25,2024-10-21 06:20:00,2024-10-21 06:25:00,5.0
2024-10-21,departure,Zurich,Lisbon,tap,Departed,06:20,07:15,2024-10-21 06:20:00,2024-10-21 07:15:00,55.0
2024-10-21,departure,Zurich,Antalya,edelweiss,Departed,06:25,06:20,2024-10-21 06:25:00,2024-10-21 06:20:00,-5.0
2024-10-21,departure,Zurich,Olbia,edelweiss,Departed,06:25,06:20,2024-10-21 06:25:00,2024-10-21 06:20:00,-5.0
2024-10-21,departure,Zurich,Brindisi,swiss,Departed,06:30,06:45,2024-10-21 06:30:00,2024-10-21 06:45:00,15.0
2024-10-21,departure,Zurich,Marrakesh,edelweiss,Departed,06:30,06:30,2024-10-21 06:30:00,2024-10-21 06:30:00,0.0
2024-10-21,departure,Zurich,Hurghada,chair,Departed,06:30,06:30,2024-10-21 06:30:00,2024-10-21 06:30:00,0.0
2024-10-21,departure,Zurich,Rhodes,chair,Departed,06:30,06:25,2024-10-21 06:30:00,2024-10-21 06:25:00,-5.0
2024-10-21,departure,Zurich,Pristina,edelweiss,Departed,06:45,06:45,2024-10-21 06:45:00,2024-10-21 06:45:00,0.0
2024-10-21,departure,Zurich,London LCY,swiss,Departed,06:50,06:50,2024-10-21 06:50:00,2024-10-21 06:50:00,0.0
2024-10-21,departure,Zurich,Hurghada,edelweiss,Departed,06:50,06:50,2024-10-21 06:50:00,2024-10-21 06:50:00,0.0
2024-10-21,departure,Zurich,Palermo,swiss,Departed,06:55,06:55,2024-10-21 06:55:00,2024-10-21 06:55:00,0.0
2024-10-21,departure,Zurich,Palma De Mallorca,swiss,Departed,06:55,07:00,2024-10-21 06:55:00,2024-10-21 07:00:00,5.0
2024-10-21,departure,Zurich,Alicante,swiss,Departed,06:55,06:55,2024-10-21 06:55:00,2024-10-21 06:55:00,0.0
2024-10-21,departure,Zurich,Warsaw,swiss,Departed,06:55,06:55,2024-10-21 06:55:00,2024-10-21 06:55:00,0.0
2024-10-23,arrival,Zurich,Graz,swiss,Landed,21:00,20:49,2024-10-23 21:00:00,2024-10-23 20:49:00,-11.0
2024-10-23,arrival,Zurich,Amsterdam,swiss,Landed,21:00,21:01,2024-10-23 21:00:00,2024-10-23 21:01:00,1.0
2024-10-23,arrival,Zurich,Geneva,swiss,Landed,21:00,20:58,2024-10-23 21:00:00,2024-10-23 20:58:00,-2.0
2024-10-23,arrival,Zurich,Hanover,swiss,Landed,21:00,20:58,2024-10-23 21:00:00,2024-10-23 20:58:00,-2.0
2024-10-23,arrival,Zurich,Copenhagen,swiss,Landed,21:05,20:52,2024-10-23 21:05:00,2024-10-23 20:52:00,-13.0
2024-10-23,arrival,Zurich,Berlin,swiss,Landed,21:15,21:14,2024-10-23 21:15:00,2024-10-23 21:14:00,-1.0
2024-10-23,arrival,Zurich,Düsseldorf,swiss,Landed,21:20,21:25,2024-10-23 21:20:00,2024-10-23 21:25:00,5.0
2024-10-23,arrival,Zurich,Dresden,swiss,Landed,21:20,21:23,2024-10-23 21:20:00,2024-10-23 21:23:00,3.0
2024-10-23,arrival,Zurich,Brussels,swiss,Landed,21:20,21:19,2024-10-23 21:20:00,2024-10-23 21:19:00,-1.0
2024-10-23,arrival,Zurich,London LGW,swiss,Landed,21:25,21:18,2024-10-23 21:25:00,2024-10-23 21:18:00,-7.0
2024-10-23,arrival,Zurich,Vienna,swiss,Landed,21:30,21:33,2024-10-23 21:30:00,2024-10-23 21:33:00,3.0
2024-10-23,arrival,Zurich,Amsterdam,swiss,Landed,21:30,22:01,2024-10-23 21:30:00,2024-10-23 22:01:00,31.0
2024-10-23,arrival,Zurich,Paris CDG,swiss,Landed,21:30,21:24,2024-10-23 21:30:00,2024-10-23 21:24:00,-6.0
2024-10-23,arrival,Zurich,Budapest,swiss,Landed,21:35,21:55,2024-10-23 21:35:00,2024-10-23 21:55:00,20.0
2024-10-23,arrival,Zurich,Naples,swiss,Landed,21:35,21:10,2024-10-23 21:35:00,2024-10-23 21:10:00,-25.0
2024-10-23,arrival,Zurich,London LHR,swiss,Landed,21:35,21:44,2024-10-23 21:35:00,2024-10-23 21:44:00,9.0
2024-10-23,arrival,Zurich,Bremen,swiss,Landed,21:40,21:39,2024-10-23 21:40:00,2024-10-23 21:39:00,-1.0
2024-10-23,arrival,Zurich,Hamburg,swiss,Landed,21:40,21:33,2024-10-23 21:40:00,2024-10-23 21:33:00,-7.0
2024-10-23,arrival,Zurich,Rome FCO,swiss,Landed,21:45,21:29,2024-10-23 21:45:00,2024-10-23 21:29:00,-16.0
2024-10-23,arrival,Zurich,Copenhagen,swiss,Landed,21:45,21:26,2024-10-23 21:45:00,2024-10-23 21:26:00,-19.0
2024-10-23,arrival,Zurich,Birmingham,swiss,Landed,21:45,21:58,2024-10-23 21:45:00,2024-10-23 21:58:00,13.0
2024-10-23,arrival,Zurich,Manchester,swiss,Landed,21:45,21:35,2024-10-23 21:45:00,2024-10-23 21:35:00,-10.0
2024-10-23,arrival,Zurich,Warsaw,swiss,Landed,21:50,21:47,2024-10-23 21:50:00,2024-10-23 21:47:00,-3.0
2024-10-23,arrival,Zurich,Barcelona,swiss,Landed,21:50,21:44,2024-10-23 21:50:00,2024-10-23 21:44:00,-6.0
2024-10-23,arrival,Zurich,Belgrade,swiss,Landed,21:55,22:08,2024-10-23 21:55:00,2024-10-23 22:08:00,13.0
2024-10-23,arrival,Zurich,Munich,swiss,Landed,21:55,21:59,2024-10-23 21:55:00,2024-10-23 21:59:00,4.0
2024-10-23,arrival,Zurich,Dublin,swiss,Landed,21:55,22:04,2024-10-23 21:55:00,2024-10-23 22:04:00,9.0
2024-10-23,arrival,Zurich,Frankfurt FRA,swiss,Landed,21:55,22:14,2024-10-23 21:55:00,2024-10-23 22:14:00,19.0
2024-10-23,arrival,Zurich,Wroclaw,swiss,Landed,22:00,21:53,2024-10-23 22:00:00,2024-10-23 21:53:00,-7.0
2024-10-23,arrival,Zurich,Ibiza,edelweiss,Landed,22:00,21:41,2024-10-23 22:00:00,2024-10-23 21:41:00,-19.0
2024-10-23,arrival,Zurich,Berlin,swiss,Landed,22:00,22:04,2024-10-23 22:00:00,2024-10-23 22:04:00,4.0
2024-10-23,arrival,Zurich,Madrid,swiss,Landed,22:00,22:10,2024-10-23 22:00:00,2024-10-23 22:10:00,10.0
2024-10-23,arrival,Zurich,Skopje,chair,Landed,22:05,21:50,2024-10-23 22:05:00,2024-10-23 21:50:00,-15.0
2024-10-23,arrival,Zurich,Madrid,iberia,Landed,22:20,22:28,2024-10-23 22:20:00,2024-10-23 22:28:00,8.0
2024-10-23,arrival,Zurich,Istanbul IST,turkish,Landed,22:20,22:23,2024-10-23 22:20:00,2024-10-23 22:23:00,3.0
2024-10-23,arrival,Zurich,Brindisi,swiss,Landed,22:25,22:17,2024-10-23 22:25:00,2024-10-23 22:17:00,-8.0
2024-10-23,arrival,Zurich,Amsterdam,klm,Landed,22:25,22:18,2024-10-23 22:25:00,2024-10-23 22:18:00,-7.0
2024-10-23,arrival,Zurich,Pristina,chair,Landed,22:25,22:20,2024-10-23 22:25:00,2024-10-23 22:20:00,-5.0
2024-10-23,arrival,Zurich,Paris CDG,airfrance,Landed,22:30,22:26,2024-10-23 22:30:00,2024-10-23 22:26:00,-4.0
2024-10-23,arrival,Zurich,London LHR,british,Landed,22:30,23:07,2024-10-23 22:30:00,2024-10-23 23:07:00,37.0
2024-10-23,arrival,Zurich,Hurghada,edelweiss,Landed,22:35,22:35,2024-10-23 22:35:00,2024-10-23 22:35:00,0.0
2024-10-23,arrival,Zurich,Catania,edelweiss,Landed,22:40,22:39,2024-10-23 22:40:00,2024-10-23 22:39:00,-1.0
2024-10-23,arrival,Zurich,Kos,edelweiss,Landed,22:40,22:40,2024-10-23 22:40:00,2024-10-23 22:40:00,0.0
2024-10-23,arrival,Zurich,Skopje,edelweiss,Landed,22:45,22:30,2024-10-23 22:45:00,2024-10-23 22:30:00,-15.0
2024-10-23,arrival,Zurich,London LHR,swiss,Landed,22:45,23:18,2024-10-23 22:45:00,2024-10-23 23:18:00,33.0
2024-10-23,arrival,Zurich,Heraklion,chair,Landed,22:50,22:32,2024-10-23 22:50:00,2024-10-23 22:32:00,-18.0
2024-10-23,arrival,Zurich,Gran Canaria,edelweiss,Landed,22:50,23:21,2024-10-23 22:50:00,2024-10-23 23:21:00,31.0
2024-10-23,arrival,Zurich,Antalya,edelweiss,Landed,22:50,22:43,2024-10-23 22:50:00,2024-10-23 22:43:00,-7.0
2024-10-23,arrival,Zurich,Pristina,edelweiss,Landed,22:55,22:47,2024-10-23 22:55:00,2024-10-23 22:47:00,-8.0
2024-10-23,arrival,Zurich,Marrakeshvia Agadir,edelweiss,Landed,22:55,23:12,2024-10-23 22:55:00,2024-10-23 23:12:00,17.0
2024-10-23,arrival,Zurich,Larnaca,edelweiss,Landed,22:55,23:03,2024-10-23 22:55:00,2024-10-23 23:03:00,8.0
2024-10-23,arrival,Zurich,Warsaw,lot,Landed,19:05,19:23,2024-10-23 19:05:00,2024-10-23 19:23:00,18.0
2024-10-23,arrival,Zurich,Delhi,air_india_logo,Landed,19:15,18:56,2024-10-23 19:15:00,2024-10-23 18:56:00,-19.0
2024-10-23,arrival,Zurich,Zagreb,croatia_v2,Landed,19:20,19:39,2024-10-23 19:20:00,2024-10-23 19:39:00,19.0
2024-10-23,arrival,Zurich,Pristina,gp-aviation,Landed,19:20,19:36,2024-10-23 19:20:00,2024-10-23 19:36:00,16.0
2024-10-23,arrival,Zurich,Lisbon,swiss,Landed,19:30,19:45,2024-10-23 19:30:00,2024-10-23 19:45:00,15.0
2024-10-23,arrival,Zurich,Edinburgh,edelweiss,Landed,19:30,19:40,2024-10-23 19:30:00,2024-10-23 19:40:00,10.0
2024-10-23,arrival,Zurich,Berlin,euro,Landed,19:35,19:25,2024-10-23 19:35:00,2024-10-23 19:25:00,-10.0
2024-10-23,arrival,Zurich,Munich,lufthansa_neu,Landed,19:35,19:51,2024-10-23 19:35:00,2024-10-23 19:51:00,16.0
2024-10-23,arrival,Zurich,Bangkok,swiss,Landed,19:35,19:49,2024-10-23 19:35:00,2024-10-23 19:49:00,14.0
2024-10-23,arrival,Zurich,Malaga,swiss,Landed,19:40,20:14,2024-10-23 19:40:00,2024-10-23 20:14:00,34.0
2024-10-23,arrival,Zurich,Geneva,swiss,Landed,19:40,19:43,2024-10-23 19:40:00,2024-10-23 19:43:00,3.0
2024-10-23,arrival,Zurich,Cologne Bonn,euro,Landed,19:40,20:22,2024-10-23 19:40:00,2024-10-23 20:22:00,42.0
2024-10-23,arrival,Zurich,Copenhagen,sas,Landed,19:45,19:30,2024-10-23 19:45:00,2024-10-23 19:30:00,-15.0
2024-10-23,arrival,Zurich,Hamburg,euro,Landed,19:50,20:43,2024-10-23 19:50:00,2024-10-23 20:43:00,53.0
2024-10-23,arrival,Zurich,London LHR,swiss,Landed,19:55,20:33,2024-10-23 19:55:00,2024-10-23 20:33:00,38.0
2024-10-23,arrival,Zurich,Belgrade,serbia,Landed,20:00,19:54,2024-10-23 20:00:00,2024-10-23 19:54:00,-6.0
2024-10-23,arrival,Zurich,Vienna,austrian,Landed,20:00,20:02,2024-10-23 20:00:00,2024-10-23 20:02:00,2.0
2024-10-23,arrival,Zurich,Düsseldorf,swiss,Landed,20:05,20:12,2024-10-23 20:05:00,2024-10-23 20:12:00,7.0
2024-10-23,arrival,Zurich,Milan MXP,swiss,Landed,20:05,20:17,2024-10-23 20:05:00,2024-10-23 20:17:00,12.0
2024-10-23,arrival,Zurich,Luxembourg,swiss,Landed,20:05,20:22,2024-10-23 20:05:00,2024-10-23 20:22:00,17.0
2024-10-23,arrival,Zurich,Berlin,swiss,Landed,20:10,20:30,2024-10-23 20:10:00,2024-10-23 20:30:00,20.0
2024-10-23,arrival,Zurich,Berlin,easyjet,Landed,20:15,20:47,2024-10-23 20:15:00,2024-10-23 20:47:00,32.0
2024-10-23,arrival,Zurich,Stuttgart,swiss,Landed,20:15,20:23,2024-10-23 20:15:00,2024-10-23 20:23:00,8.0
2024-10-23,arrival,Zurich,Palma De Mallorca,swiss,Landed,20:15,20:19,2024-10-23 20:15:00,2024-10-23 20:19:00,4.0
2024-10-23,arrival,Zurich,Dubai,emirates-neu,Landed,20:20,20:01,2024-10-23 20:20:00,2024-10-23 20:01:00,-19.0
2024-10-23,arrival,Zurich,Florence,swiss,Landed,20:20,20:21,2024-10-23 20:20:00,2024-10-23 20:21:00,1.0
2024-10-23,arrival,Zurich,Brussels,swiss,Landed,20:25,20:51,2024-10-23 20:25:00,2024-10-23 20:51:00,26.0
2024-10-23,arrival,Zurich,Nice,swiss,Landed,20:25,20:27,2024-10-23 20:25:00,2024-10-23 20:27:00,2.0
2024-10-23,arrival,Zurich,Barcelona,swiss,Landed,20:25,20:13,2024-10-23 20:25:00,2024-10-23 20:13:00,-12.0
2024-10-23,arrival,Zurich,Prague,swiss,Landed,20:30,20:54,2024-10-23 20:30:00,2024-10-23 20:54:00,24.0
2024-10-23,arrival,Zurich,Hamburg,swiss,Landed,20:30,20:44,2024-10-23 20:30:00,2024-10-23 20:44:00,14.0
2024-10-23,arrival,Zurich,Venice,swiss,Landed,20:30,20:33,2024-10-23 20:30:00,2024-10-23 20:33:00,3.0
2024-10-23,arrival,Zurich,London LCY,swiss,Landed,20:35,20:49,2024-10-23 20:35:00,2024-10-23 20:49:00,14.0
2024-10-23,arrival,Zurich,London LGW,easyjet,Landed,20:50,20:57,2024-10-23 20:50:00,2024-10-23 20:57:00,7.0
2024-10-23,arrival,Zurich,Alicante,easyjet,Landed,20:55,20:55,2024-10-23 20:55:00,2024-10-23 20:55:00,0.0
2024-10-23,arrival,Zurich,Valencia,swiss,Landed,17:05,17:35,2024-10-23 17:05:00,2024-10-23 17:35:00,30.0
2024-10-23,arrival,Zurich,Berlin,swiss,Landed,17:10,17:20,2024-10-23 17:10:00,2024-10-23 17:20:00,10.0
2024-10-23,arrival,Zurich,Madrid,europa,Landed,17:10,17:02,2024-10-23 17:10:00,2024-10-23 17:02:00,-8.0
2024-10-23,arrival,Zurich,Lisbon,tap,Landed,17:15,17:10,2024-10-23 17:15:00,2024-10-23 17:10:00,-5.0
2024-10-23,arrival,Zurich,Sharm El Sheikh,edelweiss,Landed,17:15,17:37,2024-10-23 17:15:00,2024-10-23 17:37:00,22.0
2024-10-23,arrival,Zurich,Barcelona,vueling,Landed,17:20,17:16,2024-10-23 17:20:00,2024-10-23 17:16:00,-4.0
2024-10-23,arrival,Zurich,Brindisi,swiss,Landed,17:20,18:11,2024-10-23 17:20:00,2024-10-23 18:11:00,51.0
2024-10-23,arrival,Zurich,Frankfurt FRA,lufthansa_neu,Landed,17:25,17:38,2024-10-23 17:25:00,2024-10-23 17:38:00,13.0
2024-10-23,arrival,Zurich,Istanbul IST,turkish,Landed,17:35,17:21,2024-10-23 17:35:00,2024-10-23 17:21:00,-14.0
2024-10-23,arrival,Zurich,Bucharest,swiss,Landed,17:35,17:51,2024-10-23 17:35:00,2024-10-23 17:51:00,16.0
2024-10-23,arrival,Zurich,Antalya,sun,Landed,17:35,17:52,2024-10-23 17:35:00,2024-10-23 17:52:00,17.0
2024-10-23,arrival,Zurich,Heraklion,aegan,Landed,17:55,17:39,2024-10-23 17:55:00,2024-10-23 17:39:00,-16.0
2024-10-23,arrival,Zurich,Vienna,austrian,Landed,18:00,18:01,2024-10-23 18:00:00,2024-10-23 18:01:00,1.0
2024-10-23,arrival,Zurich,Paris CDG,airfrance,Landed,18:05,18:16,2024-10-23 18:05:00,2024-10-23 18:16:00,11.0
2024-10-23,arrival,Zurich,Corfu,edelweiss,Landed,18:05,17:52,2024-10-23 18:05:00,2024-10-23 17:52:00,-13.0
2024-10-23,arrival,Zurich,Athens,aegan,Landed,18:05,17:55,2024-10-23 18:05:00,2024-10-23 17:55:00,-10.0
2024-10-23,arrival,Zurich,Mauritius,edelweiss,Landed,18:10,17:57,2024-10-23 18:10:00,2024-10-23 17:57:00,-13.0
2024-10-23,arrival,Zurich,Shanghai,swiss,Landed,18:15,17:24,2024-10-23 18:15:00,2024-10-23 17:24:00,-51.0
2024-10-23,arrival,Zurich,Stockholm ARN,swiss,Landed,18:20,18:14,2024-10-23 18:20:00,2024-10-23 18:14:00,-6.0
2024-10-23,arrival,Zurich,Riga,baltic,Landed,18:20,18:30,2024-10-23 18:20:00,2024-10-23 18:30:00,10.0
2024-10-23,arrival,Zurich,Helsinki,finnair,Landed,18:20,18:19,2024-10-23 18:20:00,2024-10-23 18:19:00,-1.0
2024-10-23,arrival,Zurich,Düsseldorf,euro,Landed,18:30,18:34,2024-10-23 18:30:00,2024-10-23 18:34:00,4.0
2024-10-23,arrival,Zurich,Athens,swiss,Landed,18:35,18:54,2024-10-23 18:35:00,2024-10-23 18:54:00,19.0
2024-10-23,arrival,Zurich,Antalya,sun,Landed,18:35,18:19,2024-10-23 18:35:00,2024-10-23 18:19:00,-16.0
2024-10-23,arrival,Zurich,Amsterdam,klm,Landed,18:40,18:57,2024-10-23 18:40:00,2024-10-23 18:57:00,17.0
2024-10-23,arrival,Zurich,London LCY,british,Landed,18:40,18:46,2024-10-23 18:40:00,2024-10-23 18:46:00,6.0
2024-10-23,arrival,Zurich,Madrid,iberia,Landed,18:55,19:13,2024-10-23 18:55:00,2024-10-23 19:13:00,18.0
2024-10-23,arrival,Zurich,London LHR,british,Landed,18:55,20:14,2024-10-23 18:55:00,2024-10-23 20:14:00,79.0
2024-10-23,arrival,Zurich,Porto,easyjet,Landed,15:00,14:48,2024-10-23 15:00:00,2024-10-23 14:48:00,-12.0
2024-10-23,arrival,Zurich,Düsseldorf,euro,Landed,15:00,14:54,2024-10-23 15:00:00,2024-10-23 14:54:00,-6.0
2024-10-23,arrival,Zurich,Alicante,swiss,Landed,15:00,15:10,2024-10-23 15:00:00,2024-10-23 15:10:00,10.0
2024-10-23,arrival,Zurich,Istanbul SAW,pegasus,Landed,15:05,14:57,2024-10-23 15:05:00,2024-10-23 14:57:00,-8.0
2024-10-23,arrival,Zurich,Hamburg,euro,Landed,15:15,15:32,2024-10-23 15:15:00,2024-10-23 15:32:00,17.0
2024-10-23,arrival,Zurich,Las Vegas,edelweiss,Landed,15:20,15:16,2024-10-23 15:20:00,2024-10-23 15:16:00,-4.0
2024-10-23,arrival,Zurich,Fuerteventura,edelweiss,Landed,15:20,15:20,2024-10-23 15:20:00,2024-10-23 15:20:00,0.0
2024-10-23,arrival,Zurich,Sofia,swiss,Landed,15:30,15:08,2024-10-23 15:30:00,2024-10-23 15:08:00,-22.0
2024-10-23,arrival,Zurich,Stuttgart,swiss,Cancelled,15:35,15:35,2024-10-23 15:35:00,2024-10-23 15:35:00,0.0
2024-10-23,arrival,Zurich,Cologne Bonn,euro,Landed,15:35,15:59,2024-10-23 15:35:00,2024-10-23 15:59:00,24.0
2024-10-23,arrival,Zurich,Tenerife,edelweiss,Landed,15:40,15:36,2024-10-23 15:40:00,2024-10-23 15:36:00,-4.0
2024-10-23,arrival,Zurich,Los Angeles,swiss,Landed,15:40,15:21,2024-10-23 15:40:00,2024-10-23 15:21:00,-19.0
2024-10-23,arrival,Zurich,London LCY,swiss,Landed,15:40,16:04,2024-10-23 15:40:00,2024-10-23 16:04:00,24.0
2024-10-23,arrival,Zurich,Luxembourg,swiss,Landed,15:45,15:42,2024-10-23 15:45:00,2024-10-23 15:42:00,-3.0
2024-10-23,arrival,Zurich,Milan MXP,swiss,Landed,15:45,15:46,2024-10-23 15:45:00,2024-10-23 15:46:00,1.0
2024-10-23,arrival,Zurich,Stockholm ARN,swiss,Landed,15:45,15:31,2024-10-23 15:45:00,2024-10-23 15:31:00,-14.0
2024-10-23,arrival,Zurich,Geneva,swiss,Landed,15:50,16:24,2024-10-23 15:50:00,2024-10-23 16:24:00,34.0
2024-10-23,arrival,Zurich,San Francisco,swiss,Landed,15:50,15:23,2024-10-23 15:50:00,2024-10-23 15:23:00,-27.0
2024-10-23,arrival,Zurich,Vienna,swiss,Landed,15:50,15:37,2024-10-23 15:50:00,2024-10-23 15:37:00,-13.0
2024-10-23,arrival,Zurich,Malaga,swiss,Landed,15:55,15:56,2024-10-23 15:55:00,2024-10-23 15:56:00,1.0
2024-10-23,arrival,Zurich,Podgorica,air-montenegro,Landed,15:55,15:43,2024-10-23 15:55:00,2024-10-23 15:43:00,-12.0
2024-10-23,arrival,Zurich,Porto,swiss,Landed,15:55,16:19,2024-10-23 15:55:00,2024-10-23 16:19:00,24.0
2024-10-23,arrival,Zurich,Frankfurt FRA,swiss,Landed,15:55,16:12,2024-10-23 15:55:00,2024-10-23 16:12:00,17.0
2024-10-23,arrival,Zurich,Palma De Mallorca,edelweiss,Landed,16:00,16:05,2024-10-23 16:00:00,2024-10-23 16:05:00,5.0
2024-10-23,arrival,Zurich,Marseille,swiss,Landed,16:00,15:50,2024-10-23 16:00:00,2024-10-23 15:50:00,-10.0
2024-10-23,arrival,Zurich,Düsseldorf,swiss,Landed,16:00,16:45,2024-10-23 16:00:00,2024-10-23 16:45:00,45.0
2024-10-23,arrival,Zurich,Venice,swiss,Landed,16:05,16:00,2024-10-23 16:05:00,2024-10-23 16:00:00,-5.0
2024-10-23,arrival,Zurich,Nice,swiss,Landed,16:05,16:55,2024-10-23 16:05:00,2024-10-23 16:55:00,50.0
2024-10-23,arrival,Zurich,Palma De Mallorca,chair,Landed,16:10,16:05,2024-10-23 16:10:00,2024-10-23 16:05:00,-5.0
2024-10-23,arrival,Zurich,Florence,swiss,Landed,16:10,17:19,2024-10-23 16:10:00,2024-10-23 17:19:00,69.0
2024-10-23,arrival,Zurich,Bologna,swiss,Landed,16:10,15:51,2024-10-23 16:10:00,2024-10-23 15:51:00,-19.0
2024-10-23,arrival,Zurich,Athens,swiss,Landed,16:15,16:08,2024-10-23 16:15:00,2024-10-23 16:08:00,-7.0
2024-10-23,arrival,Zurich,Prague,swiss,Landed,16:15,16:12,2024-10-23 16:15:00,2024-10-23 16:12:00,-3.0
2024-10-23,arrival,Zurich,Brussels,swiss,Landed,16:15,16:16,2024-10-23 16:15:00,2024-10-23 16:16:00,1.0
2024-10-23,arrival,Zurich,Dublin,swiss,Landed,16:15,16:15,2024-10-23 16:15:00,2024-10-23 16:15:00,0.0
2024-10-23,arrival,Zurich,Munich,lufthansa_neu,Landed,16:20,16:43,2024-10-23 16:20:00,2024-10-23 16:43:00,23.0
2024-10-23,arrival,Zurich,Berlin,swiss,Landed,16:20,16:22,2024-10-23 16:20:00,2024-10-23 16:22:00,2.0
2024-10-23,arrival,Zurich,Paris CDG,swiss,Landed,16:20,16:16,2024-10-23 16:20:00,2024-10-23 16:16:00,-4.0
2024-10-23,arrival,Zurich,Hamburg,swiss,Landed,16:25,16:33,2024-10-23 16:25:00,2024-10-23 16:33:00,8.0
2024-10-23,arrival,Zurich,Budapest,swiss,Landed,16:25,16:18,2024-10-23 16:25:00,2024-10-23 16:18:00,-7.0
2024-10-23,arrival,Zurich,Oslo OSL,swiss,Landed,16:25,16:09,2024-10-23 16:25:00,2024-10-23 16:09:00,-16.0
2024-10-23,arrival,Zurich,London LHR,swiss,Landed,16:30,17:01,2024-10-23 16:30:00,2024-10-23 17:01:00,31.0
2024-10-23,arrival,Zurich,Hurghada,chair,Landed,16:30,16:27,2024-10-23 16:30:00,2024-10-23 16:27:00,-3.0
2024-10-23,arrival,Zurich,Naples,swiss,Landed,16:30,17:00,2024-10-23 16:30:00,2024-10-23 17:00:00,30.0
2024-10-23,arrival,Zurich,Palermo,swiss,Landed,16:35,16:37,2024-10-23 16:35:00,2024-10-23 16:37:00,2.0
2024-10-23,arrival,Zurich,Belgrade,swiss,Landed,16:35,16:51,2024-10-23 16:35:00,2024-10-23 16:51:00,16.0
2024-10-23,arrival,Zurich,Košice,swiss,Landed,16:35,16:40,2024-10-23 16:35:00,2024-10-23 16:40:00,5.0
2024-10-23,arrival,Zurich,Amsterdam,swiss,Landed,16:35,17:31,2024-10-23 16:35:00,2024-10-23 17:31:00,56.0
2024-10-23,arrival,Zurich,Gdansk,swiss,Landed,16:40,17:13,2024-10-23 16:40:00,2024-10-23 17:13:00,33.0
2024-10-23,arrival,Zurich,Barcelona,swiss,Landed,16:40,16:42,2024-10-23 16:40:00,2024-10-23 16:42:00,2.0
2024-10-23,arrival,Zurich,Tirana,swiss,Landed,16:40,16:54,2024-10-23 16:40:00,2024-10-23 16:54:00,14.0
2024-10-23,arrival,Zurich,Amsterdam,klm,Landed,16:45,17:10,2024-10-23 16:45:00,2024-10-23 17:10:00,25.0
2024-10-23,arrival,Zurich,Rome FCO,swiss,Landed,16:45,17:28,2024-10-23 16:45:00,2024-10-23 17:28:00,43.0
2024-10-23,arrival,Zurich,Seoul,swiss,Landed,16:50,16:33,2024-10-23 16:50:00,2024-10-23 16:33:00,-17.0
2024-10-23,arrival,Zurich,Warsaw,swiss,Landed,16:50,16:40,2024-10-23 16:50:00,2024-10-23 16:40:00,-10.0
2024-10-23,arrival,Zurich,Palma De Mallorca,swiss,Landed,16:55,16:50,2024-10-23 16:55:00,2024-10-23 16:50:00,-5.0
2024-10-23,arrival,Zurich,Copenhagen,swiss,Landed,16:55,16:51,2024-10-23 16:55:00,2024-10-23 16:51:00,-4.0
2024-10-23,arrival,Zurich,Gothenburg,swiss,Landed,16:55,17:47,2024-10-23 16:55:00,2024-10-23 17:47:00,52.0
2024-10-23,arrival,Zurich,Palma De Mallorca,vueling,Landed,13:05,13:08,2024-10-23 13:05:00,2024-10-23 13:08:00,3.0
2024-10-23,arrival,Zurich,Reykjavík,iceland,Landed,13:05,12:56,2024-10-23 13:05:00,2024-10-23 12:56:00,-9.0
2024-10-23,arrival,Zurich,Faro,edelweiss,Landed,13:10,13:13,2024-10-23 13:10:00,2024-10-23 13:13:00,3.0
2024-10-23,arrival,Zurich,Malta,km_malta_airlines,Landed,13:10,13:49,2024-10-23 13:10:00,2024-10-23 13:49:00,39.0
2024-10-23,arrival,Zurich,Dubai,emirates-neu,Landed,13:20,13:14,2024-10-23 13:20:00,2024-10-23 13:14:00,-6.0
2024-10-23,arrival,Zurich,Oslo OSL,sas,Landed,13:20,13:35,2024-10-23 13:20:00,2024-10-23 13:35:00,15.0
2024-10-23,arrival,Zurich,Rhodes,edelweiss,Landed,13:25,13:47,2024-10-23 13:25:00,2024-10-23 13:47:00,22.0
2024-10-23,arrival,Zurich,Paris CDG,airfrance,Landed,13:45,14:00,2024-10-23 13:45:00,2024-10-23 14:00:00,15.0
2024-10-23,arrival,Zurich,Amsterdam,klm,Landed,13:45,15:28,2024-10-23 13:45:00,2024-10-23 15:28:00,103.0
2024-10-23,arrival,Zurich,Cairo,egypt-air,Landed,13:55,13:37,2024-10-23 13:55:00,2024-10-23 13:37:00,-18.0
2024-10-23,arrival,Zurich,Doha,qatar,Landed,14:00,13:49,2024-10-23 14:00:00,2024-10-23 13:49:00,-11.0
2024-10-23,arrival,Zurich,Frankfurt FRA,lufthansa_neu,Landed,14:00,13:58,2024-10-23 14:00:00,2024-10-23 13:58:00,-2.0
2024-10-23,arrival,Zurich,Naples,easyjet,Landed,14:05,14:05,2024-10-23 14:05:00,2024-10-23 14:05:00,0.0
2024-10-23,arrival,Zurich,Istanbul IST,turkish,Landed,14:05,13:53,2024-10-23 14:05:00,2024-10-23 13:53:00,-12.0
2024-10-23,arrival,Zurich,Vienna,austrian,Landed,14:20,14:15,2024-10-23 14:20:00,2024-10-23 14:15:00,-5.0
2024-10-23,arrival,Zurich,London LCY,british,Cancelled,14:20,14:20,2024-10-23 14:20:00,2024-10-23 14:20:00,0.0
2024-10-23,arrival,Zurich,Valencia,swiss,Landed,14:30,14:34,2024-10-23 14:30:00,2024-10-23 14:34:00,4.0
2024-10-23,arrival,Zurich,Larnaca,edelweiss,Landed,14:30,14:32,2024-10-23 14:30:00,2024-10-23 14:32:00,2.0
2024-10-23,arrival,Zurich,London LHR,british,Landed,14:35,15:06,2024-10-23 14:35:00,2024-10-23 15:06:00,31.0
2024-10-23,arrival,Zurich,Palma De Mallorca,swiss,Landed,14:45,14:39,2024-10-23 14:45:00,2024-10-23 14:39:00,-6.0
2024-10-23,arrival,Zurich,Larnaca,chair,Landed,14:45,14:46,2024-10-23 14:45:00,2024-10-23 14:46:00,1.0
2024-10-23,arrival,Zurich,London LHR,swiss,Landed,14:45,15:55,2024-10-23 14:45:00,2024-10-23 15:55:00,70.0
2024-10-23,arrival,Zurich,Riyadh,saudia_logo,Landed,14:45,14:45,2024-10-23 14:45:00,2024-10-23 14:45:00,0.0
2024-10-23,arrival,Zurich,Madeira,edelweiss,Landed,14:50,14:52,2024-10-23 14:50:00,2024-10-23 14:52:00,2.0
2024-10-23,arrival,Zurich,Hamburg,swiss,Landed,11:00,11:40,2024-10-23 11:00:00,2024-10-23 11:40:00,40.0
2024-10-23,arrival,Zurich,Vienna,swiss,Landed,11:00,11:24,2024-10-23 11:00:00,2024-10-23 11:24:00,24.0
2024-10-23,arrival,Zurich,Hanover,swiss,Landed,11:00,11:13,2024-10-23 11:00:00,2024-10-23 11:13:00,13.0
2024-10-23,arrival,Zurich,Madrid,iberia,Landed,11:05,11:02,2024-10-23 11:05:00,2024-10-23 11:02:00,-3.0
2024-10-23,arrival,Zurich,Paris CDG,swiss,Landed,11:05,11:37,2024-10-23 11:05:00,2024-10-23 11:37:00,32.0
2024-10-23,arrival,Zurich,Amsterdam,klm,Landed,11:05,12:36,2024-10-23 11:05:00,2024-10-23 12:36:00,91.0
2024-10-23,arrival,Zurich,Brussels,swiss,Landed,11:05,11:51,2024-10-23 11:05:00,2024-10-23 11:51:00,46.0
2024-10-23,arrival,Zurich,Menorca,edelweiss,Landed,11:10,11:07,2024-10-23 11:10:00,2024-10-23 11:07:00,-3.0
2024-10-23,arrival,Zurich,Berlin,swiss,Landed,11:10,11:03,2024-10-23 11:10:00,2024-10-23 11:03:00,-7.0
2024-10-23,arrival,Zurich,Krakow,swiss,Landed,11:10,11:13,2024-10-23 11:10:00,2024-10-23 11:13:00,3.0
2024-10-23,arrival,Zurich,Boston,swiss,Landed,11:10,11:34,2024-10-23 11:10:00,2024-10-23 11:34:00,24.0
2024-10-23,arrival,Zurich,Amsterdam,swiss,Landed,11:15,11:38,2024-10-23 11:15:00,2024-10-23 11:38:00,23.0
2024-10-23,arrival,Zurich,Florence,swiss,Landed,11:15,12:11,2024-10-23 11:15:00,2024-10-23 12:11:00,56.0
2024-10-23,arrival,Zurich,Budapest,swiss,Landed,11:20,12:33,2024-10-23 11:20:00,2024-10-23 12:33:00,73.0
2024-10-23,arrival,Zurich,Rome FCO,swiss,Landed,11:20,11:34,2024-10-23 11:20:00,2024-10-23 11:34:00,14.0
2024-10-23,arrival,Zurich,Vancouver,edelweiss,Landed,11:25,11:16,2024-10-23 11:25:00,2024-10-23 11:16:00,-9.0
2024-10-23,arrival,Zurich,Barcelona,swiss,Landed,11:25,11:42,2024-10-23 11:25:00,2024-10-23 11:42:00,17.0
2024-10-23,arrival,Zurich,Copenhagen,swiss,Landed,11:30,12:36,2024-10-23 11:30:00,2024-10-23 12:36:00,66.0
2024-10-23,arrival,Zurich,Belgrade,swiss,Landed,11:30,11:38,2024-10-23 11:30:00,2024-10-23 11:38:00,8.0
2024-10-23,arrival,Zurich,Milan MXP,swiss,Landed,11:35,11:43,2024-10-23 11:35:00,2024-10-23 11:43:00,8.0
2024-10-23,arrival,Zurich,Newark,swiss,Landed,11:35,12:51,2024-10-23 11:35:00,2024-10-23 12:51:00,76.0
2024-10-23,arrival,Zurich,London LHR,swiss,Landed,11:35,11:51,2024-10-23 11:35:00,2024-10-23 11:51:00,16.0
2024-10-23,arrival,Zurich,Bristol,swiss,Landed,11:35,12:26,2024-10-23 11:35:00,2024-10-23 12:26:00,51.0
2024-10-23,arrival,Zurich,Bordeaux,swiss,Landed,11:40,12:03,2024-10-23 11:40:00,2024-10-23 12:03:00,23.0
2024-10-23,arrival,Zurich,Sarajevo,swiss,Landed,11:40,12:48,2024-10-23 11:40:00,2024-10-23 12:48:00,68.0
2024-10-23,arrival,Zurich,Palermo,swiss,Landed,11:45,12:23,2024-10-23 11:45:00,2024-10-23 12:23:00,38.0
2024-10-23,arrival,Zurich,Geneva,swiss,Landed,11:45,11:57,2024-10-23 11:45:00,2024-10-23 11:57:00,12.0
2024-10-23,arrival,Zurich,Palma De Mallorca,swiss,Landed,11:45,11:47,2024-10-23 11:45:00,2024-10-23 11:47:00,2.0
2024-10-23,arrival,Zurich,Luxembourg,swiss,Landed,11:45,11:46,2024-10-23 11:45:00,2024-10-23 11:46:00,1.0
2024-10-23,arrival,Zurich,Manchester,swiss,Landed,11:50,13:30,2024-10-23 11:50:00,2024-10-23 13:30:00,100.0
2024-10-23,arrival,Zurich,Stuttgart,swiss,Landed,11:50,12:19,2024-10-23 11:50:00,2024-10-23 12:19:00,29.0
2024-10-23,arrival,Zurich,Birmingham,swiss,Landed,11:50,12:07,2024-10-23 11:50:00,2024-10-23 12:07:00,17.0
2024-10-23,arrival,Zurich,Pristina,edelweiss,Landed,11:55,11:41,2024-10-23 11:55:00,2024-10-23 11:41:00,-14.0
2024-10-23,arrival,Zurich,London LCY,swiss,Landed,11:55,12:21,2024-10-23 11:55:00,2024-10-23 12:21:00,26.0
2024-10-23,arrival,Zurich,Ljubljana,swiss,Landed,11:55,12:26,2024-10-23 11:55:00,2024-10-23 12:26:00,31.0
2024-10-23,arrival,Zurich,Malta,swiss,Landed,11:55,12:31,2024-10-23 11:55:00,2024-10-23 12:31:00,36.0
2024-10-23,arrival,Zurich,Bologna,swiss,Landed,12:00,12:21,2024-10-23 12:00:00,2024-10-23 12:21:00,21.0
2024-10-23,arrival,Zurich,London LHR,british,Landed,12:00,12:13,2024-10-23 12:00:00,2024-10-23 12:13:00,13.0
2024-10-23,arrival,Zurich,Venice,swiss,Landed,12:00,11:54,2024-10-23 12:00:00,2024-10-23 11:54:00,-6.0
2024-10-23,arrival,Zurich,Thessaloniki,swiss,Landed,12:05,11:58,2024-10-23 12:05:00,2024-10-23 11:58:00,-7.0
2024-10-23,arrival,Zurich,Geneva,swiss,Landed,12:05,12:34,2024-10-23 12:05:00,2024-10-23 12:34:00,29.0
2024-10-23,arrival,Zurich,Porto,swiss,Landed,12:10,12:18,2024-10-23 12:10:00,2024-10-23 12:18:00,8.0
2024-10-23,arrival,Zurich,Hamburg,swiss,Landed,12:10,12:30,2024-10-23 12:10:00,2024-10-23 12:30:00,20.0
2024-10-23,arrival,Zurich,Vienna,austrian,Landed,12:15,12:09,2024-10-23 12:15:00,2024-10-23 12:09:00,-6.0
2024-10-23,arrival,Zurich,Berlin,swiss,Landed,12:20,12:17,2024-10-23 12:20:00,2024-10-23 12:17:00,-3.0
2024-10-23,arrival,Zurich,Madrid,swiss,Landed,12:25,13:06,2024-10-23 12:25:00,2024-10-23 13:06:00,41.0
2024-10-23,arrival,Zurich,Heraklion,edelweiss,Landed,12:25,12:51,2024-10-23 12:25:00,2024-10-23 12:51:00,26.0
2024-10-23,arrival,Zurich,Munich,lufthansa_neu,Landed,12:40,12:46,2024-10-23 12:40:00,2024-10-23 12:46:00,6.0
2024-10-23,arrival,Zurich,Malaga,swiss,Landed,09:10,09:09,2024-10-23 09:10:00,2024-10-23 09:09:00,-1.0
2024-10-23,arrival,Zurich,Berlin,euro,Landed,09:15,09:04,2024-10-23 09:15:00,2024-10-23 09:04:00,-11.0
2024-10-23,arrival,Zurich,Istanbul IST,turkish,Landed,09:20,09:31,2024-10-23 09:20:00,2024-10-23 09:31:00,11.0
2024-10-23,arrival,Zurich,London LHR,british,Cancelled,09:25,09:25,2024-10-23 09:25:00,2024-10-23 09:25:00,0.0
2024-10-23,arrival,Zurich,London LCY,british,Landed,09:30,09:21,2024-10-23 09:30:00,2024-10-23 09:21:00,-9.0
2024-10-23,arrival,Zurich,Madrid,europa,Landed,09:30,09:19,2024-10-23 09:30:00,2024-10-23 09:19:00,-11.0
2024-10-23,arrival,Zurich,Izmir,sun,Landed,09:35,09:21,2024-10-23 09:35:00,2024-10-23 09:21:00,-14.0
2024-10-23,arrival,Zurich,Copenhagen,sas,Landed,09:40,09:24,2024-10-23 09:40:00,2024-10-23 09:24:00,-16.0
2024-10-23,arrival,Zurich,Warsaw,lot,Landed,09:40,09:35,2024-10-23 09:40:00,2024-10-23 09:35:00,-5.0
2024-10-23,arrival,Zurich,Vienna,austrian,Landed,09:45,09:40,2024-10-23 09:45:00,2024-10-23 09:40:00,-5.0
2024-10-23,arrival,Zurich,Frankfurt FRA,swiss,Landed,09:45,10:38,2024-10-23 09:45:00,2024-10-23 10:38:00,53.0
2024-10-23,arrival,Zurich,Tel Aviv,elalisrael,Landed,09:45,10:05,2024-10-23 09:45:00,2024-10-23 10:05:00,20.0
2024-10-23,arrival,Zurich,Helsinki,finnair,Landed,09:45,09:42,2024-10-23 09:45:00,2024-10-23 09:42:00,-3.0
2024-10-23,arrival,Zurich,London LGW,easyjet,Landed,09:50,10:18,2024-10-23 09:50:00,2024-10-23 10:18:00,28.0
2024-10-23,arrival,Zurich,Lisbon,swiss,Landed,09:55,09:47,2024-10-23 09:55:00,2024-10-23 09:47:00,-8.0
2024-10-23,arrival,Zurich,Munich,swiss,Landed,10:00,10:02,2024-10-23 10:00:00,2024-10-23 10:02:00,2.0
2024-10-23,arrival,Zurich,Antalya,pegasus,Landed,10:10,10:23,2024-10-23 10:10:00,2024-10-23 10:23:00,13.0
2024-10-23,arrival,Zurich,Lisbon,easyjet,Landed,10:20,09:43,2024-10-23 10:20:00,2024-10-23 09:43:00,-37.0
2024-10-23,arrival,Zurich,Athens,aegan,Landed,10:20,10:08,2024-10-23 10:20:00,2024-10-23 10:08:00,-12.0
2024-10-23,arrival,Zurich,San Francisco,united,Landed,10:20,10:00,2024-10-23 10:20:00,2024-10-23 10:00:00,-20.0
2024-10-23,arrival,Zurich,Toronto,canada,Landed,10:20,10:18,2024-10-23 10:20:00,2024-10-23 10:18:00,-2.0
2024-10-23,arrival,Zurich,Paris CDG,airfrance,Landed,10:25,10:33,2024-10-23 10:25:00,2024-10-23 10:33:00,8.0
2024-10-23,arrival,Zurich,New York,swiss,Landed,10:25,10:14,2024-10-23 10:25:00,2024-10-23 10:14:00,-11.0
2024-10-23,arrival,Zurich,Istanbul SAW,pegasus,Landed,10:35,10:54,2024-10-23 10:35:00,2024-10-23 10:54:00,19.0
2024-10-23,arrival,Zurich,Istanbul SAW,ajet_logo,Landed,10:35,10:47,2024-10-23 10:35:00,2024-10-23 10:47:00,12.0
2024-10-23,arrival,Zurich,New York,delta,Landed,10:35,10:20,2024-10-23 10:35:00,2024-10-23 10:20:00,-15.0
2024-10-23,arrival,Zurich,Frankfurt FRA,lufthansa_neu,Landed,10:40,10:49,2024-10-23 10:40:00,2024-10-23 10:49:00,9.0
2024-10-23,arrival,Zurich,London LCY,swiss,Landed,10:40,11:21,2024-10-23 10:40:00,2024-10-23 11:21:00,41.0
2024-10-23,arrival,Zurich,Sao Paulo,swiss,Landed,10:40,10:40,2024-10-23 10:40:00,2024-10-23 10:40:00,0.0
2024-10-23,arrival,Zurich,Cagliari,edelweiss,Landed,10:45,10:59,2024-10-23 10:45:00,2024-10-23 10:59:00,14.0
2024-10-23,arrival,Zurich,Zagreb,croatia_v2,Landed,10:45,10:48,2024-10-23 10:45:00,2024-10-23 10:48:00,3.0
2024-10-23,arrival,Zurich,Pristina,chair,Landed,10:45,10:53,2024-10-23 10:45:00,2024-10-23 10:53:00,8.0
2024-10-23,arrival,Zurich,Washington,swiss,Landed,10:50,10:43,2024-10-23 10:50:00,2024-10-23 10:43:00,-7.0
2024-10-23,arrival,Zurich,Miami,swiss,Landed,10:50,10:38,2024-10-23 10:50:00,2024-10-23 10:38:00,-12.0
2024-10-23,arrival,Zurich,Chicago,swiss,Landed,10:50,10:56,2024-10-23 10:50:00,2024-10-23 10:56:00,6.0
2024-10-23,arrival,Zurich,Prague,swiss,Landed,10:55,11:27,2024-10-23 10:55:00,2024-10-23 11:27:00,32.0
2024-10-23,arrival,Zurich,Nice,swiss,Landed,10:55,12:03,2024-10-23 10:55:00,2024-10-23 12:03:00,68.0
2024-10-23,arrival,Zurich,Geneva,swiss,Landed,10:55,11:05,2024-10-23 10:55:00,2024-10-23 11:05:00,10.0
2024-10-23,arrival,Zurich,Düsseldorf,swiss,Landed,10:55,11:15,2024-10-23 10:55:00,2024-10-23 11:15:00,20.0
2024-10-23,arrival,Zurich,Hong Kong,cathay,Landed,07:20,07:25,2024-10-23 07:20:00,2024-10-23 07:25:00,5.0
2024-10-23,arrival,Zurich,Florence,swiss,Landed,07:25,07:05,2024-10-23 07:25:00,2024-10-23 07:05:00,-20.0
2024-10-23,arrival,Zurich,Abu Dhabi,etihad,Landed,07:25,08:01,2024-10-23 07:25:00,2024-10-23 08:01:00,36.0
2024-10-23,arrival,Zurich,Berlin,easyjet,Landed,07:30,07:14,2024-10-23 07:30:00,2024-10-23 07:14:00,-16.0
2024-10-23,arrival,Zurich,Cologne Bonn,euro,Landed,07:30,07:26,2024-10-23 07:30:00,2024-10-23 07:26:00,-4.0
2024-10-23,arrival,Zurich,Frankfurt FRA,lufthansa_neu,Landed,07:35,07:22,2024-10-23 07:35:00,2024-10-23 07:22:00,-13.0
2024-10-23,arrival,Zurich,Barcelona,swiss,Landed,07:40,07:29,2024-10-23 07:40:00,2024-10-23 07:29:00,-11.0
2024-10-23,arrival,Zurich,Chicago,united,Landed,07:45,07:32,2024-10-23 07:45:00,2024-10-23 07:32:00,-13.0
2024-10-23,arrival,Zurich,Prague,swiss,Landed,07:45,07:30,2024-10-23 07:45:00,2024-10-23 07:30:00,-15.0
2024-10-23,arrival,Zurich,Bucharest,swiss,Landed,07:50,07:54,2024-10-23 07:50:00,2024-10-23 07:54:00,4.0
2024-10-23,arrival,Zurich,Bangkok,thai,Landed,07:50,07:39,2024-10-23 07:50:00,2024-10-23 07:39:00,-11.0
2024-10-23,arrival,Zurich,Doha,qatar,Landed,07:55,08:08,2024-10-23 07:55:00,2024-10-23 08:08:00,13.0
2024-10-23,arrival,Zurich,Rome FCO,swiss,Landed,07:55,07:39,2024-10-23 07:55:00,2024-10-23 07:39:00,-16.0
2024-10-23,arrival,Zurich,Addis Ababavia Milan,ethiopianairlineslogosvg,Landed,08:00,08:08,2024-10-23 08:00:00,2024-10-23 08:08:00,8.0
2024-10-23,arrival,Zurich,Paris CDG,swiss,Landed,08:00,07:49,2024-10-23 08:00:00,2024-10-23 07:49:00,-11.0
2024-10-23,arrival,Zurich,Düsseldorf,euro,Landed,08:00,07:58,2024-10-23 08:00:00,2024-10-23 07:58:00,-2.0
2024-10-23,arrival,Zurich,Venice,swiss,Landed,08:05,08:06,2024-10-23 08:05:00,2024-10-23 08:06:00,1.0
2024-10-23,arrival,Zurich,Washington,united,Landed,08:05,07:55,2024-10-23 08:05:00,2024-10-23 07:55:00,-10.0
2024-10-23,arrival,Zurich,Vienna,austrian,Landed,08:05,08:02,2024-10-23 08:05:00,2024-10-23 08:02:00,-3.0
2024-10-23,arrival,Zurich,Valencia,swiss,Landed,08:10,07:51,2024-10-23 08:10:00,2024-10-23 07:51:00,-19.0
2024-10-23,arrival,Zurich,Brussels,brussels_airlines_logo,Landed,08:10,07:57,2024-10-23 08:10:00,2024-10-23 07:57:00,-13.0
2024-10-23,arrival,Zurich,Newark,united,Landed,08:15,07:51,2024-10-23 08:15:00,2024-10-23 07:51:00,-24.0
2024-10-23,arrival,Zurich,Singapore,singapore,Landed,08:15,08:16,2024-10-23 08:15:00,2024-10-23 08:16:00,1.0
2024-10-23,arrival,Zurich,Geneva,swiss,Landed,08:15,08:16,2024-10-23 08:15:00,2024-10-23 08:16:00,1.0
2024-10-23,arrival,Zurich,Hamburg,euro,Landed,08:25,08:12,2024-10-23 08:25:00,2024-10-23 08:12:00,-13.0
2024-10-23,arrival,Zurich,Amsterdam,swiss,Landed,08:25,08:30,2024-10-23 08:25:00,2024-10-23 08:30:00,5.0
2024-10-23,arrival,Zurich,Thessaloniki,aegan,Landed,08:30,08:20,2024-10-23 08:30:00,2024-10-23 08:20:00,-10.0
2024-10-23,arrival,Zurich,Amsterdam,klm,Landed,08:35,08:25,2024-10-23 08:35:00,2024-10-23 08:25:00,-10.0
2024-10-23,arrival,Zurich,Berlin,swiss,Landed,08:35,08:34,2024-10-23 08:35:00,2024-10-23 08:34:00,-1.0
2024-10-23,arrival,Zurich,London LHR,swiss,Landed,08:40,08:32,2024-10-23 08:40:00,2024-10-23 08:32:00,-8.0
2024-10-23,arrival,Zurich,Munich,lufthansa_neu,Landed,08:40,08:50,2024-10-23 08:40:00,2024-10-23 08:50:00,10.0
2024-10-23,arrival,Zurich,Frankfurt FRA,lufthansa_neu,Landed,08:45,08:45,2024-10-23 08:45:00,2024-10-23 08:45:00,0.0
2024-10-23,arrival,Zurich,Stockholm ARN,swiss,Landed,08:45,09:00,2024-10-23 08:45:00,2024-10-23 09:00:00,15.0
2024-10-23,arrival,Zurich,Athens,swiss,Landed,08:45,08:51,2024-10-23 08:45:00,2024-10-23 08:51:00,6.0
2024-10-23,arrival,Zurich,Belgrade,serbia,Landed,08:45,08:43,2024-10-23 08:45:00,2024-10-23 08:43:00,-2.0
2024-10-23,arrival,Zurich,Antalya,sun,Landed,08:50,08:38,2024-10-23 08:50:00,2024-10-23 08:38:00,-12.0
2024-10-23,arrival,Zurich,Oslo OSL,swiss,Landed,08:50,08:38,2024-10-23 08:50:00,2024-10-23 08:38:00,-12.0
2024-10-23,arrival,Zurich,Barcelona,vueling,Landed,08:55,09:16,2024-10-23 08:55:00,2024-10-23 09:16:00,21.0
2024-10-23,arrival,Zurich,Philadelphia,american,Landed,08:55,08:35,2024-10-23 08:55:00,2024-10-23 08:35:00,-20.0
2024-10-23,arrival,Zurich,Montreal,swiss,Landed,06:10,06:12,2024-10-23 06:10:00,2024-10-23 06:12:00,2.0
2024-10-23,arrival,Zurich,New York,swiss,Landed,06:10,06:14,2024-10-23 06:10:00,2024-10-23 06:14:00,4.0
2024-10-23,arrival,Zurich,Dubai,swiss,Landed,06:10,06:30,2024-10-23 06:10:00,2024-10-23 06:30:00,20.0
2024-10-23,arrival,Zurich,Hong Kong,swiss,Landed,06:15,06:10,2024-10-23 06:15:00,2024-10-23 06:10:00,-5.0
2024-10-23,arrival,Zurich,Mumbai,swiss,Landed,06:15,06:18,2024-10-23 06:15:00,2024-10-23 06:18:00,3.0
2024-10-23,arrival,Zurich,Singapore,swiss,Landed,06:15,06:16,2024-10-23 06:15:00,2024-10-23 06:16:00,1.0
2024-10-23,arrival,Zurich,Johannesburg,swiss,Landed,06:15,06:24,2024-10-23 06:15:00,2024-10-23 06:24:00,9.0
2024-10-23,arrival,Zurich,Delhi,swiss,Landed,06:20,06:20,2024-10-23 06:20:00,2024-10-23 06:20:00,0.0
2024-10-23,arrival,Zurich,Boston,swiss,Landed,06:20,06:26,2024-10-23 06:20:00,2024-10-23 06:26:00,6.0
2024-10-23,arrival,Zurich,Toronto,swiss,Landed,06:25,06:22,2024-10-23 06:25:00,2024-10-23 06:22:00,-3.0
2024-10-23,arrival,Zurich,Kilimanjarovia Zanzibar,edelweiss,Landed,06:30,06:32,2024-10-23 06:30:00,2024-10-23 06:32:00,2.0
2024-10-23,arrival,Zurich,Cairo,swiss,Landed,06:30,06:28,2024-10-23 06:30:00,2024-10-23 06:28:00,-2.0
2024-10-23,arrival,Zurich,Larnaca,edelweiss,Landed,06:35,06:42,2024-10-23 06:35:00,2024-10-23 06:42:00,7.0
2024-10-23,arrival,Zurich,Geneva,swiss,Landed,06:45,06:47,2024-10-23 06:45:00,2024-10-23 06:47:00,2.0
2024-10-23,arrival,Zurich,Milan MXP,swiss,Landed,06:55,06:45,2024-10-23 06:55:00,2024-10-23 06:45:00,-10.0
2024-10-23,departure,Zurich,Geneva,swiss,Departed,21:00,21:05,2024-10-23 21:00:00,2024-10-23 21:05:00,5.0
2024-10-23,departure,Zurich,Oslo OSL,swiss,Departed,21:10,21:10,2024-10-23 21:10:00,2024-10-23 21:10:00,0.0
2024-10-23,departure,Zurich,Athens,swiss,Departed,21:10,21:10,2024-10-23 21:10:00,2024-10-23 21:10:00,0.0
2024-10-23,departure,Zurich,Cairo,swiss,Departed,21:15,21:20,2024-10-23 21:15:00,2024-10-23 21:20:00,5.0
2024-10-23,departure,Zurich,Lisbon,swiss,Departed,21:15,21:30,2024-10-23 21:15:00,2024-10-23 21:30:00,15.0
2024-10-23,departure,Zurich,Stockholm ARN,swiss,Departed,21:20,21:20,2024-10-23 21:20:00,2024-10-23 21:20:00,0.0
2024-10-23,departure,Zurich,Venice,swiss,Departed,21:25,21:16,2024-10-23 21:25:00,2024-10-23 21:16:00,-9.0
2024-10-23,departure,Zurich,Malaga,swiss,Departed,21:25,21:30,2024-10-23 21:25:00,2024-10-23 21:30:00,5.0
2024-10-23,departure,Zurich,Florence,swiss,Departed,21:25,21:20,2024-10-23 21:25:00,2024-10-23 21:20:00,-5.0
2024-10-23,departure,Zurich,Addis Ababavia Milan,ethiopianairlineslogosvg,Departed,21:30,21:30,2024-10-23 21:30:00,2024-10-23 21:30:00,0.0
2024-10-23,departure,Zurich,Berlin,swiss,Departed,21:30,21:30,2024-10-23 21:30:00,2024-10-23 21:30:00,0.0
2024-10-23,departure,Zurich,London LGW,easyjet,Departed,21:30,21:35,2024-10-23 21:30:00,2024-10-23 21:35:00,5.0
2024-10-23,departure,Zurich,Rome FCO,swiss,Departed,21:30,21:30,2024-10-23 21:30:00,2024-10-23 21:30:00,0.0
2024-10-23,departure,Zurich,Bucharest,swiss,Departed,21:35,21:55,2024-10-23 21:35:00,2024-10-23 21:55:00,20.0
2024-10-23,departure,Zurich,Alicante,easyjet,Departed,21:35,21:30,2024-10-23 21:35:00,2024-10-23 21:30:00,-5.0
2024-10-23,departure,Zurich,Tallinn,swiss,Departed,21:40,21:40,2024-10-23 21:40:00,2024-10-23 21:40:00,0.0
2024-10-23,departure,Zurich,Paris CDG,swiss,Departed,21:40,21:40,2024-10-23 21:40:00,2024-10-23 21:40:00,0.0
2024-10-23,departure,Zurich,Barcelona,swiss,Departed,21:40,21:40,2024-10-23 21:40:00,2024-10-23 21:40:00,0.0
2024-10-23,departure,Zurich,Vilnius,swiss,Departed,21:45,21:45,2024-10-23 21:45:00,2024-10-23 21:45:00,0.0
2024-10-23,departure,Zurich,Valencia,swiss,Departed,21:55,22:05,2024-10-23 21:55:00,2024-10-23 22:05:00,10.0
2024-10-23,departure,Zurich,Prague,swiss,Departed,21:55,21:55,2024-10-23 21:55:00,2024-10-23 21:55:00,0.0
2024-10-23,departure,Zurich,Dubai,emirates-neu,Departed,22:15,22:15,2024-10-23 22:15:00,2024-10-23 22:15:00,0.0
2024-10-23,departure,Zurich,Larnaca,edelweiss,Departed,22:20,22:20,2024-10-23 22:20:00,2024-10-23 22:20:00,0.0
2024-10-23,departure,Zurich,Cape Town,edelweiss,Departed,22:35,23:15,2024-10-23 22:35:00,2024-10-23 23:15:00,40.0
2024-10-23,departure,Zurich,Johannesburg,swiss,Departed,22:40,22:35,2024-10-23 22:40:00,2024-10-23 22:35:00,-5.0
2024-10-23,departure,Zurich,Hong Kong,swiss,Departed,22:40,23:00,2024-10-23 22:40:00,2024-10-23 23:00:00,20.0
2024-10-23,departure,Zurich,Sao Paulo,swiss,Departed,22:40,22:50,2024-10-23 22:40:00,2024-10-23 22:50:00,10.0
2024-10-23,departure,Zurich,Singapore,swiss,Departed,22:40,22:50,2024-10-23 22:40:00,2024-10-23 22:50:00,10.0
2024-10-23,departure,Zurich,Milan MXP,swiss,Departed,22:40,22:40,2024-10-23 22:40:00,2024-10-23 22:40:00,0.0
2024-10-23,departure,Zurich,Geneva,swiss,Departed,22:45,22:45,2024-10-23 22:45:00,2024-10-23 22:45:00,0.0
2024-10-23,departure,Zurich,Riga,baltic,Departed,19:00,19:20,2024-10-23 19:00:00,2024-10-23 19:20:00,20.0
2024-10-23,departure,Zurich,Athens,aegan,Departed,19:00,19:00,2024-10-23 19:00:00,2024-10-23 19:00:00,0.0
2024-10-23,departure,Zurich,Helsinki,finnair,Departed,19:05,19:05,2024-10-23 19:05:00,2024-10-23 19:05:00,0.0
2024-10-23,departure,Zurich,Frankfurt FRA,swiss,Departed,19:10,19:05,2024-10-23 19:10:00,2024-10-23 19:05:00,-5.0
2024-10-23,departure,Zurich,Düsseldorf,euro,Departed,19:10,19:10,2024-10-23 19:10:00,2024-10-23 19:10:00,0.0
2024-10-23,departure,Zurich,London LCY,british,Departed,19:15,19:27,2024-10-23 19:15:00,2024-10-23 19:27:00,12.0
2024-10-23,departure,Zurich,Amsterdam,klm,Departed,19:25,19:40,2024-10-23 19:25:00,2024-10-23 19:40:00,15.0
2024-10-23,departure,Zurich,Munich,swiss,Departed,19:25,19:25,2024-10-23 19:25:00,2024-10-23 19:25:00,0.0
2024-10-23,departure,Zurich,Antalya,sun,Departed,19:30,19:20,2024-10-23 19:30:00,2024-10-23 19:20:00,-10.0
2024-10-23,departure,Zurich,Madrid,iberia,Departed,19:40,19:50,2024-10-23 19:40:00,2024-10-23 19:50:00,10.0
2024-10-23,departure,Zurich,London LHR,british,Departed,19:40,20:50,2024-10-23 19:40:00,2024-10-23 20:50:00,70.0
2024-10-23,departure,Zurich,Warsaw,lot,Departed,19:50,20:00,2024-10-23 19:50:00,2024-10-23 20:00:00,10.0
2024-10-23,departure,Zurich,Zagreb,croatia_v2,Departed,20:05,20:05,2024-10-23 20:05:00,2024-10-23 20:05:00,0.0
2024-10-23,departure,Zurich,Munich,lufthansa_neu,Departed,20:15,20:20,2024-10-23 20:15:00,2024-10-23 20:20:00,5.0
2024-10-23,departure,Zurich,Pristina,gp-aviation,Departed,20:20,20:20,2024-10-23 20:20:00,2024-10-23 20:20:00,0.0
2024-10-23,departure,Zurich,Cologne Bonn,euro,Departed,20:20,20:50,2024-10-23 20:20:00,2024-10-23 20:50:00,30.0
2024-10-23,departure,Zurich,Berlin,euro,Departed,20:20,20:15,2024-10-23 20:20:00,2024-10-23 20:15:00,-5.0
2024-10-23,departure,Zurich,Copenhagen,sas,Departed,20:25,20:25,2024-10-23 20:25:00,2024-10-23 20:25:00,0.0
2024-10-23,departure,Zurich,Amsterdam,swiss,Departed,20:40,20:40,2024-10-23 20:40:00,2024-10-23 20:40:00,0.0
2024-10-23,departure,Zurich,Malé,edelweiss,Departed,20:40,21:10,2024-10-23 20:40:00,2024-10-23 21:10:00,30.0
2024-10-23,departure,Zurich,Belgrade,serbia,Departed,20:45,20:40,2024-10-23 20:45:00,2024-10-23 20:40:00,-5.0
2024-10-23,departure,Zurich,Hamburg,euro,Departed,20:45,21:15,2024-10-23 20:45:00,2024-10-23 21:15:00,30.0
2024-10-23,departure,Zurich,Vienna,austrian,Departed,20:50,20:50,2024-10-23 20:50:00,2024-10-23 20:50:00,0.0
2024-10-23,departure,Zurich,Delhi,air_india_logo,Departed,20:50,20:50,2024-10-23 20:50:00,2024-10-23 20:50:00,0.0
2024-10-23,departure,Zurich,Berlin,easyjet,Departed,20:50,21:34,2024-10-23 20:50:00,2024-10-23 21:34:00,44.0
2024-10-23,departure,Zurich,London LHR,swiss,Departed,20:55,21:25,2024-10-23 20:55:00,2024-10-23 21:25:00,30.0
2024-10-23,departure,Zurich,Hamburg,swiss,Departed,17:00,17:00,2024-10-23 17:00:00,2024-10-23 17:00:00,0.0
2024-10-23,departure,Zurich,Prague,swiss,Departed,17:00,17:35,2024-10-23 17:00:00,2024-10-23 17:35:00,35.0
2024-10-23,departure,Zurich,London LGW,swiss,Departed,17:05,17:05,2024-10-23 17:05:00,2024-10-23 17:05:00,0.0
2024-10-23,departure,Zurich,Florence,swiss,Departed,17:05,17:07,2024-10-23 17:05:00,2024-10-23 17:07:00,2.0
2024-10-23,departure,Zurich,Manchester,swiss,Departed,17:05,17:15,2024-10-23 17:05:00,2024-10-23 17:15:00,10.0
2024-10-23,departure,Zurich,Brussels,swiss,Departed,17:10,17:45,2024-10-23 17:10:00,2024-10-23 17:45:00,35.0
2024-10-23,departure,Zurich,Nice,swiss,Departed,17:10,17:10,2024-10-23 17:10:00,2024-10-23 17:10:00,0.0
2024-10-23,departure,Zurich,Warsaw,swiss,Departed,17:10,17:15,2024-10-23 17:10:00,2024-10-23 17:15:00,5.0
2024-10-23,departure,Zurich,London LHR,swiss,Departed,17:10,17:15,2024-10-23 17:10:00,2024-10-23 17:15:00,5.0
2024-10-23,departure,Zurich,Pristina,chair,Departed,17:15,17:15,2024-10-23 17:15:00,2024-10-23 17:15:00,0.0
2024-10-23,departure,Zurich,Naples,swiss,Departed,17:15,17:10,2024-10-23 17:15:00,2024-10-23 17:10:00,-5.0
2024-10-23,departure,Zurich,Catania,edelweiss,Departed,17:20,17:20,2024-10-23 17:20:00,2024-10-23 17:20:00,0.0
2024-10-23,departure,Zurich,Newark,swiss,Departed,17:20,17:40,2024-10-23 17:20:00,2024-10-23 17:40:00,20.0
2024-10-23,departure,Zurich,Copenhagen,swiss,Departed,17:20,17:20,2024-10-23 17:20:00,2024-10-23 17:20:00,0.0
2024-10-23,departure,Zurich,Skopje,edelweiss,Departed,17:20,17:20,2024-10-23 17:20:00,2024-10-23 17:20:00,0.0
2024-10-23,departure,Zurich,Barcelona,swiss,Departed,17:25,17:25,2024-10-23 17:25:00,2024-10-23 17:25:00,0.0
2024-10-23,departure,Zurich,Birmingham,swiss,Departed,17:25,17:25,2024-10-23 17:25:00,2024-10-23 17:25:00,0.0
2024-10-23,departure,Zurich,Belgrade,swiss,Departed,17:25,17:45,2024-10-23 17:25:00,2024-10-23 17:45:00,20.0
2024-10-23,departure,Zurich,Milan MXP,swiss,Departed,17:30,17:35,2024-10-23 17:30:00,2024-10-23 17:35:00,5.0
2024-10-23,departure,Zurich,Venice,swiss,Departed,17:30,17:40,2024-10-23 17:30:00,2024-10-23 17:40:00,10.0
2024-10-23,departure,Zurich,Luxembourg,swiss,Departed,17:30,17:35,2024-10-23 17:30:00,2024-10-23 17:35:00,5.0
2024-10-23,departure,Zurich,Berlin,swiss,Departed,17:30,17:40,2024-10-23 17:30:00,2024-10-23 17:40:00,10.0
2024-10-23,departure,Zurich,Amsterdam,klm,Departed,17:35,17:50,2024-10-23 17:35:00,2024-10-23 17:50:00,15.0
2024-10-23,departure,Zurich,Amsterdam,swiss,Departed,17:35,18:08,2024-10-23 17:35:00,2024-10-23 18:08:00,33.0
2024-10-23,departure,Zurich,Hanover,swiss,Departed,17:35,17:40,2024-10-23 17:35:00,2024-10-23 17:40:00,5.0
2024-10-23,departure,Zurich,Boston,swiss,Departed,17:40,17:55,2024-10-23 17:40:00,2024-10-23 17:55:00,15.0
2024-10-23,departure,Zurich,Budapest,swiss,Departed,17:40,18:05,2024-10-23 17:40:00,2024-10-23 18:05:00,25.0
2024-10-23,departure,Zurich,Graz,swiss,Departed,17:45,17:45,2024-10-23 17:45:00,2024-10-23 17:45:00,0.0
2024-10-23,departure,Zurich,Hamburg,swiss,Departed,17:45,17:50,2024-10-23 17:45:00,2024-10-23 17:50:00,5.0
2024-10-23,departure,Zurich,Brindisi,swiss,Departed,17:45,17:48,2024-10-23 17:45:00,2024-10-23 17:48:00,3.0
2024-10-23,departure,Zurich,Rome FCO,swiss,Departed,17:50,17:50,2024-10-23 17:50:00,2024-10-23 17:50:00,0.0
2024-10-23,departure,Zurich,Wroclaw,swiss,Departed,17:50,18:00,2024-10-23 17:50:00,2024-10-23 18:00:00,10.0
2024-10-23,departure,Zurich,Vienna,swiss,Departed,17:50,17:50,2024-10-23 17:50:00,2024-10-23 17:50:00,0.0
2024-10-23,departure,Zurich,Stuttgart,swiss,Departed,17:55,18:00,2024-10-23 17:55:00,2024-10-23 18:00:00,5.0
2024-10-23,departure,Zurich,Bangkok,swiss,Departed,17:55,18:10,2024-10-23 17:55:00,2024-10-23 18:10:00,15.0
2024-10-23,departure,Zurich,Bremen,swiss,Departed,17:55,18:10,2024-10-23 17:55:00,2024-10-23 18:10:00,15.0
2024-10-23,departure,Zurich,Brussels,swiss,Departed,17:55,18:20,2024-10-23 17:55:00,2024-10-23 18:20:00,25.0
2024-10-23,departure,Zurich,Pristina,edelweiss,Departed,18:00,18:00,2024-10-23 18:00:00,2024-10-23 18:00:00,0.0
2024-10-23,departure,Zurich,Paris CDG,swiss,Departed,18:00,18:00,2024-10-23 18:00:00,2024-10-23 18:00:00,0.0
2024-10-23,departure,Zurich,Geneva,swiss,Departed,18:00,18:00,2024-10-23 18:00:00,2024-10-23 18:00:00,0.0
2024-10-23,departure,Zurich,Barcelona,vueling,Departed,18:05,18:05,2024-10-23 18:05:00,2024-10-23 18:05:00,0.0
2024-10-23,departure,Zurich,Frankfurt FRA,lufthansa_neu,Departed,18:05,19:10,2024-10-23 18:05:00,2024-10-23 19:10:00,65.0
2024-10-23,departure,Zurich,Düsseldorf,swiss,Departed,18:05,18:25,2024-10-23 18:05:00,2024-10-23 18:25:00,20.0
2024-10-23,departure,Zurich,Lisbon,tap,Departed,18:05,18:15,2024-10-23 18:05:00,2024-10-23 18:15:00,10.0
2024-10-23,departure,Zurich,Berlin,swiss,Departed,18:20,18:30,2024-10-23 18:20:00,2024-10-23 18:30:00,10.0
2024-10-23,departure,Zurich,Istanbul IST,turkish,Departed,18:30,18:30,2024-10-23 18:30:00,2024-10-23 18:30:00,0.0
2024-10-23,departure,Zurich,Madrid,europa,Departed,18:30,18:30,2024-10-23 18:30:00,2024-10-23 18:30:00,0.0
2024-10-23,departure,Zurich,Antalya,sun,Departed,18:30,18:50,2024-10-23 18:30:00,2024-10-23 18:50:00,20.0
2024-10-23,departure,Zurich,London LHR,swiss,Departed,18:35,18:55,2024-10-23 18:35:00,2024-10-23 18:55:00,20.0
2024-10-23,departure,Zurich,Vienna,austrian,Departed,18:45,18:50,2024-10-23 18:45:00,2024-10-23 18:50:00,5.0
2024-10-23,departure,Zurich,Heraklion,aegan,Departed,18:45,18:35,2024-10-23 18:45:00,2024-10-23 18:35:00,-10.0
2024-10-23,departure,Zurich,Paris CDG,airfrance,Departed,18:55,19:00,2024-10-23 18:55:00,2024-10-23 19:00:00,5.0
2024-10-23,departure,Zurich,Istanbul IST,turkish,Departed,15:00,15:00,2024-10-23 15:00:00,2024-10-23 15:00:00,0.0
2024-10-23,departure,Zurich,Vienna,austrian,Departed,15:05,14:56,2024-10-23 15:05:00,2024-10-23 14:56:00,-9.0
2024-10-23,departure,Zurich,Antalya,edelweiss,Departed,15:15,15:15,2024-10-23 15:15:00,2024-10-23 15:15:00,0.0
2024-10-23,departure,Zurich,Dubai,emirates-neu,Departed,15:25,15:25,2024-10-23 15:25:00,2024-10-23 15:25:00,0.0
2024-10-23,departure,Zurich,London LHR,british,Departed,15:30,15:45,2024-10-23 15:30:00,2024-10-23 15:45:00,15.0
2024-10-23,departure,Zurich,London LHR,swiss,Departed,15:30,15:30,2024-10-23 15:30:00,2024-10-23 15:30:00,0.0
2024-10-23,departure,Zurich,Palma De Mallorca,swiss,Departed,15:35,15:35,2024-10-23 15:35:00,2024-10-23 15:35:00,0.0
2024-10-23,departure,Zurich,Porto,easyjet,Departed,15:40,15:30,2024-10-23 15:40:00,2024-10-23 15:30:00,-10.0
2024-10-23,departure,Zurich,Doha,qatar,Departed,15:40,15:40,2024-10-23 15:40:00,2024-10-23 15:40:00,0.0
2024-10-23,departure,Zurich,Düsseldorf,euro,Departed,15:45,16:00,2024-10-23 15:45:00,2024-10-23 16:00:00,15.0
2024-10-23,departure,Zurich,Heraklion,chair,Departed,15:50,15:40,2024-10-23 15:50:00,2024-10-23 15:40:00,-10.0
2024-10-23,departure,Zurich,Hamburg,euro,Departed,15:55,16:10,2024-10-23 15:55:00,2024-10-23 16:10:00,15.0
2024-10-23,departure,Zurich,Barcelona,swiss,Departed,16:00,16:00,2024-10-23 16:00:00,2024-10-23 16:00:00,0.0
2024-10-23,departure,Zurich,Riyadh,saudia_logo,Departed,16:00,16:00,2024-10-23 16:00:00,2024-10-23 16:00:00,0.0
2024-10-23,departure,Zurich,Istanbul SAW,pegasus,Departed,16:05,16:10,2024-10-23 16:05:00,2024-10-23 16:10:00,5.0
2024-10-23,departure,Zurich,Kos,edelweiss,Departed,16:05,16:10,2024-10-23 16:05:00,2024-10-23 16:10:00,5.0
2024-10-23,departure,Zurich,Cologne Bonn,euro,Departed,16:15,16:45,2024-10-23 16:15:00,2024-10-23 16:45:00,30.0
2024-10-23,departure,Zurich,Berlin,swiss,Departed,16:30,16:50,2024-10-23 16:30:00,2024-10-23 16:50:00,20.0
2024-10-23,departure,Zurich,Podgorica,air-montenegro,Departed,16:35,16:35,2024-10-23 16:35:00,2024-10-23 16:35:00,0.0
2024-10-23,departure,Zurich,Madrid,swiss,Departed,16:35,16:50,2024-10-23 16:35:00,2024-10-23 16:50:00,15.0
2024-10-23,departure,Zurich,Dublin,swiss,Departed,16:40,16:46,2024-10-23 16:40:00,2024-10-23 16:46:00,6.0
2024-10-23,departure,Zurich,London LCY,swiss,Departed,16:45,16:45,2024-10-23 16:45:00,2024-10-23 16:45:00,0.0
2024-10-23,departure,Zurich,Geneva,swiss,Departed,16:45,16:56,2024-10-23 16:45:00,2024-10-23 16:56:00,11.0
2024-10-23,departure,Zurich,Skopje,chair,Departed,16:50,16:55,2024-10-23 16:50:00,2024-10-23 16:55:00,5.0
2024-10-23,departure,Zurich,Copenhagen,swiss,Departed,16:50,16:50,2024-10-23 16:50:00,2024-10-23 16:50:00,0.0
2024-10-23,departure,Zurich,Ibiza,edelweiss,Departed,16:50,16:45,2024-10-23 16:50:00,2024-10-23 16:45:00,-5.0
2024-10-23,departure,Zurich,Amsterdam,swiss,Departed,16:50,16:55,2024-10-23 16:50:00,2024-10-23 16:55:00,5.0
2024-10-23,departure,Zurich,Düsseldorf,swiss,Departed,16:55,16:55,2024-10-23 16:55:00,2024-10-23 16:55:00,0.0
2024-10-23,departure,Zurich,Dresden,swiss,Departed,16:55,16:55,2024-10-23 16:55:00,2024-10-23 16:55:00,0.0
2024-10-23,departure,Zurich,Munich,lufthansa_neu,Departed,16:55,17:25,2024-10-23 16:55:00,2024-10-23 17:25:00,30.0
2024-10-23,departure,Zurich,Geneva,swiss,Departed,13:00,13:40,2024-10-23 13:00:00,2024-10-23 13:40:00,40.0
2024-10-23,departure,Zurich,Bologna,swiss,Departed,13:00,13:05,2024-10-23 13:00:00,2024-10-23 13:05:00,5.0
2024-10-23,departure,Zurich,Venice,swiss,Departed,13:00,13:05,2024-10-23 13:00:00,2024-10-23 13:05:00,5.0
2024-10-23,departure,Zurich,Shanghai,swiss,Departed,13:00,13:00,2024-10-23 13:00:00,2024-10-23 13:00:00,0.0
2024-10-23,departure,Zurich,Los Angeles,swiss,Departed,13:05,13:30,2024-10-23 13:05:00,2024-10-23 13:30:00,25.0
2024-10-23,departure,Zurich,Tokyo,swiss,Departed,13:05,13:32,2024-10-23 13:05:00,2024-10-23 13:32:00,27.0
2024-10-23,departure,Zurich,Corfu,edelweiss,Departed,13:05,13:05,2024-10-23 13:05:00,2024-10-23 13:05:00,0.0
2024-10-23,departure,Zurich,Miami,swiss,Departed,13:10,14:10,2024-10-23 13:10:00,2024-10-23 14:10:00,60.0
2024-10-23,departure,Zurich,Chicago,swiss,Departed,13:10,13:30,2024-10-23 13:10:00,2024-10-23 13:30:00,20.0
2024-10-23,departure,Zurich,London LHR,british,Departed,13:10,13:05,2024-10-23 13:10:00,2024-10-23 13:05:00,-5.0
2024-10-23,departure,Zurich,Munich,lufthansa_neu,Departed,13:15,13:30,2024-10-23 13:15:00,2024-10-23 13:30:00,15.0
2024-10-23,departure,Zurich,San Francisco,swiss,Departed,13:15,13:40,2024-10-23 13:15:00,2024-10-23 13:40:00,25.0
2024-10-23,departure,Zurich,Tampa,edelweiss,Departed,13:20,13:32,2024-10-23 13:20:00,2024-10-23 13:32:00,12.0
2024-10-23,departure,Zurich,New York,swiss,Departed,13:20,14:38,2024-10-23 13:20:00,2024-10-23 14:38:00,78.0
2024-10-23,departure,Zurich,Malaga,swiss,Departed,13:20,13:25,2024-10-23 13:20:00,2024-10-23 13:25:00,5.0
2024-10-23,departure,Zurich,Vienna,austrian,Departed,13:25,13:35,2024-10-23 13:25:00,2024-10-23 13:35:00,10.0
2024-10-23,departure,Zurich,Toronto,canada,Departed,13:25,13:35,2024-10-23 13:25:00,2024-10-23 13:35:00,10.0
2024-10-23,departure,Zurich,Hong Kong,cathay,Departed,13:30,13:30,2024-10-23 13:30:00,2024-10-23 13:30:00,0.0
2024-10-23,departure,Zurich,Bangkok,thai,Departed,13:30,13:30,2024-10-23 13:30:00,2024-10-23 13:30:00,0.0
2024-10-23,departure,Zurich,Gran Canaria,edelweiss,Departed,13:30,13:25,2024-10-23 13:30:00,2024-10-23 13:25:00,-5.0
2024-10-23,departure,Zurich,Berlin,swiss,Departed,13:35,13:50,2024-10-23 13:35:00,2024-10-23 13:50:00,15.0
2024-10-23,departure,Zurich,New York,delta,Departed,13:35,15:30,2024-10-23 13:35:00,2024-10-23 15:30:00,115.0
2024-10-23,departure,Zurich,San Francisco,united,Departed,13:35,13:35,2024-10-23 13:35:00,2024-10-23 13:35:00,0.0
2024-10-23,departure,Zurich,Palma De Mallorca,vueling,Departed,13:45,13:45,2024-10-23 13:45:00,2024-10-23 13:45:00,0.0
2024-10-23,departure,Zurich,Agadirvia Marrakesh,edelweiss,Departed,13:50,13:50,2024-10-23 13:50:00,2024-10-23 13:50:00,0.0
2024-10-23,departure,Zurich,Malta,km_malta_airlines,Departed,14:00,14:45,2024-10-23 14:00:00,2024-10-23 14:45:00,45.0
2024-10-23,departure,Zurich,Reykjavík,iceland,Departed,14:00,14:00,2024-10-23 14:00:00,2024-10-23 14:00:00,0.0
2024-10-23,departure,Zurich,Oslo OSL,sas,Departed,14:00,14:13,2024-10-23 14:00:00,2024-10-23 14:13:00,13.0
2024-10-23,departure,Zurich,Edinburgh,edelweiss,Departed,14:10,14:40,2024-10-23 14:10:00,2024-10-23 14:40:00,30.0
2024-10-23,departure,Zurich,Amsterdam,klm,Departed,14:20,16:00,2024-10-23 14:20:00,2024-10-23 16:00:00,100.0
2024-10-23,departure,Zurich,Paris CDG,airfrance,Departed,14:35,14:40,2024-10-23 14:35:00,2024-10-23 14:40:00,5.0
2024-10-23,departure,Zurich,Frankfurt FRA,lufthansa_neu,Departed,14:40,14:40,2024-10-23 14:40:00,2024-10-23 14:40:00,0.0
2024-10-23,departure,Zurich,Larnaca,edelweiss,Departed,14:40,14:55,2024-10-23 14:40:00,2024-10-23 14:55:00,15.0
2024-10-23,departure,Zurich,Naples,easyjet,Departed,14:45,14:40,2024-10-23 14:45:00,2024-10-23 14:40:00,-5.0
2024-10-23,departure,Zurich,Cairo,egypt-air,Departed,14:55,15:00,2024-10-23 14:55:00,2024-10-23 15:00:00,5.0
2024-10-23,departure,Zurich,London LCY,british,Cancelled,14:55,14:55,2024-10-23 14:55:00,2024-10-23 14:55:00,0.0
2024-10-23,departure,Zurich,Antalya,pegasus,Departed,11:00,11:20,2024-10-23 11:00:00,2024-10-23 11:20:00,20.0
2024-10-23,departure,Zurich,Paris CDG,airfrance,Departed,11:10,11:15,2024-10-23 11:10:00,2024-10-23 11:15:00,5.0
2024-10-23,departure,Zurich,Athens,aegan,Departed,11:15,11:15,2024-10-23 11:15:00,2024-10-23 11:15:00,0.0
2024-10-23,departure,Zurich,Abu Dhabi,etihad,Departed,11:15,11:15,2024-10-23 11:15:00,2024-10-23 11:15:00,0.0
2024-10-23,departure,Zurich,Lisbon,easyjet,Departed,11:15,11:15,2024-10-23 11:15:00,2024-10-23 11:15:00,0.0
2024-10-23,departure,Zurich,Frankfurt FRA,lufthansa_neu,Departed,11:20,11:25,2024-10-23 11:20:00,2024-10-23 11:25:00,5.0
2024-10-23,departure,Zurich,Palma De Mallorca,chair,Departed,11:30,11:35,2024-10-23 11:30:00,2024-10-23 11:35:00,5.0
2024-10-23,departure,Zurich,Istanbul SAW,pegasus,Departed,11:35,12:00,2024-10-23 11:35:00,2024-10-23 12:00:00,25.0
2024-10-23,departure,Zurich,Palma De Mallorca,edelweiss,Departed,11:35,11:30,2024-10-23 11:35:00,2024-10-23 11:30:00,-5.0
2024-10-23,departure,Zurich,Istanbul SAW,ajet_logo,Departed,11:40,12:20,2024-10-23 11:40:00,2024-10-23 12:20:00,40.0
2024-10-23,departure,Zurich,Singapore,singapore,Departed,11:45,11:50,2024-10-23 11:45:00,2024-10-23 11:50:00,5.0
2024-10-23,departure,Zurich,Philadelphia,american,Departed,11:45,11:35,2024-10-23 11:45:00,2024-10-23 11:35:00,-10.0
2024-10-23,departure,Zurich,Zagreb,croatia_v2,Departed,11:45,11:40,2024-10-23 11:45:00,2024-10-23 11:40:00,-5.0
2024-10-23,departure,Zurich,Amsterdam,klm,Departed,11:50,13:25,2024-10-23 11:50:00,2024-10-23 13:25:00,95.0
2024-10-23,departure,Zurich,London LCY,swiss,Departed,11:50,12:05,2024-10-23 11:50:00,2024-10-23 12:05:00,15.0
2024-10-23,departure,Zurich,Tirana,swiss,Departed,11:50,11:50,2024-10-23 11:50:00,2024-10-23 11:50:00,0.0
2024-10-23,departure,Zurich,Madrid,iberia,Departed,11:50,12:05,2024-10-23 11:50:00,2024-10-23 12:05:00,15.0
2024-10-23,departure,Zurich,Washington,united,Departed,11:55,11:55,2024-10-23 11:55:00,2024-10-23 11:55:00,0.0
2024-10-23,departure,Zurich,Palermo,swiss,Departed,12:00,12:05,2024-10-23 12:00:00,2024-10-23 12:05:00,5.0
2024-10-23,departure,Zurich,Bucharest,swiss,Departed,12:00,12:15,2024-10-23 12:00:00,2024-10-23 12:15:00,15.0
2024-10-23,departure,Zurich,Gothenburg,swiss,Departed,12:00,13:00,2024-10-23 12:00:00,2024-10-23 13:00:00,60.0
2024-10-23,departure,Zurich,Stuttgart,swiss,Cancelled,12:05,12:05,2024-10-23 12:05:00,2024-10-23 12:05:00,0.0
2024-10-23,departure,Zurich,London LHR,swiss,Departed,12:05,12:10,2024-10-23 12:05:00,2024-10-23 12:10:00,5.0
2024-10-23,departure,Zurich,Gdansk,swiss,Departed,12:05,12:45,2024-10-23 12:05:00,2024-10-23 12:45:00,40.0
2024-10-23,departure,Zurich,Valencia,swiss,Departed,12:05,12:25,2024-10-23 12:05:00,2024-10-23 12:25:00,20.0
2024-10-23,departure,Zurich,Warsaw,swiss,Departed,12:10,12:15,2024-10-23 12:10:00,2024-10-23 12:15:00,5.0
2024-10-23,departure,Zurich,Palma De Mallorca,swiss,Departed,12:10,12:15,2024-10-23 12:10:00,2024-10-23 12:15:00,5.0
2024-10-23,departure,Zurich,Košice,swiss,Departed,12:10,12:25,2024-10-23 12:10:00,2024-10-23 12:25:00,15.0
2024-10-23,departure,Zurich,Geneva,swiss,Departed,12:10,12:10,2024-10-23 12:10:00,2024-10-23 12:10:00,0.0
2024-10-23,departure,Zurich,Belgrade,swiss,Departed,12:15,12:40,2024-10-23 12:15:00,2024-10-23 12:40:00,25.0
2024-10-23,departure,Zurich,Budapest,swiss,Departed,12:15,12:20,2024-10-23 12:15:00,2024-10-23 12:20:00,5.0
2024-10-23,departure,Zurich,Naples,swiss,Departed,12:15,12:45,2024-10-23 12:15:00,2024-10-23 12:45:00,30.0
2024-10-23,departure,Zurich,Athens,swiss,Departed,12:20,12:25,2024-10-23 12:20:00,2024-10-23 12:25:00,5.0
2024-10-23,departure,Zurich,Delhi,swiss,Departed,12:20,12:30,2024-10-23 12:20:00,2024-10-23 12:30:00,10.0
2024-10-23,departure,Zurich,Barcelona,swiss,Departed,12:20,12:20,2024-10-23 12:20:00,2024-10-23 12:20:00,0.0
2024-10-23,departure,Zurich,Vienna,swiss,Departed,12:25,12:20,2024-10-23 12:25:00,2024-10-23 12:20:00,-5.0
2024-10-23,departure,Zurich,Marseille,swiss,Departed,12:25,12:35,2024-10-23 12:25:00,2024-10-23 12:35:00,10.0
2024-10-23,departure,Zurich,Brindisi,swiss,Departed,12:25,13:15,2024-10-23 12:25:00,2024-10-23 13:15:00,50.0
2024-10-23,departure,Zurich,Berlin,swiss,Departed,12:30,12:30,2024-10-23 12:30:00,2024-10-23 12:30:00,0.0
2024-10-23,departure,Zurich,Hurghada,edelweiss,Departed,12:30,12:40,2024-10-23 12:30:00,2024-10-23 12:40:00,10.0
2024-10-23,departure,Zurich,Amsterdam,swiss,Departed,12:30,13:15,2024-10-23 12:30:00,2024-10-23 13:15:00,45.0
2024-10-23,departure,Zurich,Stockholm ARN,swiss,Departed,12:35,12:50,2024-10-23 12:35:00,2024-10-23 12:50:00,15.0
2024-10-23,departure,Zurich,Brussels,swiss,Departed,12:35,13:15,2024-10-23 12:35:00,2024-10-23 13:15:00,40.0
2024-10-23,departure,Zurich,Copenhagen,swiss,Departed,12:35,12:45,2024-10-23 12:35:00,2024-10-23 12:45:00,10.0
2024-10-23,departure,Zurich,Hamburg,swiss,Departed,12:35,12:45,2024-10-23 12:35:00,2024-10-23 12:45:00,10.0
2024-10-23,departure,Zurich,Montreal,swiss,Departed,12:40,13:05,2024-10-23 12:40:00,2024-10-23 13:05:00,25.0
2024-10-23,departure,Zurich,Dubai,swiss,Departed,12:40,12:50,2024-10-23 12:40:00,2024-10-23 12:50:00,10.0
2024-10-23,departure,Zurich,Milan MXP,swiss,Departed,12:40,12:50,2024-10-23 12:40:00,2024-10-23 12:50:00,10.0
2024-10-23,departure,Zurich,Rome FCO,swiss,Departed,12:45,13:20,2024-10-23 12:45:00,2024-10-23 13:20:00,35.0
2024-10-23,departure,Zurich,Düsseldorf,swiss,Departed,12:45,13:30,2024-10-23 12:45:00,2024-10-23 13:30:00,45.0
2024-10-23,departure,Zurich,Lisbon,swiss,Departed,12:45,12:55,2024-10-23 12:45:00,2024-10-23 12:55:00,10.0
2024-10-23,departure,Zurich,Prague,swiss,Departed,12:45,12:55,2024-10-23 12:45:00,2024-10-23 12:55:00,10.0
2024-10-23,departure,Zurich,Frankfurt FRA,swiss,Departed,12:50,13:15,2024-10-23 12:50:00,2024-10-23 13:15:00,25.0
2024-10-23,departure,Zurich,Florence,swiss,Departed,12:50,14:10,2024-10-23 12:50:00,2024-10-23 14:10:00,80.0
2024-10-23,departure,Zurich,Nice,swiss,Departed,12:50,13:10,2024-10-23 12:50:00,2024-10-23 13:10:00,20.0
2024-10-23,departure,Zurich,Washington,swiss,Departed,12:55,13:15,2024-10-23 12:55:00,2024-10-23 13:15:00,20.0
2024-10-23,departure,Zurich,Paris CDG,swiss,Departed,12:55,13:00,2024-10-23 12:55:00,2024-10-23 13:00:00,5.0
2024-10-23,departure,Zurich,Luxembourg,swiss,Departed,12:55,13:00,2024-10-23 12:55:00,2024-10-23 13:00:00,5.0
2024-10-23,departure,Zurich,Boston,swiss,Departed,12:55,13:05,2024-10-23 12:55:00,2024-10-23 13:05:00,10.0
2024-10-23,departure,Zurich,Liberiavia San Jose,edelweiss,Departed,09:00,09:15,2024-10-23 09:00:00,2024-10-23 09:15:00,15.0
2024-10-23,departure,Zurich,Brussels,brussels_airlines_logo,Departed,09:00,09:00,2024-10-23 09:00:00,2024-10-23 09:00:00,0.0
2024-10-23,departure,Zurich,Luxembourg,swiss,Departed,09:00,09:00,2024-10-23 09:00:00,2024-10-23 09:00:00,0.0
2024-10-23,departure,Zurich,Milan MXP,swiss,Departed,09:00,09:00,2024-10-23 09:00:00,2024-10-23 09:00:00,0.0
2024-10-23,departure,Zurich,Hamburg,euro,Departed,09:05,09:05,2024-10-23 09:05:00,2024-10-23 09:05:00,0.0
2024-10-23,departure,Zurich,Malaga,swiss,Departed,09:10,09:10,2024-10-23 09:10:00,2024-10-23 09:10:00,0.0
2024-10-23,departure,Zurich,Geneva,swiss,Departed,09:10,09:10,2024-10-23 09:10:00,2024-10-23 09:10:00,0.0
2024-10-23,departure,Zurich,Munich,lufthansa_neu,Departed,09:20,09:25,2024-10-23 09:20:00,2024-10-23 09:25:00,5.0
2024-10-23,departure,Zurich,Thessaloniki,aegan,Departed,09:20,09:20,2024-10-23 09:20:00,2024-10-23 09:20:00,0.0
2024-10-23,departure,Zurich,Amsterdam,klm,Departed,09:20,09:50,2024-10-23 09:20:00,2024-10-23 09:50:00,30.0
2024-10-23,departure,Zurich,Frankfurt FRA,lufthansa_neu,Departed,09:30,09:35,2024-10-23 09:30:00,2024-10-23 09:35:00,5.0
2024-10-23,departure,Zurich,Valencia,swiss,Departed,09:30,09:30,2024-10-23 09:30:00,2024-10-23 09:30:00,0.0
2024-10-23,departure,Zurich,Belgrade,serbia,Departed,09:30,09:30,2024-10-23 09:30:00,2024-10-23 09:30:00,0.0
2024-10-23,departure,Zurich,Stuttgart,swiss,Departed,09:35,09:30,2024-10-23 09:35:00,2024-10-23 09:30:00,-5.0
2024-10-23,departure,Zurich,Barcelona,vueling,Departed,09:35,09:55,2024-10-23 09:35:00,2024-10-23 09:55:00,20.0
2024-10-23,departure,Zurich,Antalya,sun,Departed,09:40,09:35,2024-10-23 09:40:00,2024-10-23 09:35:00,-5.0
2024-10-23,departure,Zurich,Doha,qatar,Departed,09:40,09:50,2024-10-23 09:40:00,2024-10-23 09:50:00,10.0
2024-10-23,departure,Zurich,Alicante,swiss,Departed,09:40,09:45,2024-10-23 09:40:00,2024-10-23 09:45:00,5.0
2024-10-23,departure,Zurich,Athens,swiss,Departed,09:45,09:45,2024-10-23 09:45:00,2024-10-23 09:45:00,0.0
2024-10-23,departure,Zurich,Porto,swiss,Departed,09:50,10:30,2024-10-23 09:50:00,2024-10-23 10:30:00,40.0
2024-10-23,departure,Zurich,Berlin,euro,Departed,09:50,09:50,2024-10-23 09:50:00,2024-10-23 09:50:00,0.0
2024-10-23,departure,Zurich,Chicago,united,Departed,09:50,09:50,2024-10-23 09:50:00,2024-10-23 09:50:00,0.0
2024-10-23,departure,Zurich,Stockholm ARN,swiss,Departed,09:55,10:05,2024-10-23 09:55:00,2024-10-23 10:05:00,10.0
2024-10-23,departure,Zurich,Mumbai,swiss,Departed,09:55,10:02,2024-10-23 09:55:00,2024-10-23 10:02:00,7.0
2024-10-23,departure,Zurich,Sofia,swiss,Departed,09:55,09:55,2024-10-23 09:55:00,2024-10-23 09:55:00,0.0
2024-10-23,departure,Zurich,Palma De Mallorca,swiss,Departed,10:00,10:00,2024-10-23 10:00:00,2024-10-23 10:00:00,0.0
2024-10-23,departure,Zurich,New York,swiss,Departed,10:00,10:00,2024-10-23 10:00:00,2024-10-23 10:00:00,0.0
2024-10-23,departure,Zurich,London LCY,british,Departed,10:05,10:05,2024-10-23 10:05:00,2024-10-23 10:05:00,0.0
2024-10-23,departure,Zurich,Newark,united,Departed,10:10,10:10,2024-10-23 10:10:00,2024-10-23 10:10:00,0.0
2024-10-23,departure,Zurich,Copenhagen,sas,Departed,10:20,10:20,2024-10-23 10:20:00,2024-10-23 10:20:00,0.0
2024-10-23,departure,Zurich,Madrid,europa,Departed,10:20,10:20,2024-10-23 10:20:00,2024-10-23 10:20:00,0.0
2024-10-23,departure,Zurich,Warsaw,lot,Departed,10:25,10:25,2024-10-23 10:25:00,2024-10-23 10:25:00,0.0
2024-10-23,departure,Zurich,London LGW,easyjet,Departed,10:25,11:00,2024-10-23 10:25:00,2024-10-23 11:00:00,35.0
2024-10-23,departure,Zurich,Izmir,sun,Departed,10:25,10:25,2024-10-23 10:25:00,2024-10-23 10:25:00,0.0
2024-10-23,departure,Zurich,London LHR,swiss,Departed,10:30,11:20,2024-10-23 10:30:00,2024-10-23 11:20:00,50.0
2024-10-23,departure,Zurich,Vienna,austrian,Departed,10:40,10:40,2024-10-23 10:40:00,2024-10-23 10:40:00,0.0
2024-10-23,departure,Zurich,London LHR,british,Cancelled,10:40,10:40,2024-10-23 10:40:00,2024-10-23 10:40:00,0.0
2024-10-23,departure,Zurich,Istanbul IST,turkish,Departed,10:45,11:00,2024-10-23 10:45:00,2024-10-23 11:00:00,15.0
2024-10-23,departure,Zurich,Dublin,swiss,Departed,10:50,10:50,2024-10-23 10:50:00,2024-10-23 10:50:00,0.0
2024-10-23,departure,Zurich,Helsinki,finnair,Departed,10:50,10:50,2024-10-23 10:50:00,2024-10-23 10:50:00,0.0
2024-10-23,departure,Zurich,Oslo OSL,swiss,Departed,10:50,10:55,2024-10-23 10:50:00,2024-10-23 10:55:00,5.0
2024-10-23,departure,Zurich,Tel Aviv,elalisrael,Departed,10:55,11:15,2024-10-23 10:55:00,2024-10-23 11:15:00,20.0
2024-10-23,departure,Zurich,Madrid,swiss,Departed,07:00,07:10,2024-10-23 07:00:00,2024-10-23 07:10:00,10.0
2024-10-23,departure,Zurich,Frankfurt FRA,swiss,Departed,07:00,07:00,2024-10-23 07:00:00,2024-10-23 07:00:00,0.0
2024-10-23,departure,Zurich,Birmingham,swiss,Departed,07:05,07:05,2024-10-23 07:05:00,2024-10-23 07:05:00,0.0
2024-10-23,departure,Zurich,Manchester,swiss,Departed,07:05,07:10,2024-10-23 07:05:00,2024-10-23 07:10:00,5.0
2024-10-23,departure,Zurich,Bordeaux,swiss,Departed,07:05,07:05,2024-10-23 07:05:00,2024-10-23 07:05:00,0.0
2024-10-23,departure,Zurich,London LHR,swiss,Departed,07:05,07:05,2024-10-23 07:05:00,2024-10-23 07:05:00,0.0
2024-10-23,departure,Zurich,Copenhagen,swiss,Departed,07:10,07:10,2024-10-23 07:10:00,2024-10-23 07:10:00,0.0
2024-10-23,departure,Zurich,Belgrade,swiss,Departed,07:10,07:10,2024-10-23 07:10:00,2024-10-23 07:10:00,0.0
2024-10-23,departure,Zurich,Vienna,swiss,Departed,07:10,07:10,2024-10-23 07:10:00,2024-10-23 07:10:00,0.0
2024-10-23,departure,Zurich,Barcelona,swiss,Departed,07:10,07:20,2024-10-23 07:10:00,2024-10-23 07:20:00,10.0
2024-10-23,departure,Zurich,London LHR,british,Departed,07:15,07:15,2024-10-23 07:15:00,2024-10-23 07:15:00,0.0
2024-10-23,departure,Zurich,Hamburg,swiss,Departed,07:15,07:15,2024-10-23 07:15:00,2024-10-23 07:15:00,0.0
2024-10-23,departure,Zurich,Munich,swiss,Departed,07:15,07:20,2024-10-23 07:15:00,2024-10-23 07:20:00,5.0
2024-10-23,departure,Zurich,Amsterdam,swiss,Departed,07:20,07:25,2024-10-23 07:20:00,2024-10-23 07:25:00,5.0
2024-10-23,departure,Zurich,Budapest,swiss,Departed,07:20,07:20,2024-10-23 07:20:00,2024-10-23 07:20:00,0.0
2024-10-23,departure,Zurich,Berlin,swiss,Departed,07:20,07:20,2024-10-23 07:20:00,2024-10-23 07:20:00,0.0
2024-10-23,departure,Zurich,Rome FCO,swiss,Departed,07:20,07:20,2024-10-23 07:20:00,2024-10-23 07:20:00,0.0
2024-10-23,departure,Zurich,Prague,swiss,Departed,07:25,07:25,2024-10-23 07:25:00,2024-10-23 07:25:00,0.0
2024-10-23,departure,Zurich,Paris CDG,swiss,Departed,07:25,07:30,2024-10-23 07:25:00,2024-10-23 07:30:00,5.0
2024-10-23,departure,Zurich,Brussels,swiss,Departed,07:25,07:25,2024-10-23 07:25:00,2024-10-23 07:25:00,0.0
2024-10-23,departure,Zurich,Nice,swiss,Departed,07:30,07:30,2024-10-23 07:30:00,2024-10-23 07:30:00,0.0
2024-10-23,departure,Zurich,Madrid,iberia,Departed,07:30,07:40,2024-10-23 07:30:00,2024-10-23 07:40:00,10.0
2024-10-23,departure,Zurich,Geneva,swiss,Departed,07:30,07:35,2024-10-23 07:30:00,2024-10-23 07:35:00,5.0
2024-10-23,departure,Zurich,Düsseldorf,swiss,Departed,07:30,07:30,2024-10-23 07:30:00,2024-10-23 07:30:00,0.0
2024-10-23,departure,Zurich,Sharm El Sheikh,edelweiss,Departed,07:35,07:40,2024-10-23 07:35:00,2024-10-23 07:40:00,5.0
2024-10-23,departure,Zurich,Sarajevo,swiss,Departed,07:35,07:35,2024-10-23 07:35:00,2024-10-23 07:35:00,0.0
2024-10-23,departure,Zurich,Istanbul IST,turkish,Departed,07:40,07:40,2024-10-23 07:40:00,2024-10-23 07:40:00,0.0
2024-10-23,departure,Zurich,Paris CDG,airfrance,Departed,07:45,07:45,2024-10-23 07:45:00,2024-10-23 07:45:00,0.0
2024-10-23,departure,Zurich,Berlin,easyjet,Departed,08:05,08:05,2024-10-23 08:05:00,2024-10-23 08:05:00,0.0
2024-10-23,departure,Zurich,Florence,swiss,Departed,08:05,08:05,2024-10-23 08:05:00,2024-10-23 08:05:00,0.0
2024-10-23,departure,Zurich,Cologne Bonn,euro,Departed,08:05,08:05,2024-10-23 08:05:00,2024-10-23 08:05:00,0.0
2024-10-23,departure,Zurich,London LCY,swiss,Departed,08:10,08:10,2024-10-23 08:10:00,2024-10-23 08:10:00,0.0
2024-10-23,departure,Zurich,Frankfurt FRA,lufthansa_neu,Departed,08:15,08:45,2024-10-23 08:15:00,2024-10-23 08:45:00,30.0
2024-10-23,departure,Zurich,Hamburg,swiss,Departed,08:30,08:30,2024-10-23 08:30:00,2024-10-23 08:30:00,0.0
2024-10-23,departure,Zurich,Berlin,swiss,Departed,08:40,08:40,2024-10-23 08:40:00,2024-10-23 08:40:00,0.0
2024-10-23,departure,Zurich,Ljubljana,swiss,Departed,08:45,08:45,2024-10-23 08:45:00,2024-10-23 08:45:00,0.0
2024-10-23,departure,Zurich,Düsseldorf,euro,Departed,08:45,08:45,2024-10-23 08:45:00,2024-10-23 08:45:00,0.0
2024-10-23,departure,Zurich,Vienna,austrian,Departed,08:50,08:50,2024-10-23 08:50:00,2024-10-23 08:50:00,0.0
2024-10-23,departure,Zurich,Venice,swiss,Departed,08:50,08:50,2024-10-23 08:50:00,2024-10-23 08:50:00,0.0
2024-10-23,departure,Zurich,Bologna,swiss,Departed,08:55,08:55,2024-10-23 08:55:00,2024-10-23 08:55:00,0.0
2024-10-23,departure,Zurich,Heraklion,edelweiss,Departed,05:45,05:45,2024-10-23 05:45:00,2024-10-23 05:45:00,0.0
2024-10-23,departure,Zurich,Pristina,chair,Departed,05:45,05:45,2024-10-23 05:45:00,2024-10-23 05:45:00,0.0
2024-10-23,departure,Zurich,Cagliari,edelweiss,Departed,06:00,06:00,2024-10-23 06:00:00,2024-10-23 06:00:00,0.0
2024-10-23,departure,Zurich,Tenerife,edelweiss,Departed,06:10,06:10,2024-10-23 06:10:00,2024-10-23 06:10:00,0.0
2024-10-23,departure,Zurich,Lisbon,tap,Departed,06:20,06:20,2024-10-23 06:20:00,2024-10-23 06:20:00,0.0
2024-10-23,departure,Zurich,Madeira,edelweiss,Departed,06:20,06:15,2024-10-23 06:20:00,2024-10-23 06:15:00,-5.0
2024-10-23,departure,Zurich,Porto,swiss,Departed,06:20,06:20,2024-10-23 06:20:00,2024-10-23 06:20:00,0.0
2024-10-23,departure,Zurich,Larnaca,edelweiss,Departed,06:20,06:20,2024-10-23 06:20:00,2024-10-23 06:20:00,0.0
2024-10-23,departure,Zurich,Fuerteventura,edelweiss,Departed,06:25,06:25,2024-10-23 06:25:00,2024-10-23 06:25:00,0.0
2024-10-23,departure,Zurich,Rhodes,edelweiss,Departed,06:25,06:15,2024-10-23 06:25:00,2024-10-23 06:15:00,-10.0
2024-10-23,departure,Zurich,Menorca,edelweiss,Departed,06:30,06:25,2024-10-23 06:30:00,2024-10-23 06:25:00,-5.0
2024-10-23,departure,Zurich,Thessaloniki,swiss,Departed,06:30,06:35,2024-10-23 06:30:00,2024-10-23 06:35:00,5.0
2024-10-23,departure,Zurich,Hurghada,chair,Departed,06:30,06:30,2024-10-23 06:30:00,2024-10-23 06:30:00,0.0
2024-10-23,departure,Zurich,Larnaca,chair,Departed,06:35,06:35,2024-10-23 06:35:00,2024-10-23 06:35:00,0.0
2024-10-23,departure,Zurich,Malta,swiss,Departed,06:35,06:30,2024-10-23 06:35:00,2024-10-23 06:30:00,-5.0
2024-10-23,departure,Zurich,Pristina,edelweiss,Departed,06:40,06:43,2024-10-23 06:40:00,2024-10-23 06:43:00,3.0
2024-10-23,departure,Zurich,Faro,edelweiss,Departed,06:45,06:45,2024-10-23 06:45:00,2024-10-23 06:45:00,0.0
2024-10-23,departure,Zurich,London LCY,swiss,Departed,06:50,06:45,2024-10-23 06:50:00,2024-10-23 06:45:00,-5.0
2024-10-23,departure,Zurich,Hanover,swiss,Departed,06:50,06:50,2024-10-23 06:50:00,2024-10-23 06:50:00,0.0
2024-10-23,departure,Zurich,Palermo,swiss,Departed,06:55,07:00,2024-10-23 06:55:00,2024-10-23 07:00:00,5.0
2024-10-23,departure,Zurich,Krakow,swiss,Departed,06:55,06:55,2024-10-23 06:55:00,2024-10-23 06:55:00,0.0
2024-10-23,departure,Zurich,Palma De Mallorca,swiss,Departed,06:55,06:55,2024-10-23 06:55:00,2024-10-23 06:55:00,0.0
2024-10-23,departure,Zurich,Bristol,swiss,Departed,06:55,06:55,2024-10-23 06:55:00,2024-10-23 06:55:00,0.0
2024-10-22,arrival,Zurich,Geneva,swiss,Landed,21:00,20:41,2024-10-22 21:00:00,2024-10-22 20:41:00,-19.0
2024-10-22,arrival,Zurich,Hanover,swiss,Landed,21:00,20:57,2024-10-22 21:00:00,2024-10-22 20:57:00,-3.0
2024-10-22,arrival,Zurich,Sarajevo,swiss,Landed,21:00,20:44,2024-10-22 21:00:00,2024-10-22 20:44:00,-16.0
2024-10-22,arrival,Zurich,Amsterdam,swiss,Landed,21:00,20:40,2024-10-22 21:00:00,2024-10-22 20:40:00,-20.0
2024-10-22,arrival,Zurich,Copenhagen,swiss,Landed,21:05,21:13,2024-10-22 21:05:00,2024-10-22 21:13:00,8.0
2024-10-22,arrival,Zurich,Barcelona,vueling,Landed,21:10,20:57,2024-10-22 21:10:00,2024-10-22 20:57:00,-13.0
2024-10-22,arrival,Zurich,Brussels,swiss,Landed,21:20,21:25,2024-10-22 21:20:00,2024-10-22 21:25:00,5.0
2024-10-22,arrival,Zurich,Berlin,swiss,Landed,21:20,21:12,2024-10-22 21:20:00,2024-10-22 21:12:00,-8.0
2024-10-22,arrival,Zurich,Düsseldorf,swiss,Landed,21:20,21:14,2024-10-22 21:20:00,2024-10-22 21:14:00,-6.0
2024-10-22,arrival,Zurich,Corfu,edelweiss,Landed,21:25,21:15,2024-10-22 21:25:00,2024-10-22 21:15:00,-10.0
2024-10-22,arrival,Zurich,London LGW,swiss,Landed,21:25,21:06,2024-10-22 21:25:00,2024-10-22 21:06:00,-19.0
2024-10-22,arrival,Zurich,Paris CDG,swiss,Landed,21:30,21:24,2024-10-22 21:30:00,2024-10-22 21:24:00,-6.0
2024-10-22,arrival,Zurich,Vienna,swiss,Landed,21:30,21:16,2024-10-22 21:30:00,2024-10-22 21:16:00,-14.0
2024-10-22,arrival,Zurich,Amsterdam,swiss,Landed,21:30,22:06,2024-10-22 21:30:00,2024-10-22 22:06:00,36.0
2024-10-22,arrival,Zurich,London LHR,swiss,Landed,21:35,21:19,2024-10-22 21:35:00,2024-10-22 21:19:00,-16.0
2024-10-22,arrival,Zurich,Budapest,swiss,Landed,21:35,21:23,2024-10-22 21:35:00,2024-10-22 21:23:00,-12.0
2024-10-22,arrival,Zurich,Marseille,swiss,Landed,21:40,21:32,2024-10-22 21:40:00,2024-10-22 21:32:00,-8.0
2024-10-22,arrival,Zurich,Hamburg,swiss,Landed,21:40,21:36,2024-10-22 21:40:00,2024-10-22 21:36:00,-4.0
2024-10-22,arrival,Zurich,Birmingham,swiss,Landed,21:45,21:33,2024-10-22 21:45:00,2024-10-22 21:33:00,-12.0
2024-10-22,arrival,Zurich,Rome FCO,swiss,Landed,21:45,21:42,2024-10-22 21:45:00,2024-10-22 21:42:00,-3.0
2024-10-22,arrival,Zurich,Copenhagen,swiss,Landed,21:45,21:39,2024-10-22 21:45:00,2024-10-22 21:39:00,-6.0
2024-10-22,arrival,Zurich,Manchester,swiss,Landed,21:45,21:57,2024-10-22 21:45:00,2024-10-22 21:57:00,12.0
2024-10-22,arrival,Zurich,Barcelona,swiss,Landed,21:50,21:40,2024-10-22 21:50:00,2024-10-22 21:40:00,-10.0
2024-10-22,arrival,Zurich,Warsaw,swiss,Landed,21:50,22:05,2024-10-22 21:50:00,2024-10-22 22:05:00,15.0
2024-10-22,arrival,Zurich,Frankfurt,swiss,Landed,21:55,22:28,2024-10-22 21:55:00,2024-10-22 22:28:00,33.0
2024-10-22,arrival,Zurich,Dublin,swiss,Landed,21:55,22:03,2024-10-22 21:55:00,2024-10-22 22:03:00,8.0
2024-10-22,arrival,Zurich,Belgrade,swiss,Landed,21:55,22:02,2024-10-22 21:55:00,2024-10-22 22:02:00,7.0
2024-10-22,arrival,Zurich,Munich,swiss,Landed,21:55,21:59,2024-10-22 21:55:00,2024-10-22 21:59:00,4.0
2024-10-22,arrival,Zurich,Madrid,swiss,Landed,22:00,22:21,2024-10-22 22:00:00,2024-10-22 22:21:00,21.0
2024-10-22,arrival,Zurich,Reykjavík,edelweiss,Landed,22:00,22:07,2024-10-22 22:00:00,2024-10-22 22:07:00,7.0
2024-10-22,arrival,Zurich,Berlin,swiss,Landed,22:00,21:56,2024-10-22 22:00:00,2024-10-22 21:56:00,-4.0
2024-10-22,arrival,Zurich,Skopje,chair,Landed,22:10,21:47,2024-10-22 22:10:00,2024-10-22 21:47:00,-23.0
2024-10-22,arrival,Zurich,Larnaca,edelweiss,Landed,22:15,22:15,2024-10-22 22:15:00,2024-10-22 22:15:00,0.0
2024-10-22,arrival,Zurich,Madrid,iberia,Landed,22:20,22:17,2024-10-22 22:20:00,2024-10-22 22:17:00,-3.0
2024-10-22,arrival,Zurich,Istanbul IST,turkish,Landed,22:20,21:51,2024-10-22 22:20:00,2024-10-22 21:51:00,-29.0
2024-10-22,arrival,Zurich,Alicante,swiss,Landed,22:20,22:13,2024-10-22 22:20:00,2024-10-22 22:13:00,-7.0
2024-10-22,arrival,Zurich,Pristina,chair,Landed,22:25,22:09,2024-10-22 22:25:00,2024-10-22 22:09:00,-16.0
2024-10-22,arrival,Zurich,London LHR,british,Landed,22:30,22:51,2024-10-22 22:30:00,2024-10-22 22:51:00,21.0
2024-10-22,arrival,Zurich,Paris CDG,airfrance,Landed,22:30,22:22,2024-10-22 22:30:00,2024-10-22 22:22:00,-8.0
2024-10-22,arrival,Zurich,Lisbon,tap,Landed,22:30,23:16,2024-10-22 22:30:00,2024-10-22 23:16:00,46.0
2024-10-22,arrival,Zurich,Palma De Mallorca,swiss,Landed,22:40,22:26,2024-10-22 22:40:00,2024-10-22 22:26:00,-14.0
2024-10-22,arrival,Zurich,Kos,edelweiss,Landed,22:40,22:35,2024-10-22 22:40:00,2024-10-22 22:35:00,-5.0
2024-10-22,arrival,Zurich,London LHR,swiss,Landed,22:45,22:38,2024-10-22 22:45:00,2024-10-22 22:38:00,-7.0
2024-10-22,arrival,Zurich,Menorca,edelweiss,Landed,22:45,22:30,2024-10-22 22:45:00,2024-10-22 22:30:00,-15.0
2024-10-22,arrival,Zurich,Catania,edelweiss,Landed,22:45,22:42,2024-10-22 22:45:00,2024-10-22 22:42:00,-3.0
2024-10-22,arrival,Zurich,Bilbao,edelweiss,Landed,22:50,22:40,2024-10-22 22:50:00,2024-10-22 22:40:00,-10.0
2024-10-22,arrival,Zurich,Heraklion,edelweiss,Landed,22:50,22:50,2024-10-22 22:50:00,2024-10-22 22:50:00,0.0
2024-10-22,arrival,Zurich,Fuerteventura,edelweiss,Landed,22:55,22:54,2024-10-22 22:55:00,2024-10-22 22:54:00,-1.0
2024-10-22,arrival,Zurich,Antalya,edelweiss,Landed,22:55,22:47,2024-10-22 22:55:00,2024-10-22 22:47:00,-8.0
2024-10-22,arrival,Zurich,Faro,edelweiss,Landed,22:55,23:10,2024-10-22 22:55:00,2024-10-22 23:10:00,15.0
2024-10-22,arrival,Zurich,Porto,tap,Landed,19:00,19:00,2024-10-22 19:00:00,2024-10-22 19:00:00,0.0
2024-10-22,arrival,Zurich,Warsaw,lot,Landed,19:05,19:43,2024-10-22 19:05:00,2024-10-22 19:43:00,38.0
2024-10-22,arrival,Zurich,Pristina,gp-aviation,Landed,19:20,19:17,2024-10-22 19:20:00,2024-10-22 19:17:00,-3.0
2024-10-22,arrival,Zurich,Frankfurt,lufthansa_neu,Landed,19:20,19:16,2024-10-22 19:20:00,2024-10-22 19:16:00,-4.0
2024-10-22,arrival,Zurich,Zagreb,croatia_v2,Landed,19:20,19:29,2024-10-22 19:20:00,2024-10-22 19:29:00,9.0
2024-10-22,arrival,Zurich,Lisbon,swiss,Landed,19:30,19:43,2024-10-22 19:30:00,2024-10-22 19:43:00,13.0
2024-10-22,arrival,Zurich,Berlin,euro,Landed,19:30,19:36,2024-10-22 19:30:00,2024-10-22 19:36:00,6.0
2024-10-22,arrival,Zurich,Bangkok,swiss,Landed,19:35,19:39,2024-10-22 19:35:00,2024-10-22 19:39:00,4.0
2024-10-22,arrival,Zurich,Munich,lufthansa_neu,Landed,19:35,19:34,2024-10-22 19:35:00,2024-10-22 19:34:00,-1.0
2024-10-22,arrival,Zurich,Cologne Bonn,euro,Landed,19:40,19:45,2024-10-22 19:40:00,2024-10-22 19:45:00,5.0
2024-10-22,arrival,Zurich,Marrakesh,edelweiss,Landed,19:40,19:27,2024-10-22 19:40:00,2024-10-22 19:27:00,-13.0
2024-10-22,arrival,Zurich,Malaga,swiss,Landed,19:40,19:31,2024-10-22 19:40:00,2024-10-22 19:31:00,-9.0
2024-10-22,arrival,Zurich,Geneva,swiss,Landed,19:40,19:32,2024-10-22 19:40:00,2024-10-22 19:32:00,-8.0
2024-10-22,arrival,Zurich,Copenhagen,sas,Landed,19:45,19:54,2024-10-22 19:45:00,2024-10-22 19:54:00,9.0
2024-10-22,arrival,Zurich,Hamburg,euro,Landed,19:55,20:10,2024-10-22 19:55:00,2024-10-22 20:10:00,15.0
2024-10-22,arrival,Zurich,London LHR,swiss,Landed,19:55,19:49,2024-10-22 19:55:00,2024-10-22 19:49:00,-6.0
2024-10-22,arrival,Zurich,Vienna,austrian,Landed,20:00,20:17,2024-10-22 20:00:00,2024-10-22 20:17:00,17.0
2024-10-22,arrival,Zurich,Belgrade,serbia,Landed,20:00,19:59,2024-10-22 20:00:00,2024-10-22 19:59:00,-1.0
2024-10-22,arrival,Zurich,Milan MXP,swiss,Landed,20:05,20:48,2024-10-22 20:05:00,2024-10-22 20:48:00,43.0
2024-10-22,arrival,Zurich,Luxembourg,swiss,Landed,20:05,20:03,2024-10-22 20:05:00,2024-10-22 20:03:00,-2.0
2024-10-22,arrival,Zurich,Bologna,swiss,Landed,20:10,19:51,2024-10-22 20:10:00,2024-10-22 19:51:00,-19.0
2024-10-22,arrival,Zurich,Berlin,swiss,Landed,20:10,20:08,2024-10-22 20:10:00,2024-10-22 20:08:00,-2.0
2024-10-22,arrival,Zurich,Palma De Mallorca,swiss,Landed,20:15,20:06,2024-10-22 20:15:00,2024-10-22 20:06:00,-9.0
2024-10-22,arrival,Zurich,Stuttgart,swiss,Landed,20:15,20:15,2024-10-22 20:15:00,2024-10-22 20:15:00,0.0
2024-10-22,arrival,Zurich,Dubai DXB,emirates-neu,Landed,20:20,20:12,2024-10-22 20:20:00,2024-10-22 20:12:00,-8.0
2024-10-22,arrival,Zurich,Florence,swiss,Landed,20:20,20:06,2024-10-22 20:20:00,2024-10-22 20:06:00,-14.0
2024-10-22,arrival,Zurich,Düsseldorf,swiss,Landed,20:20,20:18,2024-10-22 20:20:00,2024-10-22 20:18:00,-2.0
2024-10-22,arrival,Zurich,Barcelona,swiss,Landed,20:25,20:03,2024-10-22 20:25:00,2024-10-22 20:03:00,-22.0
2024-10-22,arrival,Zurich,Nice,swiss,Landed,20:25,20:56,2024-10-22 20:25:00,2024-10-22 20:56:00,31.0
2024-10-22,arrival,Zurich,Brussels,swiss,Landed,20:25,20:28,2024-10-22 20:25:00,2024-10-22 20:28:00,3.0
2024-10-22,arrival,Zurich,Ljubljana,swiss,Landed,20:30,20:54,2024-10-22 20:30:00,2024-10-22 20:54:00,24.0
2024-10-22,arrival,Zurich,Prague,swiss,Landed,20:30,20:20,2024-10-22 20:30:00,2024-10-22 20:20:00,-10.0
2024-10-22,arrival,Zurich,Hamburg,swiss,Landed,20:30,20:37,2024-10-22 20:30:00,2024-10-22 20:37:00,7.0
2024-10-22,arrival,Zurich,Venice,swiss,Landed,20:30,20:29,2024-10-22 20:30:00,2024-10-22 20:29:00,-1.0
2024-10-22,arrival,Zurich,London LCY,swiss,Landed,20:35,21:28,2024-10-22 20:35:00,2024-10-22 21:28:00,53.0
2024-10-22,arrival,Zurich,London LGW,easyjet,Landed,20:50,20:50,2024-10-22 20:50:00,2024-10-22 20:50:00,0.0
2024-10-22,arrival,Zurich,Porto,easyjet,Landed,20:50,21:05,2024-10-22 20:50:00,2024-10-22 21:05:00,15.0
2024-10-22,arrival,Zurich,Palma De Mallorca,edelweiss,Landed,17:00,18:04,2024-10-22 17:00:00,2024-10-22 18:04:00,64.0
2024-10-22,arrival,Zurich,Hurghada,edelweiss,Landed,17:00,16:53,2024-10-22 17:00:00,2024-10-22 16:53:00,-7.0
2024-10-22,arrival,Zurich,Valencia,swiss,Landed,17:05,17:04,2024-10-22 17:05:00,2024-10-22 17:04:00,-1.0
2024-10-22,arrival,Zurich,Marsa Alam,edelweiss,Landed,17:05,16:37,2024-10-22 17:05:00,2024-10-22 16:37:00,-28.0
2024-10-22,arrival,Zurich,Seoul,korean,Landed,17:10,16:46,2024-10-22 17:10:00,2024-10-22 16:46:00,-24.0
2024-10-22,arrival,Zurich,Madrid,europa,Landed,17:10,17:41,2024-10-22 17:10:00,2024-10-22 17:41:00,31.0
2024-10-22,arrival,Zurich,Berlin,swiss,Landed,17:10,17:15,2024-10-22 17:10:00,2024-10-22 17:15:00,5.0
2024-10-22,arrival,Zurich,Lisbon,tap,Landed,17:15,17:20,2024-10-22 17:15:00,2024-10-22 17:20:00,5.0
2024-10-22,arrival,Zurich,Frankfurt,lufthansa_neu,Landed,17:25,17:36,2024-10-22 17:25:00,2024-10-22 17:36:00,11.0
2024-10-22,arrival,Zurich,Istanbul IST,turkish,Landed,17:25,17:42,2024-10-22 17:25:00,2024-10-22 17:42:00,17.0
2024-10-22,arrival,Zurich,Antalya,sun,Landed,17:35,17:17,2024-10-22 17:35:00,2024-10-22 17:17:00,-18.0
2024-10-22,arrival,Zurich,Bucharest,swiss,Landed,17:35,17:46,2024-10-22 17:35:00,2024-10-22 17:46:00,11.0
2024-10-22,arrival,Zurich,Hurghada,cairo,Landed,17:40,19:40,2024-10-22 17:40:00,2024-10-22 19:40:00,120.0
2024-10-22,arrival,Zurich,Kalamata,edelweiss,Landed,17:40,17:39,2024-10-22 17:40:00,2024-10-22 17:39:00,-1.0
2024-10-22,arrival,Zurich,Vienna,austrian,Landed,18:00,18:01,2024-10-22 18:00:00,2024-10-22 18:01:00,1.0
2024-10-22,arrival,Zurich,London LHR,british,Landed,18:05,18:10,2024-10-22 18:05:00,2024-10-22 18:10:00,5.0
2024-10-22,arrival,Zurich,Paris CDG,airfrance,Landed,18:05,18:09,2024-10-22 18:05:00,2024-10-22 18:09:00,4.0
2024-10-22,arrival,Zurich,Shanghai,swiss,Landed,18:15,17:28,2024-10-22 18:15:00,2024-10-22 17:28:00,-47.0
2024-10-22,arrival,Zurich,Helsinki,finnair,Landed,18:20,18:33,2024-10-22 18:20:00,2024-10-22 18:33:00,13.0
2024-10-22,arrival,Zurich,Stockholm,swiss,Landed,18:20,18:23,2024-10-22 18:20:00,2024-10-22 18:23:00,3.0
2024-10-22,arrival,Zurich,Riga,baltic,Landed,18:20,18:31,2024-10-22 18:20:00,2024-10-22 18:31:00,11.0
2024-10-22,arrival,Zurich,Tokyo,swiss,Landed,18:20,18:27,2024-10-22 18:20:00,2024-10-22 18:27:00,7.0
2024-10-22,arrival,Zurich,Düsseldorf,euro,Landed,18:30,18:54,2024-10-22 18:30:00,2024-10-22 18:54:00,24.0
2024-10-22,arrival,Zurich,Antalya,sun,Landed,18:35,18:17,2024-10-22 18:35:00,2024-10-22 18:17:00,-18.0
2024-10-22,arrival,Zurich,Athens,swiss,Landed,18:35,18:58,2024-10-22 18:35:00,2024-10-22 18:58:00,23.0
2024-10-22,arrival,Zurich,Amsterdam,klm,Landed,18:40,18:46,2024-10-22 18:40:00,2024-10-22 18:46:00,6.0
2024-10-22,arrival,Zurich,London LCY,british,Landed,18:40,18:30,2024-10-22 18:40:00,2024-10-22 18:30:00,-10.0
2024-10-22,arrival,Zurich,Madrid,iberia,Landed,18:55,18:37,2024-10-22 18:55:00,2024-10-22 18:37:00,-18.0
2024-10-22,arrival,Zurich,Istanbul SAW,pegasus,Landed,15:00,15:20,2024-10-22 15:00:00,2024-10-22 15:20:00,20.0
2024-10-22,arrival,Zurich,Düsseldorf,euro,Landed,15:00,14:50,2024-10-22 15:00:00,2024-10-22 14:50:00,-10.0
2024-10-22,arrival,Zurich,Thessaloniki,swiss,Landed,15:05,15:08,2024-10-22 15:05:00,2024-10-22 15:08:00,3.0
2024-10-22,arrival,Zurich,Gran Canaria,edelweiss,Landed,15:20,16:12,2024-10-22 15:20:00,2024-10-22 16:12:00,52.0
2024-10-22,arrival,Zurich,Muscat,edelweiss,Landed,15:20,15:42,2024-10-22 15:20:00,2024-10-22 15:42:00,22.0
2024-10-22,arrival,Zurich,Lanzarote,edelweiss,Landed,15:25,15:18,2024-10-22 15:25:00,2024-10-22 15:18:00,-7.0
2024-10-22,arrival,Zurich,Hamburg,euro,Landed,15:30,15:58,2024-10-22 15:30:00,2024-10-22 15:58:00,28.0
2024-10-22,arrival,Zurich,Cologne Bonn,euro,Landed,15:35,15:47,2024-10-22 15:35:00,2024-10-22 15:47:00,12.0
2024-10-22,arrival,Zurich,Hurghada,chair,Landed,15:40,16:08,2024-10-22 15:40:00,2024-10-22 16:08:00,28.0
2024-10-22,arrival,Zurich,Los Angeles,swiss,Landed,15:40,15:14,2024-10-22 15:40:00,2024-10-22 15:14:00,-26.0
2024-10-22,arrival,Zurich,Milan MXP,swiss,Landed,15:45,16:03,2024-10-22 15:45:00,2024-10-22 16:03:00,18.0
2024-10-22,arrival,Zurich,Stockholm,swiss,Landed,15:45,16:08,2024-10-22 15:45:00,2024-10-22 16:08:00,23.0
2024-10-22,arrival,Zurich,Porto,swiss,Landed,15:45,15:52,2024-10-22 15:45:00,2024-10-22 15:52:00,7.0
2024-10-22,arrival,Zurich,London LCY,swiss,Landed,15:45,16:27,2024-10-22 15:45:00,2024-10-22 16:27:00,42.0
2024-10-22,arrival,Zurich,Vienna,swiss,Landed,15:50,15:48,2024-10-22 15:50:00,2024-10-22 15:48:00,-2.0
2024-10-22,arrival,Zurich,San Francisco,swiss,Landed,15:50,14:56,2024-10-22 15:50:00,2024-10-22 14:56:00,-54.0
2024-10-22,arrival,Zurich,Tenerife,edelweiss,Landed,15:50,15:45,2024-10-22 15:50:00,2024-10-22 15:45:00,-5.0
2024-10-22,arrival,Zurich,Geneva,swiss,Landed,15:50,16:14,2024-10-22 15:50:00,2024-10-22 16:14:00,24.0
2024-10-22,arrival,Zurich,Malaga,swiss,Landed,15:55,15:55,2024-10-22 15:55:00,2024-10-22 15:55:00,0.0
2024-10-22,arrival,Zurich,Frankfurt,swiss,Landed,15:55,15:56,2024-10-22 15:55:00,2024-10-22 15:56:00,1.0
2024-10-22,arrival,Zurich,Stuttgart,swiss,Landed,15:55,15:56,2024-10-22 15:55:00,2024-10-22 15:56:00,1.0
2024-10-22,arrival,Zurich,Düsseldorf,swiss,Landed,16:00,16:02,2024-10-22 16:00:00,2024-10-22 16:02:00,2.0
2024-10-22,arrival,Zurich,Venice,swiss,Landed,16:05,16:47,2024-10-22 16:05:00,2024-10-22 16:47:00,42.0
2024-10-22,arrival,Zurich,Nice,swiss,Landed,16:05,16:10,2024-10-22 16:05:00,2024-10-22 16:10:00,5.0
2024-10-22,arrival,Zurich,Hanover,swiss,Landed,16:05,16:01,2024-10-22 16:05:00,2024-10-22 16:01:00,-4.0
2024-10-22,arrival,Zurich,Florence,swiss,Landed,16:10,16:05,2024-10-22 16:10:00,2024-10-22 16:05:00,-5.0
2024-10-22,arrival,Zurich,Graz,swiss,Landed,16:10,16:20,2024-10-22 16:10:00,2024-10-22 16:20:00,10.0
2024-10-22,arrival,Zurich,Dublin,swiss,Landed,16:15,16:22,2024-10-22 16:15:00,2024-10-22 16:22:00,7.0
2024-10-22,arrival,Zurich,Prague,swiss,Landed,16:15,16:11,2024-10-22 16:15:00,2024-10-22 16:11:00,-4.0
2024-10-22,arrival,Zurich,Athens,swiss,Landed,16:15,16:15,2024-10-22 16:15:00,2024-10-22 16:15:00,0.0
2024-10-22,arrival,Zurich,Brussels,swiss,Landed,16:15,16:17,2024-10-22 16:15:00,2024-10-22 16:17:00,2.0
2024-10-22,arrival,Zurich,Nantes,swiss,Landed,16:20,16:15,2024-10-22 16:20:00,2024-10-22 16:15:00,-5.0
2024-10-22,arrival,Zurich,Munich,lufthansa_neu,Landed,16:20,16:36,2024-10-22 16:20:00,2024-10-22 16:36:00,16.0
2024-10-22,arrival,Zurich,Paris CDG,swiss,Landed,16:20,16:40,2024-10-22 16:20:00,2024-10-22 16:40:00,20.0
2024-10-22,arrival,Zurich,Berlin,swiss,Landed,16:20,16:24,2024-10-22 16:20:00,2024-10-22 16:24:00,4.0
2024-10-22,arrival,Zurich,Budapest,swiss,Landed,16:25,16:19,2024-10-22 16:25:00,2024-10-22 16:19:00,-6.0
2024-10-22,arrival,Zurich,Oslo OSL,swiss,Landed,16:25,19:26,2024-10-22 16:25:00,2024-10-22 19:26:00,181.0
2024-10-22,arrival,Zurich,Hamburg,swiss,Landed,16:25,16:57,2024-10-22 16:25:00,2024-10-22 16:57:00,32.0
2024-10-22,arrival,Zurich,Naples,swiss,Landed,16:30,16:35,2024-10-22 16:30:00,2024-10-22 16:35:00,5.0
2024-10-22,arrival,Zurich,London LHR,swiss,Landed,16:30,16:34,2024-10-22 16:30:00,2024-10-22 16:34:00,4.0
2024-10-22,arrival,Zurich,Ljubljana,swiss,Landed,16:30,16:24,2024-10-22 16:30:00,2024-10-22 16:24:00,-6.0
2024-10-22,arrival,Zurich,Belgrade,swiss,Landed,16:35,17:21,2024-10-22 16:35:00,2024-10-22 17:21:00,46.0
2024-10-22,arrival,Zurich,Palermo,swiss,Landed,16:35,16:35,2024-10-22 16:35:00,2024-10-22 16:35:00,0.0
2024-10-22,arrival,Zurich,Krakow,swiss,Landed,16:35,16:33,2024-10-22 16:35:00,2024-10-22 16:33:00,-2.0
2024-10-22,arrival,Zurich,Amsterdam,swiss,Landed,16:35,17:00,2024-10-22 16:35:00,2024-10-22 17:00:00,25.0
2024-10-22,arrival,Zurich,Tirana,swiss,Landed,16:40,16:41,2024-10-22 16:40:00,2024-10-22 16:41:00,1.0
2024-10-22,arrival,Zurich,Barcelona,swiss,Landed,16:40,16:47,2024-10-22 16:40:00,2024-10-22 16:47:00,7.0
2024-10-22,arrival,Zurich,Rome FCO,swiss,Landed,16:45,17:25,2024-10-22 16:45:00,2024-10-22 17:25:00,40.0
2024-10-22,arrival,Zurich,Brindisi,swiss,Landed,16:45,16:52,2024-10-22 16:45:00,2024-10-22 16:52:00,7.0
2024-10-22,arrival,Zurich,Malta,km_malta_airlines,Landed,16:45,16:43,2024-10-22 16:45:00,2024-10-22 16:43:00,-2.0
2024-10-22,arrival,Zurich,Amsterdam,klm,Landed,16:45,16:40,2024-10-22 16:45:00,2024-10-22 16:40:00,-5.0
2024-10-22,arrival,Zurich,Warsaw,swiss,Landed,16:50,17:05,2024-10-22 16:50:00,2024-10-22 17:05:00,15.0
2024-10-22,arrival,Zurich,Bordeaux,swiss,Landed,16:50,16:53,2024-10-22 16:50:00,2024-10-22 16:53:00,3.0
2024-10-22,arrival,Zurich,Copenhagen,swiss,Landed,16:55,16:59,2024-10-22 16:55:00,2024-10-22 16:59:00,4.0
2024-10-22,arrival,Zurich,Palma De Mallorca,swiss,Landed,16:55,17:13,2024-10-22 16:55:00,2024-10-22 17:13:00,18.0
2024-10-22,arrival,Zurich,Gothenburg,swiss,Landed,16:55,17:04,2024-10-22 16:55:00,2024-10-22 17:04:00,9.0
2024-10-22,arrival,Zurich,Palma De Mallorca,vueling,Landed,13:05,12:59,2024-10-22 13:05:00,2024-10-22 12:59:00,-6.0
2024-10-22,arrival,Zurich,Reykjavík,iceland,Landed,13:05,15:51,2024-10-22 13:05:00,2024-10-22 15:51:00,166.0
2024-10-22,arrival,Zurich,Heraklion,edelweiss,Landed,13:10,13:06,2024-10-22 13:10:00,2024-10-22 13:06:00,-4.0
2024-10-22,arrival,Zurich,Chania,edelweiss,Landed,13:15,13:14,2024-10-22 13:15:00,2024-10-22 13:14:00,-1.0
2024-10-22,arrival,Zurich,Alicante,vueling,Landed,13:20,13:02,2024-10-22 13:20:00,2024-10-22 13:02:00,-18.0
2024-10-22,arrival,Zurich,Dubai DXB,emirates-neu,Landed,13:20,13:24,2024-10-22 13:20:00,2024-10-22 13:24:00,4.0
2024-10-22,arrival,Zurich,Oslo OSL,sas,Landed,13:20,13:43,2024-10-22 13:20:00,2024-10-22 13:43:00,23.0
2024-10-22,arrival,Zurich,Rhodes,edelweiss,Landed,13:40,13:47,2024-10-22 13:40:00,2024-10-22 13:47:00,7.0
2024-10-22,arrival,Zurich,Paris CDG,airfrance,Landed,13:45,13:35,2024-10-22 13:45:00,2024-10-22 13:35:00,-10.0
2024-10-22,arrival,Zurich,Amsterdam,klm,Landed,13:45,14:10,2024-10-22 13:45:00,2024-10-22 14:10:00,25.0
2024-10-22,arrival,Zurich,Frankfurt,lufthansa_neu,Landed,14:00,13:57,2024-10-22 14:00:00,2024-10-22 13:57:00,-3.0
2024-10-22,arrival,Zurich,Doha,qatar,Landed,14:00,13:40,2024-10-22 14:00:00,2024-10-22 13:40:00,-20.0
2024-10-22,arrival,Zurich,Istanbul IST,turkish,Landed,14:05,13:52,2024-10-22 14:05:00,2024-10-22 13:52:00,-13.0
2024-10-22,arrival,Zurich,Izmir,sun,Landed,14:05,13:47,2024-10-22 14:05:00,2024-10-22 13:47:00,-18.0
2024-10-22,arrival,Zurich,Vienna,austrian,Landed,14:20,14:24,2024-10-22 14:20:00,2024-10-22 14:24:00,4.0
2024-10-22,arrival,Zurich,London LCY,british,Landed,14:20,14:26,2024-10-22 14:20:00,2024-10-22 14:26:00,6.0
2024-10-22,arrival,Zurich,Belgrade,serbia,Landed,14:25,14:27,2024-10-22 14:25:00,2024-10-22 14:27:00,2.0
2024-10-22,arrival,Zurich,Valencia,swiss,Landed,14:30,14:40,2024-10-22 14:30:00,2024-10-22 14:40:00,10.0
2024-10-22,arrival,Zurich,Bilbao,vueling,Landed,14:40,14:50,2024-10-22 14:40:00,2024-10-22 14:50:00,10.0
2024-10-22,arrival,Zurich,London LHR,swiss,Landed,14:45,14:49,2024-10-22 14:45:00,2024-10-22 14:49:00,4.0
2024-10-22,arrival,Zurich,Madeira,edelweiss,Landed,14:45,14:33,2024-10-22 14:45:00,2024-10-22 14:33:00,-12.0
2024-10-22,arrival,Zurich,Tunis,tunis,Landed,14:50,15:45,2024-10-22 14:50:00,2024-10-22 15:45:00,55.0
2024-10-22,arrival,Zurich,Hanover,swiss,Landed,11:00,10:48,2024-10-22 11:00:00,2024-10-22 10:48:00,-12.0
2024-10-22,arrival,Zurich,Hamburg,swiss,Landed,11:00,11:03,2024-10-22 11:00:00,2024-10-22 11:03:00,3.0
2024-10-22,arrival,Zurich,Vienna,swiss,Landed,11:00,10:50,2024-10-22 11:00:00,2024-10-22 10:50:00,-10.0
2024-10-22,arrival,Zurich,Brussels,swiss,Landed,11:05,11:04,2024-10-22 11:05:00,2024-10-22 11:04:00,-1.0
2024-10-22,arrival,Zurich,Paris CDG,swiss,Landed,11:05,11:05,2024-10-22 11:05:00,2024-10-22 11:05:00,0.0
2024-10-22,arrival,Zurich,Amsterdam,klm,Landed,11:05,11:15,2024-10-22 11:05:00,2024-10-22 11:15:00,10.0
2024-10-22,arrival,Zurich,Madrid,iberia,Landed,11:05,11:23,2024-10-22 11:05:00,2024-10-22 11:23:00,18.0
2024-10-22,arrival,Zurich,Berlin,swiss,Landed,11:10,11:13,2024-10-22 11:10:00,2024-10-22 11:13:00,3.0
2024-10-22,arrival,Zurich,Boston,swiss,Landed,11:10,11:34,2024-10-22 11:10:00,2024-10-22 11:34:00,24.0
2024-10-22,arrival,Zurich,Amsterdam,swiss,Landed,11:15,11:25,2024-10-22 11:15:00,2024-10-22 11:25:00,10.0
2024-10-22,arrival,Zurich,Florence,swiss,Landed,11:15,11:07,2024-10-22 11:15:00,2024-10-22 11:07:00,-8.0
2024-10-22,arrival,Zurich,Rome FCO,swiss,Landed,11:20,11:26,2024-10-22 11:20:00,2024-10-22 11:26:00,6.0
2024-10-22,arrival,Zurich,Naples,swiss,Landed,11:20,11:00,2024-10-22 11:20:00,2024-10-22 11:00:00,-20.0
2024-10-22,arrival,Zurich,Tel Aviv,elalisrael,Landed,11:20,11:41,2024-10-22 11:20:00,2024-10-22 11:41:00,21.0
2024-10-22,arrival,Zurich,Budapest,swiss,Landed,11:20,11:17,2024-10-22 11:20:00,2024-10-22 11:17:00,-3.0
2024-10-22,arrival,Zurich,Barcelona,swiss,Landed,11:25,11:33,2024-10-22 11:25:00,2024-10-22 11:33:00,8.0
2024-10-22,arrival,Zurich,Vancouver,edelweiss,Landed,11:25,11:10,2024-10-22 11:25:00,2024-10-22 11:10:00,-15.0
2024-10-22,arrival,Zurich,Copenhagen,swiss,Landed,11:30,11:36,2024-10-22 11:30:00,2024-10-22 11:36:00,6.0
2024-10-22,arrival,Zurich,Belgrade,swiss,Landed,11:30,12:10,2024-10-22 11:30:00,2024-10-22 12:10:00,40.0
2024-10-22,arrival,Zurich,Pristina,edelweiss,Landed,11:30,11:22,2024-10-22 11:30:00,2024-10-22 11:22:00,-8.0
2024-10-22,arrival,Zurich,London LHR,swiss,Landed,11:35,11:40,2024-10-22 11:35:00,2024-10-22 11:40:00,5.0
2024-10-22,arrival,Zurich,Warsaw,swiss,Landed,11:35,11:32,2024-10-22 11:35:00,2024-10-22 11:32:00,-3.0
2024-10-22,arrival,Zurich,Milan MXP,swiss,Landed,11:35,11:42,2024-10-22 11:35:00,2024-10-22 11:42:00,7.0
2024-10-22,arrival,Zurich,Newark,swiss,Landed,11:35,11:29,2024-10-22 11:35:00,2024-10-22 11:29:00,-6.0
2024-10-22,arrival,Zurich,Brindisi,swiss,Landed,11:40,11:15,2024-10-22 11:40:00,2024-10-22 11:15:00,-25.0
2024-10-22,arrival,Zurich,Luxembourg,swiss,Landed,11:45,11:46,2024-10-22 11:45:00,2024-10-22 11:46:00,1.0
2024-10-22,arrival,Zurich,Geneva,swiss,Landed,11:45,11:54,2024-10-22 11:45:00,2024-10-22 11:54:00,9.0
2024-10-22,arrival,Zurich,Palermo,swiss,Landed,11:45,11:53,2024-10-22 11:45:00,2024-10-22 11:53:00,8.0
2024-10-22,arrival,Zurich,Palma De Mallorca,swiss,Landed,11:45,11:44,2024-10-22 11:45:00,2024-10-22 11:44:00,-1.0
2024-10-22,arrival,Zurich,Manchester,swiss,Landed,11:50,12:28,2024-10-22 11:50:00,2024-10-22 12:28:00,38.0
2024-10-22,arrival,Zurich,Stuttgart,swiss,Landed,11:50,11:39,2024-10-22 11:50:00,2024-10-22 11:39:00,-11.0
2024-10-22,arrival,Zurich,Seville,edelweiss,Landed,11:55,12:01,2024-10-22 11:55:00,2024-10-22 12:01:00,6.0
2024-10-22,arrival,Zurich,Malta,swiss,Landed,11:55,12:06,2024-10-22 11:55:00,2024-10-22 12:06:00,11.0
2024-10-22,arrival,Zurich,Ljubljana,swiss,Cancelled,11:55,11:55,2024-10-22 11:55:00,2024-10-22 11:55:00,0.0
2024-10-22,arrival,Zurich,Venice,swiss,Landed,12:00,11:52,2024-10-22 12:00:00,2024-10-22 11:52:00,-8.0
2024-10-22,arrival,Zurich,London LCY,swiss,Landed,12:00,12:43,2024-10-22 12:00:00,2024-10-22 12:43:00,43.0
2024-10-22,arrival,Zurich,Bologna,swiss,Landed,12:00,11:50,2024-10-22 12:00:00,2024-10-22 11:50:00,-10.0
2024-10-22,arrival,Zurich,Dresden,swiss,Landed,12:05,12:06,2024-10-22 12:05:00,2024-10-22 12:06:00,1.0
2024-10-22,arrival,Zurich,Thessaloniki,swiss,Landed,12:05,11:52,2024-10-22 12:05:00,2024-10-22 11:52:00,-13.0
2024-10-22,arrival,Zurich,Geneva,swiss,Landed,12:05,12:08,2024-10-22 12:05:00,2024-10-22 12:08:00,3.0
2024-10-22,arrival,Zurich,Djerba,edelweiss,Landed,12:05,11:50,2024-10-22 12:05:00,2024-10-22 11:50:00,-15.0
2024-10-22,arrival,Zurich,Hamburg,swiss,Landed,12:10,12:18,2024-10-22 12:10:00,2024-10-22 12:18:00,8.0
2024-10-22,arrival,Zurich,Porto,swiss,Landed,12:10,12:48,2024-10-22 12:10:00,2024-10-22 12:48:00,38.0
2024-10-22,arrival,Zurich,Sofia,swiss,Landed,12:15,11:57,2024-10-22 12:15:00,2024-10-22 11:57:00,-18.0
2024-10-22,arrival,Zurich,Vienna,austrian,Landed,12:15,12:13,2024-10-22 12:15:00,2024-10-22 12:13:00,-2.0
2024-10-22,arrival,Zurich,London LHR,british,Landed,12:15,12:24,2024-10-22 12:15:00,2024-10-22 12:24:00,9.0
2024-10-22,arrival,Zurich,Berlin,swiss,Landed,12:20,12:31,2024-10-22 12:20:00,2024-10-22 12:31:00,11.0
2024-10-22,arrival,Zurich,Madrid,swiss,Landed,12:25,12:37,2024-10-22 12:25:00,2024-10-22 12:37:00,12.0
2024-10-22,arrival,Zurich,Lisbon,tap,Landed,12:25,12:34,2024-10-22 12:25:00,2024-10-22 12:34:00,9.0
2024-10-22,arrival,Zurich,Munich,lufthansa_neu,Landed,12:40,12:46,2024-10-22 12:40:00,2024-10-22 12:46:00,6.0
2024-10-22,arrival,Zurich,Barcelona,vueling,Landed,09:00,08:59,2024-10-22 09:00:00,2024-10-22 08:59:00,-1.0
2024-10-22,arrival,Zurich,Belgrade,serbia,Landed,09:00,08:47,2024-10-22 09:00:00,2024-10-22 08:47:00,-13.0
2024-10-22,arrival,Zurich,Berlin,euro,Landed,09:00,08:59,2024-10-22 09:00:00,2024-10-22 08:59:00,-1.0
2024-10-22,arrival,Zurich,Malaga,swiss,Landed,09:10,09:20,2024-10-22 09:10:00,2024-10-22 09:20:00,10.0
2024-10-22,arrival,Zurich,London LCY,british,Landed,09:30,09:21,2024-10-22 09:30:00,2024-10-22 09:21:00,-9.0
2024-10-22,arrival,Zurich,Izmir,sun,Landed,09:35,09:10,2024-10-22 09:35:00,2024-10-22 09:10:00,-25.0
2024-10-22,arrival,Zurich,London LHR,british,Cancelled,09:35,09:35,2024-10-22 09:35:00,2024-10-22 09:35:00,0.0
2024-10-22,arrival,Zurich,Copenhagen,sas,Landed,09:40,12:52,2024-10-22 09:40:00,2024-10-22 12:52:00,192.0
2024-10-22,arrival,Zurich,Warsaw,lot,Landed,09:40,09:33,2024-10-22 09:40:00,2024-10-22 09:33:00,-7.0
2024-10-22,arrival,Zurich,Helsinki,finnair,Landed,09:45,10:14,2024-10-22 09:45:00,2024-10-22 10:14:00,29.0
2024-10-22,arrival,Zurich,Vienna,austrian,Landed,09:45,09:40,2024-10-22 09:45:00,2024-10-22 09:40:00,-5.0
2024-10-22,arrival,Zurich,Frankfurt,swiss,Landed,09:45,10:07,2024-10-22 09:45:00,2024-10-22 10:07:00,22.0
2024-10-22,arrival,Zurich,Istanbul IST,turkish,Landed,09:55,10:03,2024-10-22 09:55:00,2024-10-22 10:03:00,8.0
2024-10-22,arrival,Zurich,Lisbon,swiss,Landed,09:55,09:41,2024-10-22 09:55:00,2024-10-22 09:41:00,-14.0
2024-10-22,arrival,Zurich,Munich,swiss,Landed,10:00,09:56,2024-10-22 10:00:00,2024-10-22 09:56:00,-4.0
2024-10-22,arrival,Zurich,London LGW,easyjet,Landed,10:00,09:55,2024-10-22 10:00:00,2024-10-22 09:55:00,-5.0
2024-10-22,arrival,Zurich,Antalya,pegasus,Landed,10:05,10:10,2024-10-22 10:05:00,2024-10-22 10:10:00,5.0
2024-10-22,arrival,Zurich,Madrid,europa,Landed,10:10,11:42,2024-10-22 10:10:00,2024-10-22 11:42:00,92.0
2024-10-22,arrival,Zurich,Athens,aegan,Landed,10:20,10:12,2024-10-22 10:20:00,2024-10-22 10:12:00,-8.0
2024-10-22,arrival,Zurich,San Francisco,united,Landed,10:20,09:44,2024-10-22 10:20:00,2024-10-22 09:44:00,-36.0
2024-10-22,arrival,Zurich,Toronto,canada,Landed,10:20,09:47,2024-10-22 10:20:00,2024-10-22 09:47:00,-33.0
2024-10-22,arrival,Zurich,Istanbul SAW,ajet_logo,Landed,10:25,09:56,2024-10-22 10:25:00,2024-10-22 09:56:00,-29.0
2024-10-22,arrival,Zurich,New York,swiss,Landed,10:25,09:49,2024-10-22 10:25:00,2024-10-22 09:49:00,-36.0
2024-10-22,arrival,Zurich,Dubai DWC,beond_logo,Landed,10:25,12:29,2024-10-22 10:25:00,2024-10-22 12:29:00,124.0
2024-10-22,arrival,Zurich,Paris CDG,airfrance,Landed,10:25,10:18,2024-10-22 10:25:00,2024-10-22 10:18:00,-7.0
2024-10-22,arrival,Zurich,Porto,easyjet,Landed,10:30,10:22,2024-10-22 10:30:00,2024-10-22 10:22:00,-8.0
2024-10-22,arrival,Zurich,Punta Cana,edelweiss,Landed,10:30,10:41,2024-10-22 10:30:00,2024-10-22 10:41:00,11.0
2024-10-22,arrival,Zurich,New York,delta,Landed,10:35,10:06,2024-10-22 10:35:00,2024-10-22 10:06:00,-29.0
2024-10-22,arrival,Zurich,Istanbul SAW,pegasus,Landed,10:35,10:15,2024-10-22 10:35:00,2024-10-22 10:15:00,-20.0
2024-10-22,arrival,Zurich,Sao Paulo,swiss,Landed,10:40,10:55,2024-10-22 10:40:00,2024-10-22 10:55:00,15.0
2024-10-22,arrival,Zurich,London LCY,swiss,Landed,10:40,10:32,2024-10-22 10:40:00,2024-10-22 10:32:00,-8.0
2024-10-22,arrival,Zurich,Frankfurt,lufthansa_neu,Landed,10:40,10:50,2024-10-22 10:40:00,2024-10-22 10:50:00,10.0
2024-10-22,arrival,Zurich,Tampa,edelweiss,Landed,10:45,11:08,2024-10-22 10:45:00,2024-10-22 11:08:00,23.0
2024-10-22,arrival,Zurich,Zagreb,croatia_v2,Landed,10:45,10:47,2024-10-22 10:45:00,2024-10-22 10:47:00,2.0
2024-10-22,arrival,Zurich,Pristina,chair,Landed,10:45,10:34,2024-10-22 10:45:00,2024-10-22 10:34:00,-11.0
2024-10-22,arrival,Zurich,Washington,swiss,Landed,10:50,10:26,2024-10-22 10:50:00,2024-10-22 10:26:00,-24.0
2024-10-22,arrival,Zurich,Miami,swiss,Landed,10:50,10:56,2024-10-22 10:50:00,2024-10-22 10:56:00,6.0
2024-10-22,arrival,Zurich,Chicago,swiss,Landed,10:50,10:45,2024-10-22 10:50:00,2024-10-22 10:45:00,-5.0
2024-10-22,arrival,Zurich,Geneva,swiss,Landed,10:55,10:59,2024-10-22 10:55:00,2024-10-22 10:59:00,4.0
2024-10-22,arrival,Zurich,Düsseldorf,swiss,Landed,10:55,10:59,2024-10-22 10:55:00,2024-10-22 10:59:00,4.0
2024-10-22,arrival,Zurich,Prague,swiss,Landed,10:55,10:38,2024-10-22 10:55:00,2024-10-22 10:38:00,-17.0
2024-10-22,arrival,Zurich,Nice,swiss,Landed,10:55,10:55,2024-10-22 10:55:00,2024-10-22 10:55:00,0.0
2024-10-22,arrival,Zurich,Florence,swiss,Landed,07:25,07:01,2024-10-22 07:25:00,2024-10-22 07:01:00,-24.0
2024-10-22,arrival,Zurich,Abu Dhabi,etihad,Landed,07:25,07:46,2024-10-22 07:25:00,2024-10-22 07:46:00,21.0
2024-10-22,arrival,Zurich,Cologne Bonn,euro,Landed,07:30,07:38,2024-10-22 07:30:00,2024-10-22 07:38:00,8.0
2024-10-22,arrival,Zurich,Frankfurt,lufthansa_neu,Landed,07:35,07:26,2024-10-22 07:35:00,2024-10-22 07:26:00,-9.0
2024-10-22,arrival,Zurich,Barcelona,swiss,Landed,07:40,07:37,2024-10-22 07:40:00,2024-10-22 07:37:00,-3.0
2024-10-22,arrival,Zurich,Vilnius,swiss,Landed,07:40,07:42,2024-10-22 07:40:00,2024-10-22 07:42:00,2.0
2024-10-22,arrival,Zurich,Chicago,united,Landed,07:45,07:05,2024-10-22 07:45:00,2024-10-22 07:05:00,-40.0
2024-10-22,arrival,Zurich,Prague,swiss,Cancelled,07:45,07:45,2024-10-22 07:45:00,2024-10-22 07:45:00,0.0
2024-10-22,arrival,Zurich,Bucharest,swiss,Landed,07:50,07:45,2024-10-22 07:50:00,2024-10-22 07:45:00,-5.0
2024-10-22,arrival,Zurich,Bangkok,thai,Landed,07:50,07:29,2024-10-22 07:50:00,2024-10-22 07:29:00,-21.0
2024-10-22,arrival,Zurich,Rome FCO,swiss,Landed,07:55,07:38,2024-10-22 07:55:00,2024-10-22 07:38:00,-17.0
2024-10-22,arrival,Zurich,Tallinn,swiss,Landed,07:55,08:06,2024-10-22 07:55:00,2024-10-22 08:06:00,11.0
2024-10-22,arrival,Zurich,Düsseldorf,euro,Landed,08:00,07:57,2024-10-22 08:00:00,2024-10-22 07:57:00,-3.0
2024-10-22,arrival,Zurich,Paris CDG,swiss,Landed,08:00,07:55,2024-10-22 08:00:00,2024-10-22 07:55:00,-5.0
2024-10-22,arrival,Zurich,Washington,united,Landed,08:05,07:49,2024-10-22 08:05:00,2024-10-22 07:49:00,-16.0
2024-10-22,arrival,Zurich,Vienna,austrian,Landed,08:05,08:03,2024-10-22 08:05:00,2024-10-22 08:03:00,-2.0
2024-10-22,arrival,Zurich,Venice,swiss,Landed,08:05,08:09,2024-10-22 08:05:00,2024-10-22 08:09:00,4.0
2024-10-22,arrival,Zurich,Valencia,swiss,Landed,08:10,07:57,2024-10-22 08:10:00,2024-10-22 07:57:00,-13.0
2024-10-22,arrival,Zurich,Brussels,brussels_airlines_logo,Landed,08:10,07:59,2024-10-22 08:10:00,2024-10-22 07:59:00,-11.0
2024-10-22,arrival,Zurich,Singapore,singapore,Landed,08:15,08:12,2024-10-22 08:15:00,2024-10-22 08:12:00,-3.0
2024-10-22,arrival,Zurich,Geneva,swiss,Landed,08:15,08:06,2024-10-22 08:15:00,2024-10-22 08:06:00,-9.0
2024-10-22,arrival,Zurich,Newark,united,Landed,08:15,07:42,2024-10-22 08:15:00,2024-10-22 07:42:00,-33.0
2024-10-22,arrival,Zurich,Amsterdam,swiss,Landed,08:25,08:55,2024-10-22 08:25:00,2024-10-22 08:55:00,30.0
2024-10-22,arrival,Zurich,Hamburg,euro,Landed,08:25,08:37,2024-10-22 08:25:00,2024-10-22 08:37:00,12.0
2024-10-22,arrival,Zurich,Berlin,swiss,Landed,08:35,08:45,2024-10-22 08:35:00,2024-10-22 08:45:00,10.0
2024-10-22,arrival,Zurich,Amsterdam,klm,Landed,08:35,08:24,2024-10-22 08:35:00,2024-10-22 08:24:00,-11.0
2024-10-22,arrival,Zurich,Munich,lufthansa_neu,Landed,08:40,08:38,2024-10-22 08:40:00,2024-10-22 08:38:00,-2.0
2024-10-22,arrival,Zurich,London LHR,swiss,Landed,08:40,08:50,2024-10-22 08:40:00,2024-10-22 08:50:00,10.0
2024-10-22,arrival,Zurich,Athens,swiss,Landed,08:45,08:33,2024-10-22 08:45:00,2024-10-22 08:33:00,-12.0
2024-10-22,arrival,Zurich,Frankfurt,lufthansa_neu,Landed,08:45,08:37,2024-10-22 08:45:00,2024-10-22 08:37:00,-8.0
2024-10-22,arrival,Zurich,Stockholm,swiss,Landed,08:45,08:57,2024-10-22 08:45:00,2024-10-22 08:57:00,12.0
2024-10-22,arrival,Zurich,Oslo OSL,swiss,Landed,08:50,08:50,2024-10-22 08:50:00,2024-10-22 08:50:00,0.0
2024-10-22,arrival,Zurich,Antalya,sun,Landed,08:50,08:34,2024-10-22 08:50:00,2024-10-22 08:34:00,-16.0
2024-10-22,arrival,Zurich,Philadelphia,american,Landed,08:55,08:27,2024-10-22 08:55:00,2024-10-22 08:27:00,-28.0
2024-10-22,arrival,Zurich,Dubai DXB,swiss,Landed,06:10,06:24,2024-10-22 06:10:00,2024-10-22 06:24:00,14.0
2024-10-22,arrival,Zurich,New York,swiss,Landed,06:10,06:14,2024-10-22 06:10:00,2024-10-22 06:14:00,4.0
2024-10-22,arrival,Zurich,Montreal,swiss,Landed,06:10,07:07,2024-10-22 06:10:00,2024-10-22 07:07:00,57.0
2024-10-22,arrival,Zurich,Singapore,swiss,Landed,06:15,06:28,2024-10-22 06:15:00,2024-10-22 06:28:00,13.0
2024-10-22,arrival,Zurich,Mumbai,swiss,Landed,06:15,06:26,2024-10-22 06:15:00,2024-10-22 06:26:00,11.0
2024-10-22,arrival,Zurich,Hong Kong,swiss,Landed,06:15,06:19,2024-10-22 06:15:00,2024-10-22 06:19:00,4.0
2024-10-22,arrival,Zurich,Johannesburg,swiss,Landed,06:15,06:12,2024-10-22 06:15:00,2024-10-22 06:12:00,-3.0
2024-10-22,arrival,Zurich,Boston,swiss,Landed,06:20,06:58,2024-10-22 06:20:00,2024-10-22 06:58:00,38.0
2024-10-22,arrival,Zurich,Delhi,swiss,Landed,06:20,06:10,2024-10-22 06:20:00,2024-10-22 06:10:00,-10.0
2024-10-22,arrival,Zurich,Cairo,swiss,Landed,06:30,06:22,2024-10-22 06:30:00,2024-10-22 06:22:00,-8.0
2024-10-22,arrival,Zurich,Larnaca,edelweiss,Landed,06:35,07:04,2024-10-22 06:35:00,2024-10-22 07:04:00,29.0
2024-10-22,arrival,Zurich,Geneva,swiss,Cancelled,06:45,06:45,2024-10-22 06:45:00,2024-10-22 06:45:00,0.0
2024-10-22,arrival,Zurich,Milan MXP,swiss,Landed,06:55,06:43,2024-10-22 06:55:00,2024-10-22 06:43:00,-12.0
2024-10-22,departure,Zurich,Geneva,swiss,Departed,21:00,21:00,2024-10-22 21:00:00,2024-10-22 21:00:00,0.0
2024-10-22,departure,Zurich,Athens,swiss,Departed,21:10,21:10,2024-10-22 21:10:00,2024-10-22 21:10:00,0.0
2024-10-22,departure,Zurich,Oslo OSL,swiss,Departed,21:10,21:10,2024-10-22 21:10:00,2024-10-22 21:10:00,0.0
2024-10-22,departure,Zurich,Lisbon,swiss,Departed,21:15,21:15,2024-10-22 21:15:00,2024-10-22 21:15:00,0.0
2024-10-22,departure,Zurich,Cairo,swiss,Departed,21:15,21:25,2024-10-22 21:15:00,2024-10-22 21:25:00,10.0
2024-10-22,departure,Zurich,Florence,swiss,Departed,21:25,21:11,2024-10-22 21:25:00,2024-10-22 21:11:00,-14.0
2024-10-22,departure,Zurich,Venice,swiss,Departed,21:25,21:35,2024-10-22 21:25:00,2024-10-22 21:35:00,10.0
2024-10-22,departure,Zurich,Malaga,swiss,Departed,21:25,21:19,2024-10-22 21:25:00,2024-10-22 21:19:00,-6.0
2024-10-22,departure,Zurich,Porto,easyjet,Departed,21:25,21:40,2024-10-22 21:25:00,2024-10-22 21:40:00,15.0
2024-10-22,departure,Zurich,London LGW,easyjet,Departed,21:30,21:30,2024-10-22 21:30:00,2024-10-22 21:30:00,0.0
2024-10-22,departure,Zurich,Stockholm,swiss,Departed,21:30,21:30,2024-10-22 21:30:00,2024-10-22 21:30:00,0.0
2024-10-22,departure,Zurich,Rome FCO,swiss,Departed,21:30,22:30,2024-10-22 21:30:00,2024-10-22 22:30:00,60.0
2024-10-22,departure,Zurich,Berlin,swiss,Departed,21:30,21:30,2024-10-22 21:30:00,2024-10-22 21:30:00,0.0
2024-10-22,departure,Zurich,Bucharest,swiss,Departed,21:35,21:29,2024-10-22 21:35:00,2024-10-22 21:29:00,-6.0
2024-10-22,departure,Zurich,Barcelona,swiss,Departed,21:40,21:40,2024-10-22 21:40:00,2024-10-22 21:40:00,0.0
2024-10-22,departure,Zurich,Paris CDG,swiss,Departed,21:40,21:40,2024-10-22 21:40:00,2024-10-22 21:40:00,0.0
2024-10-22,departure,Zurich,Barcelona,vueling,Departed,21:55,21:55,2024-10-22 21:55:00,2024-10-22 21:55:00,0.0
2024-10-22,departure,Zurich,Valencia,swiss,Departed,21:55,21:50,2024-10-22 21:55:00,2024-10-22 21:50:00,-5.0
2024-10-22,departure,Zurich,Prague,swiss,Departed,22:00,21:55,2024-10-22 22:00:00,2024-10-22 21:55:00,-5.0
2024-10-22,departure,Zurich,Dubai DXB,emirates-neu,Departed,22:15,22:10,2024-10-22 22:15:00,2024-10-22 22:10:00,-5.0
2024-10-22,departure,Zurich,Larnaca,edelweiss,Departed,22:20,22:25,2024-10-22 22:20:00,2024-10-22 22:25:00,5.0
2024-10-22,departure,Zurich,Singapore,swiss,Departed,22:40,22:45,2024-10-22 22:40:00,2024-10-22 22:45:00,5.0
2024-10-22,departure,Zurich,Milan MXP,swiss,Departed,22:40,22:40,2024-10-22 22:40:00,2024-10-22 22:40:00,0.0
2024-10-22,departure,Zurich,Buenos Airesvia Sao Paulo,swiss,Departed,22:40,22:50,2024-10-22 22:40:00,2024-10-22 22:50:00,10.0
2024-10-22,departure,Zurich,Hong Kong,swiss,Departed,22:40,22:45,2024-10-22 22:40:00,2024-10-22 22:45:00,5.0
2024-10-22,departure,Zurich,Johannesburg,swiss,Departed,22:40,23:25,2024-10-22 22:40:00,2024-10-22 23:25:00,45.0
2024-10-22,departure,Zurich,Geneva,swiss,Departed,22:45,22:45,2024-10-22 22:45:00,2024-10-22 22:45:00,0.0
2024-10-22,departure,Zurich,Riga,baltic,Departed,19:00,19:10,2024-10-22 19:00:00,2024-10-22 19:10:00,10.0
2024-10-22,departure,Zurich,Helsinki,finnair,Departed,19:05,19:10,2024-10-22 19:05:00,2024-10-22 19:10:00,5.0
2024-10-22,departure,Zurich,Frankfurt,swiss,Departed,19:10,19:45,2024-10-22 19:10:00,2024-10-22 19:45:00,35.0
2024-10-22,departure,Zurich,Düsseldorf,euro,Departed,19:10,19:25,2024-10-22 19:10:00,2024-10-22 19:25:00,15.0
2024-10-22,departure,Zurich,Seoul,korean,Departed,19:15,19:10,2024-10-22 19:15:00,2024-10-22 19:10:00,-5.0
2024-10-22,departure,Zurich,London LCY,british,Departed,19:15,19:15,2024-10-22 19:15:00,2024-10-22 19:15:00,0.0
2024-10-22,departure,Zurich,Munich,swiss,Departed,19:25,19:20,2024-10-22 19:25:00,2024-10-22 19:20:00,-5.0
2024-10-22,departure,Zurich,Amsterdam,klm,Departed,19:25,19:25,2024-10-22 19:25:00,2024-10-22 19:25:00,0.0
2024-10-22,departure,Zurich,Antalya,sun,Departed,19:30,19:30,2024-10-22 19:30:00,2024-10-22 19:30:00,0.0
2024-10-22,departure,Zurich,Madrid,iberia,Departed,19:40,19:35,2024-10-22 19:40:00,2024-10-22 19:35:00,-5.0
2024-10-22,departure,Zurich,Porto,tap,Departed,19:45,19:45,2024-10-22 19:45:00,2024-10-22 19:45:00,0.0
2024-10-22,departure,Zurich,Warsaw,lot,Departed,19:55,20:35,2024-10-22 19:55:00,2024-10-22 20:35:00,40.0
2024-10-22,departure,Zurich,Frankfurt,lufthansa_neu,Departed,20:00,20:00,2024-10-22 20:00:00,2024-10-22 20:00:00,0.0
2024-10-22,departure,Zurich,Zagreb,croatia_v2,Departed,20:05,20:05,2024-10-22 20:05:00,2024-10-22 20:05:00,0.0
2024-10-22,departure,Zurich,Munich,lufthansa_neu,Departed,20:15,20:15,2024-10-22 20:15:00,2024-10-22 20:15:00,0.0
2024-10-22,departure,Zurich,Berlin,euro,Departed,20:15,20:15,2024-10-22 20:15:00,2024-10-22 20:15:00,0.0
2024-10-22,departure,Zurich,Cologne Bonn,euro,Departed,20:20,20:20,2024-10-22 20:20:00,2024-10-22 20:20:00,0.0
2024-10-22,departure,Zurich,Pristina,gp-aviation,Departed,20:20,20:15,2024-10-22 20:20:00,2024-10-22 20:15:00,-5.0
2024-10-22,departure,Zurich,Copenhagen,sas,Departed,20:25,20:29,2024-10-22 20:25:00,2024-10-22 20:29:00,4.0
2024-10-22,departure,Zurich,Amsterdam,swiss,Departed,20:40,20:34,2024-10-22 20:40:00,2024-10-22 20:34:00,-6.0
2024-10-22,departure,Zurich,Hamburg,euro,Departed,20:45,21:00,2024-10-22 20:45:00,2024-10-22 21:00:00,15.0
2024-10-22,departure,Zurich,Belgrade,serbia,Departed,20:45,20:45,2024-10-22 20:45:00,2024-10-22 20:45:00,0.0
2024-10-22,departure,Zurich,Vienna,austrian,Departed,20:50,20:55,2024-10-22 20:50:00,2024-10-22 20:55:00,5.0
2024-10-22,departure,Zurich,London LHR,swiss,Departed,20:55,20:55,2024-10-22 20:55:00,2024-10-22 20:55:00,0.0
2024-10-22,departure,Zurich,Hamburg,swiss,Departed,17:00,17:00,2024-10-22 17:00:00,2024-10-22 17:00:00,0.0
2024-10-22,departure,Zurich,Bologna,swiss,Departed,17:05,17:05,2024-10-22 17:05:00,2024-10-22 17:05:00,0.0
2024-10-22,departure,Zurich,Florence,swiss,Departed,17:05,17:05,2024-10-22 17:05:00,2024-10-22 17:05:00,0.0
2024-10-22,departure,Zurich,London LGW,swiss,Departed,17:05,17:15,2024-10-22 17:05:00,2024-10-22 17:15:00,10.0
2024-10-22,departure,Zurich,Manchester,swiss,Departed,17:05,17:05,2024-10-22 17:05:00,2024-10-22 17:05:00,0.0
2024-10-22,departure,Zurich,London LHR,swiss,Departed,17:10,17:10,2024-10-22 17:10:00,2024-10-22 17:10:00,0.0
2024-10-22,departure,Zurich,Warsaw,swiss,Departed,17:10,17:25,2024-10-22 17:10:00,2024-10-22 17:25:00,15.0
2024-10-22,departure,Zurich,Nice,swiss,Departed,17:10,17:30,2024-10-22 17:10:00,2024-10-22 17:30:00,20.0
2024-10-22,departure,Zurich,Brussels,swiss,Departed,17:10,17:11,2024-10-22 17:10:00,2024-10-22 17:11:00,1.0
2024-10-22,departure,Zurich,Düsseldorf,swiss,Departed,17:15,17:15,2024-10-22 17:15:00,2024-10-22 17:15:00,0.0
2024-10-22,departure,Zurich,Pristina,chair,Departed,17:15,17:10,2024-10-22 17:15:00,2024-10-22 17:10:00,-5.0
2024-10-22,departure,Zurich,Newark,swiss,Departed,17:20,17:50,2024-10-22 17:20:00,2024-10-22 17:50:00,30.0
2024-10-22,departure,Zurich,Copenhagen,swiss,Departed,17:20,17:20,2024-10-22 17:20:00,2024-10-22 17:20:00,0.0
2024-10-22,departure,Zurich,Ljubljana,swiss,Departed,17:20,17:59,2024-10-22 17:20:00,2024-10-22 17:59:00,39.0
2024-10-22,departure,Zurich,Birmingham,swiss,Departed,17:25,17:25,2024-10-22 17:25:00,2024-10-22 17:25:00,0.0
2024-10-22,departure,Zurich,Barcelona,swiss,Departed,17:25,17:30,2024-10-22 17:25:00,2024-10-22 17:30:00,5.0
2024-10-22,departure,Zurich,Belgrade,swiss,Departed,17:25,17:45,2024-10-22 17:25:00,2024-10-22 17:45:00,20.0
2024-10-22,departure,Zurich,Berlin,swiss,Departed,17:30,17:50,2024-10-22 17:30:00,2024-10-22 17:50:00,20.0
2024-10-22,departure,Zurich,Milan MXP,swiss,Departed,17:30,18:05,2024-10-22 17:30:00,2024-10-22 18:05:00,35.0
2024-10-22,departure,Zurich,Luxembourg,swiss,Departed,17:30,17:30,2024-10-22 17:30:00,2024-10-22 17:30:00,0.0
2024-10-22,departure,Zurich,Venice,swiss,Departed,17:30,17:30,2024-10-22 17:30:00,2024-10-22 17:30:00,0.0
2024-10-22,departure,Zurich,Hanover,swiss,Departed,17:35,17:45,2024-10-22 17:35:00,2024-10-22 17:45:00,10.0
2024-10-22,departure,Zurich,Amsterdam,swiss,Departed,17:35,18:05,2024-10-22 17:35:00,2024-10-22 18:05:00,30.0
2024-10-22,departure,Zurich,Amsterdam,klm,Departed,17:35,17:35,2024-10-22 17:35:00,2024-10-22 17:35:00,0.0
2024-10-22,departure,Zurich,Budapest,swiss,Departed,17:40,17:45,2024-10-22 17:40:00,2024-10-22 17:45:00,5.0
2024-10-22,departure,Zurich,Malta,km_malta_airlines,Departed,17:40,17:40,2024-10-22 17:40:00,2024-10-22 17:40:00,0.0
2024-10-22,departure,Zurich,Boston,swiss,Departed,17:40,17:45,2024-10-22 17:40:00,2024-10-22 17:45:00,5.0
2024-10-22,departure,Zurich,Bilbao,edelweiss,Departed,17:45,17:45,2024-10-22 17:45:00,2024-10-22 17:45:00,0.0
2024-10-22,departure,Zurich,Palma De Mallorca,swiss,Departed,17:45,18:00,2024-10-22 17:45:00,2024-10-22 18:00:00,15.0
2024-10-22,departure,Zurich,Hamburg,swiss,Departed,17:45,17:45,2024-10-22 17:45:00,2024-10-22 17:45:00,0.0
2024-10-22,departure,Zurich,Catania,edelweiss,Departed,17:45,17:45,2024-10-22 17:45:00,2024-10-22 17:45:00,0.0
2024-10-22,departure,Zurich,Rome FCO,swiss,Departed,17:50,17:40,2024-10-22 17:50:00,2024-10-22 17:40:00,-10.0
2024-10-22,departure,Zurich,Marseille,swiss,Departed,17:50,17:50,2024-10-22 17:50:00,2024-10-22 17:50:00,0.0
2024-10-22,departure,Zurich,Vienna,swiss,Departed,17:50,17:50,2024-10-22 17:50:00,2024-10-22 17:50:00,0.0
2024-10-22,departure,Zurich,Brussels,swiss,Departed,17:55,18:00,2024-10-22 17:55:00,2024-10-22 18:00:00,5.0
2024-10-22,departure,Zurich,Paris CDG,swiss,Departed,17:55,17:55,2024-10-22 17:55:00,2024-10-22 17:55:00,0.0
2024-10-22,departure,Zurich,Bangkok,swiss,Departed,17:55,18:15,2024-10-22 17:55:00,2024-10-22 18:15:00,20.0
2024-10-22,departure,Zurich,Stuttgart,swiss,Departed,17:55,17:55,2024-10-22 17:55:00,2024-10-22 17:55:00,0.0
2024-10-22,departure,Zurich,Mauritius,edelweiss,Departed,18:00,18:00,2024-10-22 18:00:00,2024-10-22 18:00:00,0.0
2024-10-22,departure,Zurich,Geneva,swiss,Departed,18:00,18:00,2024-10-22 18:00:00,2024-10-22 18:00:00,0.0
2024-10-22,departure,Zurich,Düsseldorf,swiss,Departed,18:00,18:00,2024-10-22 18:00:00,2024-10-22 18:00:00,0.0
2024-10-22,departure,Zurich,Frankfurt,lufthansa_neu,Departed,18:05,18:15,2024-10-22 18:05:00,2024-10-22 18:15:00,10.0
2024-10-22,departure,Zurich,Lisbon,tap,Departed,18:05,18:10,2024-10-22 18:05:00,2024-10-22 18:10:00,5.0
2024-10-22,departure,Zurich,Berlin,swiss,Departed,18:20,18:20,2024-10-22 18:20:00,2024-10-22 18:20:00,0.0
2024-10-22,departure,Zurich,Menorca,edelweiss,Departed,18:30,18:30,2024-10-22 18:30:00,2024-10-22 18:30:00,0.0
2024-10-22,departure,Zurich,Madrid,europa,Departed,18:30,18:35,2024-10-22 18:30:00,2024-10-22 18:35:00,5.0
2024-10-22,departure,Zurich,Antalya,sun,Departed,18:30,18:30,2024-10-22 18:30:00,2024-10-22 18:30:00,0.0
2024-10-22,departure,Zurich,London LHR,swiss,Departed,18:35,18:35,2024-10-22 18:35:00,2024-10-22 18:35:00,0.0
2024-10-22,departure,Zurich,Hurghada,cairo,Departed,18:40,20:40,2024-10-22 18:40:00,2024-10-22 20:40:00,120.0
2024-10-22,departure,Zurich,Vienna,austrian,Departed,18:45,18:45,2024-10-22 18:45:00,2024-10-22 18:45:00,0.0
2024-10-22,departure,Zurich,Istanbul IST,turkish,Departed,18:50,18:55,2024-10-22 18:50:00,2024-10-22 18:55:00,5.0
2024-10-22,departure,Zurich,London LHR,british,Departed,18:50,18:55,2024-10-22 18:50:00,2024-10-22 18:55:00,5.0
2024-10-22,departure,Zurich,Paris CDG,airfrance,Departed,18:55,18:50,2024-10-22 18:55:00,2024-10-22 18:50:00,-5.0
2024-10-22,departure,Zurich,Istanbul IST,turkish,Departed,15:00,15:00,2024-10-22 15:00:00,2024-10-22 15:00:00,0.0
2024-10-22,departure,Zurich,Vienna,austrian,Closed,15:05,15:00,2024-10-22 15:05:00,2024-10-22 15:00:00,-5.0
2024-10-22,departure,Zurich,Belgrade,serbia,Departed,15:15,15:15,2024-10-22 15:15:00,2024-10-22 15:15:00,0.0
2024-10-22,departure,Zurich,Antalya,edelweiss,Departed,15:20,15:25,2024-10-22 15:20:00,2024-10-22 15:25:00,5.0
2024-10-22,departure,Zurich,Bilbao,vueling,Departed,15:20,15:25,2024-10-22 15:20:00,2024-10-22 15:25:00,5.0
2024-10-22,departure,Zurich,Dubai DXB,emirates-neu,Departed,15:25,15:20,2024-10-22 15:25:00,2024-10-22 15:20:00,-5.0
2024-10-22,departure,Zurich,London LHR,swiss,Departed,15:30,15:30,2024-10-22 15:30:00,2024-10-22 15:30:00,0.0
2024-10-22,departure,Zurich,Palma De Mallorca,swiss,Departed,15:35,15:35,2024-10-22 15:35:00,2024-10-22 15:35:00,0.0
2024-10-22,departure,Zurich,Doha,qatar,Departed,15:40,15:40,2024-10-22 15:40:00,2024-10-22 15:40:00,0.0
2024-10-22,departure,Zurich,Düsseldorf,euro,Departed,15:45,15:40,2024-10-22 15:45:00,2024-10-22 15:40:00,-5.0
2024-10-22,departure,Zurich,Tunis,tunis,Departed,15:50,16:15,2024-10-22 15:50:00,2024-10-22 16:15:00,25.0
2024-10-22,departure,Zurich,Istanbul SAW,pegasus,Departed,16:00,16:20,2024-10-22 16:00:00,2024-10-22 16:20:00,20.0
2024-10-22,departure,Zurich,Heraklion,edelweiss,Departed,16:00,16:00,2024-10-22 16:00:00,2024-10-22 16:00:00,0.0
2024-10-22,departure,Zurich,Barcelona,swiss,Departed,16:00,15:55,2024-10-22 16:00:00,2024-10-22 15:55:00,-5.0
2024-10-22,departure,Zurich,Kos,edelweiss,Departed,16:05,16:00,2024-10-22 16:05:00,2024-10-22 16:00:00,-5.0
2024-10-22,departure,Zurich,Hamburg,euro,Departed,16:05,16:30,2024-10-22 16:05:00,2024-10-22 16:30:00,25.0
2024-10-22,departure,Zurich,Corfu,edelweiss,Departed,16:15,16:10,2024-10-22 16:15:00,2024-10-22 16:10:00,-5.0
2024-10-22,departure,Zurich,Cologne Bonn,euro,Departed,16:15,16:35,2024-10-22 16:15:00,2024-10-22 16:35:00,20.0
2024-10-22,departure,Zurich,Berlin,swiss,Departed,16:30,16:40,2024-10-22 16:30:00,2024-10-22 16:40:00,10.0
2024-10-22,departure,Zurich,Dubai DWC,beond_logo,Departed,16:30,20:50,2024-10-22 16:30:00,2024-10-22 20:50:00,260.0
2024-10-22,departure,Zurich,Madrid,swiss,Departed,16:35,16:35,2024-10-22 16:35:00,2024-10-22 16:35:00,0.0
2024-10-22,departure,Zurich,Faro,edelweiss,Departed,16:35,16:35,2024-10-22 16:35:00,2024-10-22 16:35:00,0.0
2024-10-22,departure,Zurich,Dublin,swiss,Departed,16:40,16:45,2024-10-22 16:40:00,2024-10-22 16:45:00,5.0
2024-10-22,departure,Zurich,London LCY,swiss,Departed,16:45,17:30,2024-10-22 16:45:00,2024-10-22 17:30:00,45.0
2024-10-22,departure,Zurich,Geneva,swiss,Departed,16:45,16:45,2024-10-22 16:45:00,2024-10-22 16:45:00,0.0
2024-10-22,departure,Zurich,Skopje,chair,Departed,16:50,16:50,2024-10-22 16:50:00,2024-10-22 16:50:00,0.0
2024-10-22,departure,Zurich,Sarajevo,swiss,Departed,16:50,16:50,2024-10-22 16:50:00,2024-10-22 16:50:00,0.0
2024-10-22,departure,Zurich,Copenhagen,swiss,Departed,16:50,17:00,2024-10-22 16:50:00,2024-10-22 17:00:00,10.0
2024-10-22,departure,Zurich,Munich,lufthansa_neu,Departed,16:55,17:20,2024-10-22 16:55:00,2024-10-22 17:20:00,25.0
2024-10-22,departure,Zurich,Amsterdam,swiss,Departed,16:55,16:55,2024-10-22 16:55:00,2024-10-22 16:55:00,0.0
2024-10-22,departure,Zurich,Prague,swiss,Departed,16:55,16:55,2024-10-22 16:55:00,2024-10-22 16:55:00,0.0
2024-10-22,departure,Zurich,Alicante,swiss,Departed,16:55,16:55,2024-10-22 16:55:00,2024-10-22 16:55:00,0.0
2024-10-22,departure,Zurich,Shanghai,swiss,Departed,13:00,13:00,2024-10-22 13:00:00,2024-10-22 13:00:00,0.0
2024-10-22,departure,Zurich,Graz,swiss,Departed,13:00,13:25,2024-10-22 13:00:00,2024-10-22 13:25:00,25.0
2024-10-22,departure,Zurich,Venice,swiss,Departed,13:00,13:20,2024-10-22 13:00:00,2024-10-22 13:20:00,20.0
2024-10-22,departure,Zurich,Geneva,swiss,Departed,13:00,13:20,2024-10-22 13:00:00,2024-10-22 13:20:00,20.0
2024-10-22,departure,Zurich,Milan MXP,swiss,Departed,13:05,13:20,2024-10-22 13:05:00,2024-10-22 13:20:00,15.0
2024-10-22,departure,Zurich,Reykjavík,edelweiss,Departed,13:05,13:05,2024-10-22 13:05:00,2024-10-22 13:05:00,0.0
2024-10-22,departure,Zurich,Los Angeles,swiss,Departed,13:05,13:10,2024-10-22 13:05:00,2024-10-22 13:10:00,5.0
2024-10-22,departure,Zurich,Malaga,swiss,Departed,13:10,13:15,2024-10-22 13:10:00,2024-10-22 13:15:00,5.0
2024-10-22,departure,Zurich,Chicago,swiss,Departed,13:10,13:20,2024-10-22 13:10:00,2024-10-22 13:20:00,10.0
2024-10-22,departure,Zurich,Miami,swiss,Departed,13:10,13:25,2024-10-22 13:10:00,2024-10-22 13:25:00,15.0
2024-10-22,departure,Zurich,San Francisco,swiss,Departed,13:15,13:35,2024-10-22 13:15:00,2024-10-22 13:35:00,20.0
2024-10-22,departure,Zurich,Munich,lufthansa_neu,Departed,13:15,13:20,2024-10-22 13:15:00,2024-10-22 13:20:00,5.0
2024-10-22,departure,Zurich,Lisbon,tap,Departed,13:15,13:25,2024-10-22 13:15:00,2024-10-22 13:25:00,10.0
2024-10-22,departure,Zurich,Vancouver,edelweiss,Departed,13:15,13:25,2024-10-22 13:15:00,2024-10-22 13:25:00,10.0
2024-10-22,departure,Zurich,New York,swiss,Departed,13:20,13:35,2024-10-22 13:20:00,2024-10-22 13:35:00,15.0
2024-10-22,departure,Zurich,London LHR,british,Departed,13:20,13:20,2024-10-22 13:20:00,2024-10-22 13:20:00,0.0
2024-10-22,departure,Zurich,Ljubljana,swiss,Departed,13:20,13:20,2024-10-22 13:20:00,2024-10-22 13:20:00,0.0
2024-10-22,departure,Zurich,Vienna,austrian,Departed,13:25,13:30,2024-10-22 13:25:00,2024-10-22 13:30:00,5.0
2024-10-22,departure,Zurich,Toronto,canada,Departed,13:25,13:25,2024-10-22 13:25:00,2024-10-22 13:25:00,0.0
2024-10-22,departure,Zurich,Bangkok,thai,Departed,13:30,13:30,2024-10-22 13:30:00,2024-10-22 13:30:00,0.0
2024-10-22,departure,Zurich,New York,delta,Departed,13:35,13:25,2024-10-22 13:35:00,2024-10-22 13:25:00,-10.0
2024-10-22,departure,Zurich,San Francisco,united,Departed,13:35,13:35,2024-10-22 13:35:00,2024-10-22 13:35:00,0.0
2024-10-22,departure,Zurich,Berlin,swiss,Departed,13:35,13:40,2024-10-22 13:35:00,2024-10-22 13:40:00,5.0
2024-10-22,departure,Zurich,Seoul,swiss,Departed,13:40,13:45,2024-10-22 13:40:00,2024-10-22 13:45:00,5.0
2024-10-22,departure,Zurich,Palma De Mallorca,vueling,Departed,13:45,13:45,2024-10-22 13:45:00,2024-10-22 13:45:00,0.0
2024-10-22,departure,Zurich,Las Vegas,edelweiss,Departed,13:55,13:55,2024-10-22 13:55:00,2024-10-22 13:55:00,0.0
2024-10-22,departure,Zurich,Fuerteventura,edelweiss,Departed,13:55,13:55,2024-10-22 13:55:00,2024-10-22 13:55:00,0.0
2024-10-22,departure,Zurich,Alicante,vueling,Departed,14:00,13:50,2024-10-22 14:00:00,2024-10-22 13:50:00,-10.0
2024-10-22,departure,Zurich,Oslo OSL,sas,Departed,14:00,14:20,2024-10-22 14:00:00,2024-10-22 14:20:00,20.0
2024-10-22,departure,Zurich,Reykjavík,iceland,Departed,14:00,16:35,2024-10-22 14:00:00,2024-10-22 16:35:00,155.0
2024-10-22,departure,Zurich,Larnaca,edelweiss,Departed,14:05,14:05,2024-10-22 14:05:00,2024-10-22 14:05:00,0.0
2024-10-22,departure,Zurich,Amsterdam,klm,Departed,14:20,14:40,2024-10-22 14:20:00,2024-10-22 14:40:00,20.0
2024-10-22,departure,Zurich,Paris CDG,airfrance,Departed,14:35,14:30,2024-10-22 14:35:00,2024-10-22 14:30:00,-5.0
2024-10-22,departure,Zurich,Frankfurt,lufthansa_neu,Departed,14:40,14:40,2024-10-22 14:40:00,2024-10-22 14:40:00,0.0
2024-10-22,departure,Zurich,London LCY,british,Departed,14:55,15:00,2024-10-22 14:55:00,2024-10-22 15:00:00,5.0
2024-10-22,departure,Zurich,Izmir,sun,Departed,14:55,14:50,2024-10-22 14:55:00,2024-10-22 14:50:00,-5.0
2024-10-22,departure,Zurich,Madrid,europa,Departed,11:10,12:25,2024-10-22 11:10:00,2024-10-22 12:25:00,75.0
2024-10-22,departure,Zurich,Porto,easyjet,Departed,11:10,11:10,2024-10-22 11:10:00,2024-10-22 11:10:00,0.0
2024-10-22,departure,Zurich,Paris CDG,airfrance,Departed,11:10,11:10,2024-10-22 11:10:00,2024-10-22 11:10:00,0.0
2024-10-22,departure,Zurich,Athens,aegan,Departed,11:15,11:15,2024-10-22 11:15:00,2024-10-22 11:15:00,0.0
2024-10-22,departure,Zurich,Abu Dhabi,etihad,Departed,11:15,11:15,2024-10-22 11:15:00,2024-10-22 11:15:00,0.0
2024-10-22,departure,Zurich,Frankfurt,lufthansa_neu,Departed,11:20,11:25,2024-10-22 11:20:00,2024-10-22 11:25:00,5.0
2024-10-22,departure,Zurich,Istanbul SAW,pegasus,Cancelled,11:35,11:35,2024-10-22 11:35:00,2024-10-22 11:35:00,0.0
2024-10-22,departure,Zurich,Kalamata,edelweiss,Departed,11:40,11:35,2024-10-22 11:40:00,2024-10-22 11:35:00,-5.0
2024-10-22,departure,Zurich,Istanbul SAW,ajet_logo,Departed,11:40,11:40,2024-10-22 11:40:00,2024-10-22 11:40:00,0.0
2024-10-22,departure,Zurich,Singapore,singapore,Departed,11:45,11:50,2024-10-22 11:45:00,2024-10-22 11:50:00,5.0
2024-10-22,departure,Zurich,Zagreb,croatia_v2,Departed,11:45,11:35,2024-10-22 11:45:00,2024-10-22 11:35:00,-10.0
2024-10-22,departure,Zurich,Philadelphia,american,Departed,11:45,11:35,2024-10-22 11:45:00,2024-10-22 11:35:00,-10.0
2024-10-22,departure,Zurich,Tirana,swiss,Departed,11:50,11:50,2024-10-22 11:50:00,2024-10-22 11:50:00,0.0
2024-10-22,departure,Zurich,Madrid,iberia,Departed,11:50,12:05,2024-10-22 11:50:00,2024-10-22 12:05:00,15.0
2024-10-22,departure,Zurich,Amsterdam,klm,Departed,11:50,12:25,2024-10-22 11:50:00,2024-10-22 12:25:00,35.0
2024-10-22,departure,Zurich,London LCY,swiss,Departed,11:50,12:00,2024-10-22 11:50:00,2024-10-22 12:00:00,10.0
2024-10-22,departure,Zurich,Marrakesh,edelweiss,Departed,11:55,11:55,2024-10-22 11:55:00,2024-10-22 11:55:00,0.0
2024-10-22,departure,Zurich,Washington,united,Departed,11:55,11:55,2024-10-22 11:55:00,2024-10-22 11:55:00,0.0
2024-10-22,departure,Zurich,Gothenburg,swiss,Departed,12:00,12:00,2024-10-22 12:00:00,2024-10-22 12:00:00,0.0
2024-10-22,departure,Zurich,Brindisi,swiss,Departed,12:00,11:55,2024-10-22 12:00:00,2024-10-22 11:55:00,-5.0
2024-10-22,departure,Zurich,Bucharest,swiss,Departed,12:00,12:30,2024-10-22 12:00:00,2024-10-22 12:30:00,30.0
2024-10-22,departure,Zurich,Palermo,swiss,Departed,12:00,12:05,2024-10-22 12:00:00,2024-10-22 12:05:00,5.0
2024-10-22,departure,Zurich,London LHR,swiss,Departed,12:05,12:05,2024-10-22 12:05:00,2024-10-22 12:05:00,0.0
2024-10-22,departure,Zurich,Stuttgart,swiss,Departed,12:05,13:15,2024-10-22 12:05:00,2024-10-22 13:15:00,70.0
2024-10-22,departure,Zurich,Valencia,swiss,Departed,12:05,12:05,2024-10-22 12:05:00,2024-10-22 12:05:00,0.0
2024-10-22,departure,Zurich,Geneva,swiss,Departed,12:10,12:10,2024-10-22 12:10:00,2024-10-22 12:10:00,0.0
2024-10-22,departure,Zurich,Warsaw,swiss,Departed,12:10,12:15,2024-10-22 12:10:00,2024-10-22 12:15:00,5.0
2024-10-22,departure,Zurich,Palma De Mallorca,swiss,Departed,12:10,12:10,2024-10-22 12:10:00,2024-10-22 12:10:00,0.0
2024-10-22,departure,Zurich,Belgrade,swiss,Departed,12:15,13:05,2024-10-22 12:15:00,2024-10-22 13:05:00,50.0
2024-10-22,departure,Zurich,Naples,swiss,Departed,12:15,12:15,2024-10-22 12:15:00,2024-10-22 12:15:00,0.0
2024-10-22,departure,Zurich,Nantes,swiss,Departed,12:15,12:15,2024-10-22 12:15:00,2024-10-22 12:15:00,0.0
2024-10-22,departure,Zurich,Budapest,swiss,Departed,12:15,12:15,2024-10-22 12:15:00,2024-10-22 12:15:00,0.0
2024-10-22,departure,Zurich,Barcelona,swiss,Departed,12:20,12:35,2024-10-22 12:20:00,2024-10-22 12:35:00,15.0
2024-10-22,departure,Zurich,Delhi,swiss,Departed,12:20,12:20,2024-10-22 12:20:00,2024-10-22 12:20:00,0.0
2024-10-22,departure,Zurich,Athens,swiss,Departed,12:20,12:20,2024-10-22 12:20:00,2024-10-22 12:20:00,0.0
2024-10-22,departure,Zurich,Palma De Mallorca,edelweiss,Departed,12:25,12:30,2024-10-22 12:25:00,2024-10-22 12:30:00,5.0
2024-10-22,departure,Zurich,Krakow,swiss,Departed,12:25,12:25,2024-10-22 12:25:00,2024-10-22 12:25:00,0.0
2024-10-22,departure,Zurich,Vienna,swiss,Departed,12:25,12:25,2024-10-22 12:25:00,2024-10-22 12:25:00,0.0
2024-10-22,departure,Zurich,Tel Aviv,elalisrael,Departed,12:30,12:55,2024-10-22 12:30:00,2024-10-22 12:55:00,25.0
2024-10-22,departure,Zurich,Berlin,swiss,Departed,12:30,12:35,2024-10-22 12:30:00,2024-10-22 12:35:00,5.0
2024-10-22,departure,Zurich,Amsterdam,swiss,Departed,12:30,12:45,2024-10-22 12:30:00,2024-10-22 12:45:00,15.0
2024-10-22,departure,Zurich,Stockholm,swiss,Departed,12:35,12:35,2024-10-22 12:35:00,2024-10-22 12:35:00,0.0
2024-10-22,departure,Zurich,Hamburg,swiss,Departed,12:35,12:40,2024-10-22 12:35:00,2024-10-22 12:40:00,5.0
2024-10-22,departure,Zurich,Bordeaux,swiss,Departed,12:35,13:05,2024-10-22 12:35:00,2024-10-22 13:05:00,30.0
2024-10-22,departure,Zurich,Copenhagen,swiss,Departed,12:35,12:35,2024-10-22 12:35:00,2024-10-22 12:35:00,0.0
2024-10-22,departure,Zurich,Hanover,swiss,Departed,12:40,12:40,2024-10-22 12:40:00,2024-10-22 12:40:00,0.0
2024-10-22,departure,Zurich,Dubai DXB,swiss,Departed,12:40,12:55,2024-10-22 12:40:00,2024-10-22 12:55:00,15.0
2024-10-22,departure,Zurich,Montreal,swiss,Departed,12:40,12:45,2024-10-22 12:40:00,2024-10-22 12:45:00,5.0
2024-10-22,departure,Zurich,Rome FCO,swiss,Departed,12:45,13:20,2024-10-22 12:45:00,2024-10-22 13:20:00,35.0
2024-10-22,departure,Zurich,Düsseldorf,swiss,Departed,12:45,12:50,2024-10-22 12:45:00,2024-10-22 12:50:00,5.0
2024-10-22,departure,Zurich,Lisbon,swiss,Departed,12:45,13:00,2024-10-22 12:45:00,2024-10-22 13:00:00,15.0
2024-10-22,departure,Zurich,Prague,swiss,Departed,12:45,12:52,2024-10-22 12:45:00,2024-10-22 12:52:00,7.0
2024-10-22,departure,Zurich,Frankfurt,swiss,Departed,12:50,12:50,2024-10-22 12:50:00,2024-10-22 12:50:00,0.0
2024-10-22,departure,Zurich,Nice,swiss,Departed,12:50,12:50,2024-10-22 12:50:00,2024-10-22 12:50:00,0.0
2024-10-22,departure,Zurich,Florence,swiss,Departed,12:50,13:00,2024-10-22 12:50:00,2024-10-22 13:00:00,10.0
2024-10-22,departure,Zurich,Paris CDG,swiss,Departed,12:55,13:30,2024-10-22 12:55:00,2024-10-22 13:30:00,35.0
2024-10-22,departure,Zurich,Washington,swiss,Departed,12:55,13:02,2024-10-22 12:55:00,2024-10-22 13:02:00,7.0
2024-10-22,departure,Zurich,Brussels,swiss,Departed,12:55,12:50,2024-10-22 12:55:00,2024-10-22 12:50:00,-5.0
2024-10-22,departure,Zurich,Boston,swiss,Departed,12:55,12:55,2024-10-22 12:55:00,2024-10-22 12:55:00,0.0
2024-10-22,departure,Zurich,Luxembourg,swiss,Departed,09:00,09:00,2024-10-22 09:00:00,2024-10-22 09:00:00,0.0
2024-10-22,departure,Zurich,Milan MXP,swiss,Departed,09:00,09:00,2024-10-22 09:00:00,2024-10-22 09:00:00,0.0
2024-10-22,departure,Zurich,Brussels,brussels_airlines_logo,Departed,09:00,09:00,2024-10-22 09:00:00,2024-10-22 09:00:00,0.0
2024-10-22,departure,Zurich,Hamburg,euro,Departed,09:05,09:15,2024-10-22 09:05:00,2024-10-22 09:15:00,10.0
2024-10-22,departure,Zurich,Geneva,swiss,Departed,09:10,09:45,2024-10-22 09:10:00,2024-10-22 09:45:00,35.0
2024-10-22,departure,Zurich,Amsterdam,klm,Departed,09:20,09:10,2024-10-22 09:20:00,2024-10-22 09:10:00,-10.0
2024-10-22,departure,Zurich,Munich,lufthansa_neu,Departed,09:20,09:20,2024-10-22 09:20:00,2024-10-22 09:20:00,0.0
2024-10-22,departure,Zurich,Zanzibarvia Kilimanjaro,edelweiss,Departed,09:25,09:35,2024-10-22 09:25:00,2024-10-22 09:35:00,10.0
2024-10-22,departure,Zurich,Frankfurt,lufthansa_neu,Departed,09:30,09:30,2024-10-22 09:30:00,2024-10-22 09:30:00,0.0
2024-10-22,departure,Zurich,Valencia,swiss,Departed,09:30,09:35,2024-10-22 09:30:00,2024-10-22 09:35:00,5.0
2024-10-22,departure,Zurich,Stuttgart,swiss,Departed,09:35,09:35,2024-10-22 09:35:00,2024-10-22 09:35:00,0.0
2024-10-22,departure,Zurich,Antalya,sun,Closed,09:40,09:40,2024-10-22 09:40:00,2024-10-22 09:40:00,0.0
2024-10-22,departure,Zurich,Thessaloniki,swiss,Departed,09:40,09:40,2024-10-22 09:40:00,2024-10-22 09:40:00,0.0
2024-10-22,departure,Zurich,Malaga,swiss,Departed,09:40,09:45,2024-10-22 09:40:00,2024-10-22 09:45:00,5.0
2024-10-22,departure,Zurich,Porto,swiss,Departed,09:45,09:55,2024-10-22 09:45:00,2024-10-22 09:55:00,10.0
2024-10-22,departure,Zurich,Barcelona,vueling,Departed,09:45,09:45,2024-10-22 09:45:00,2024-10-22 09:45:00,0.0
2024-10-22,departure,Zurich,Athens,swiss,Departed,09:45,09:45,2024-10-22 09:45:00,2024-10-22 09:45:00,0.0
2024-10-22,departure,Zurich,Belgrade,serbia,Departed,09:50,09:50,2024-10-22 09:50:00,2024-10-22 09:50:00,0.0
2024-10-22,departure,Zurich,Berlin,euro,Departed,09:50,09:50,2024-10-22 09:50:00,2024-10-22 09:50:00,0.0
2024-10-22,departure,Zurich,Chicago,united,Departed,09:50,09:50,2024-10-22 09:50:00,2024-10-22 09:50:00,0.0
2024-10-22,departure,Zurich,Mumbai,swiss,Departed,09:55,10:05,2024-10-22 09:55:00,2024-10-22 10:05:00,10.0
2024-10-22,departure,Zurich,Stockholm,swiss,Departed,09:55,10:01,2024-10-22 09:55:00,2024-10-22 10:01:00,6.0
2024-10-22,departure,Zurich,Toronto,swiss,Departed,09:55,09:55,2024-10-22 09:55:00,2024-10-22 09:55:00,0.0
2024-10-22,departure,Zurich,New York,swiss,Departed,10:00,10:00,2024-10-22 10:00:00,2024-10-22 10:00:00,0.0
2024-10-22,departure,Zurich,London LCY,british,Departed,10:05,09:55,2024-10-22 10:05:00,2024-10-22 09:55:00,-10.0
2024-10-22,departure,Zurich,Newark,united,Departed,10:10,10:10,2024-10-22 10:10:00,2024-10-22 10:10:00,0.0
2024-10-22,departure,Zurich,Copenhagen,sas,Departed,10:20,13:55,2024-10-22 10:20:00,2024-10-22 13:55:00,215.0
2024-10-22,departure,Zurich,Izmir,sun,Departed,10:25,10:25,2024-10-22 10:25:00,2024-10-22 10:25:00,0.0
2024-10-22,departure,Zurich,Warsaw,lot,Departed,10:25,10:25,2024-10-22 10:25:00,2024-10-22 10:25:00,0.0
2024-10-22,departure,Zurich,London LHR,swiss,Departed,10:30,10:35,2024-10-22 10:30:00,2024-10-22 10:35:00,5.0
2024-10-22,departure,Zurich,London LGW,easyjet,Departed,10:35,10:40,2024-10-22 10:35:00,2024-10-22 10:40:00,5.0
2024-10-22,departure,Zurich,London LHR,british,Cancelled,10:35,10:35,2024-10-22 10:35:00,2024-10-22 10:35:00,0.0
2024-10-22,departure,Zurich,Vienna,austrian,Departed,10:40,10:40,2024-10-22 10:40:00,2024-10-22 10:40:00,0.0
2024-10-22,departure,Zurich,Dublin,swiss,Departed,10:50,10:57,2024-10-22 10:50:00,2024-10-22 10:57:00,7.0
2024-10-22,departure,Zurich,Oslo OSL,swiss,Departed,10:50,14:05,2024-10-22 10:50:00,2024-10-22 14:05:00,195.0
2024-10-22,departure,Zurich,Helsinki,finnair,Departed,10:50,10:50,2024-10-22 10:50:00,2024-10-22 10:50:00,0.0
2024-10-22,departure,Zurich,Istanbul IST,turkish,Departed,10:50,10:55,2024-10-22 10:50:00,2024-10-22 10:55:00,5.0
2024-10-22,departure,Zurich,Antalya,pegasus,Departed,10:55,12:30,2024-10-22 10:55:00,2024-10-22 12:30:00,95.0
2024-10-22,departure,Zurich,Naples,swiss,Departed,07:00,07:00,2024-10-22 07:00:00,2024-10-22 07:00:00,0.0
2024-10-22,departure,Zurich,Amsterdam,klm,Departed,07:00,06:55,2024-10-22 07:00:00,2024-10-22 06:55:00,-5.0
2024-10-22,departure,Zurich,Frankfurt,swiss,Departed,07:00,07:00,2024-10-22 07:00:00,2024-10-22 07:00:00,0.0
2024-10-22,departure,Zurich,Madrid,swiss,Departed,07:00,07:05,2024-10-22 07:00:00,2024-10-22 07:05:00,5.0
2024-10-22,departure,Zurich,London LHR,swiss,Departed,07:05,07:15,2024-10-22 07:05:00,2024-10-22 07:15:00,10.0
2024-10-22,departure,Zurich,Manchester,swiss,Departed,07:05,07:22,2024-10-22 07:05:00,2024-10-22 07:22:00,17.0
2024-10-22,departure,Zurich,Palma De Mallorca,swiss,Departed,07:05,07:05,2024-10-22 07:05:00,2024-10-22 07:05:00,0.0
2024-10-22,departure,Zurich,Vienna,swiss,Departed,07:10,07:10,2024-10-22 07:10:00,2024-10-22 07:10:00,0.0
2024-10-22,departure,Zurich,Copenhagen,swiss,Departed,07:10,07:10,2024-10-22 07:10:00,2024-10-22 07:10:00,0.0
2024-10-22,departure,Zurich,Barcelona,swiss,Departed,07:10,07:10,2024-10-22 07:10:00,2024-10-22 07:10:00,0.0
2024-10-22,departure,Zurich,Belgrade,swiss,Departed,07:10,07:25,2024-10-22 07:10:00,2024-10-22 07:25:00,15.0
2024-10-22,departure,Zurich,London LHR,british,Departed,07:15,07:15,2024-10-22 07:15:00,2024-10-22 07:15:00,0.0
2024-10-22,departure,Zurich,Hamburg,swiss,Departed,07:15,07:15,2024-10-22 07:15:00,2024-10-22 07:15:00,0.0
2024-10-22,departure,Zurich,Munich,swiss,Departed,07:15,07:15,2024-10-22 07:15:00,2024-10-22 07:15:00,0.0
2024-10-22,departure,Zurich,Rome FCO,swiss,Departed,07:20,07:25,2024-10-22 07:20:00,2024-10-22 07:25:00,5.0
2024-10-22,departure,Zurich,Berlin,swiss,Departed,07:20,07:20,2024-10-22 07:20:00,2024-10-22 07:20:00,0.0
2024-10-22,departure,Zurich,Amsterdam,swiss,Departed,07:20,07:20,2024-10-22 07:20:00,2024-10-22 07:20:00,0.0
2024-10-22,departure,Zurich,Budapest,swiss,Departed,07:20,07:20,2024-10-22 07:20:00,2024-10-22 07:20:00,0.0
2024-10-22,departure,Zurich,Brussels,swiss,Departed,07:25,07:25,2024-10-22 07:25:00,2024-10-22 07:25:00,0.0
2024-10-22,departure,Zurich,Paris CDG,swiss,Departed,07:25,07:25,2024-10-22 07:25:00,2024-10-22 07:25:00,0.0
2024-10-22,departure,Zurich,Prague,swiss,Departed,07:25,07:25,2024-10-22 07:25:00,2024-10-22 07:25:00,0.0
2024-10-22,departure,Zurich,Düsseldorf,swiss,Departed,07:30,07:40,2024-10-22 07:30:00,2024-10-22 07:40:00,10.0
2024-10-22,departure,Zurich,Geneva,swiss,Departed,07:30,07:35,2024-10-22 07:30:00,2024-10-22 07:35:00,5.0
2024-10-22,departure,Zurich,Madrid,iberia,Departed,07:30,07:45,2024-10-22 07:30:00,2024-10-22 07:45:00,15.0
2024-10-22,departure,Zurich,Nice,swiss,Departed,07:30,07:30,2024-10-22 07:30:00,2024-10-22 07:30:00,0.0
2024-10-22,departure,Zurich,Paris CDG,airfrance,Departed,07:45,07:45,2024-10-22 07:45:00,2024-10-22 07:45:00,0.0
2024-10-22,departure,Zurich,Cologne Bonn,euro,Departed,08:05,08:20,2024-10-22 08:05:00,2024-10-22 08:20:00,15.0
2024-10-22,departure,Zurich,Florence,swiss,Departed,08:05,08:05,2024-10-22 08:05:00,2024-10-22 08:05:00,0.0
2024-10-22,departure,Zurich,London LCY,swiss,Departed,08:10,08:10,2024-10-22 08:10:00,2024-10-22 08:10:00,0.0
2024-10-22,departure,Zurich,Frankfurt,lufthansa_neu,Departed,08:15,08:15,2024-10-22 08:15:00,2024-10-22 08:15:00,0.0
2024-10-22,departure,Zurich,Hamburg,swiss,Departed,08:30,08:25,2024-10-22 08:30:00,2024-10-22 08:25:00,-5.0
2024-10-22,departure,Zurich,Dresden,swiss,Departed,08:35,08:35,2024-10-22 08:35:00,2024-10-22 08:35:00,0.0
2024-10-22,departure,Zurich,Berlin,swiss,Departed,08:40,08:35,2024-10-22 08:40:00,2024-10-22 08:35:00,-5.0
2024-10-22,departure,Zurich,Ljubljana,swiss,Cancelled,08:45,08:45,2024-10-22 08:45:00,2024-10-22 08:45:00,0.0
2024-10-22,departure,Zurich,Düsseldorf,euro,Departed,08:45,08:45,2024-10-22 08:45:00,2024-10-22 08:45:00,0.0
2024-10-22,departure,Zurich,Venice,swiss,Departed,08:50,08:45,2024-10-22 08:50:00,2024-10-22 08:45:00,-5.0
2024-10-22,departure,Zurich,Vienna,austrian,Departed,08:50,08:50,2024-10-22 08:50:00,2024-10-22 08:50:00,0.0
2024-10-22,departure,Zurich,Bologna,swiss,Departed,08:55,08:50,2024-10-22 08:55:00,2024-10-22 08:50:00,-5.0
2024-10-22,departure,Zurich,Pristina,chair,Departed,05:45,05:45,2024-10-22 05:45:00,2024-10-22 05:45:00,0.0
2024-10-22,departure,Zurich,Djerba,edelweiss,Departed,05:45,05:45,2024-10-22 05:45:00,2024-10-22 05:45:00,0.0
2024-10-22,departure,Zurich,Seville,edelweiss,Departed,06:00,06:00,2024-10-22 06:00:00,2024-10-22 06:00:00,0.0
2024-10-22,departure,Zurich,Gran Canaria,edelweiss,Departed,06:00,06:20,2024-10-22 06:00:00,2024-10-22 06:20:00,20.0
2024-10-22,departure,Zurich,Tenerife,edelweiss,Departed,06:10,06:10,2024-10-22 06:10:00,2024-10-22 06:10:00,0.0
2024-10-22,departure,Zurich,Madeira,edelweiss,Departed,06:10,06:10,2024-10-22 06:10:00,2024-10-22 06:10:00,0.0
2024-10-22,departure,Zurich,Porto,swiss,Departed,06:20,06:20,2024-10-22 06:20:00,2024-10-22 06:20:00,0.0
2024-10-22,departure,Zurich,Hurghada,chair,Departed,06:20,06:20,2024-10-22 06:20:00,2024-10-22 06:20:00,0.0
2024-10-22,departure,Zurich,Lisbon,tap,Departed,06:20,06:35,2024-10-22 06:20:00,2024-10-22 06:35:00,15.0
2024-10-22,departure,Zurich,Thessaloniki,swiss,Departed,06:25,06:25,2024-10-22 06:25:00,2024-10-22 06:25:00,0.0
2024-10-22,departure,Zurich,Marsa Alam,edelweiss,Departed,06:25,06:30,2024-10-22 06:25:00,2024-10-22 06:30:00,5.0
2024-10-22,departure,Zurich,Heraklion,edelweiss,Departed,06:25,06:15,2024-10-22 06:25:00,2024-10-22 06:15:00,-10.0
2024-10-22,departure,Zurich,Lanzarote,edelweiss,Departed,06:30,06:30,2024-10-22 06:30:00,2024-10-22 06:30:00,0.0
2024-10-22,departure,Zurich,Chania,edelweiss,Departed,06:35,06:25,2024-10-22 06:35:00,2024-10-22 06:25:00,-10.0
2024-10-22,departure,Zurich,Pristina,edelweiss,Departed,06:35,06:35,2024-10-22 06:35:00,2024-10-22 06:35:00,0.0
2024-10-22,departure,Zurich,Malta,swiss,Departed,06:40,06:40,2024-10-22 06:40:00,2024-10-22 06:40:00,0.0
2024-10-22,departure,Zurich,Rhodes,edelweiss,Departed,06:45,06:40,2024-10-22 06:45:00,2024-10-22 06:40:00,-5.0
2024-10-22,departure,Zurich,Hurghada,edelweiss,Departed,06:45,06:45,2024-10-22 06:45:00,2024-10-22 06:45:00,0.0
2024-10-22,departure,Zurich,London LCY,swiss,Departed,06:50,06:50,2024-10-22 06:50:00,2024-10-22 06:50:00,0.0
2024-10-22,departure,Zurich,Brindisi,swiss,Departed,06:50,06:50,2024-10-22 06:50:00,2024-10-22 06:50:00,0.0
2024-10-22,departure,Zurich,Warsaw,swiss,Departed,06:55,06:55,2024-10-22 06:55:00,2024-10-22 06:55:00,0.0
2024-10-22,departure,Zurich,Palermo,swiss,Departed,06:55,06:55,2024-10-22 06:55:00,2024-10-22 06:55:00,0.0
2024-10-22,departure,Zurich,Sofia,swiss,Departed,06:55,06:55,2024-10-22 06:55:00,2024-10-22 06:55:00,0.0
2024-10-22,departure,Zurich,Hanover,swiss,Departed,06:55,07:05,2024-10-22 06:55:00,2024-10-22 07:05:00,10.0
2024-10-26,arrival,Zurich,Geneva,swiss,Landed,21:00,21:07,2024-10-26 21:00:00,2024-10-26 21:07:00,7.0
2024-10-26,arrival,Zurich,Menorca,edelweiss,Landed,21:00,20:51,2024-10-26 21:00:00,2024-10-26 20:51:00,-9.0
2024-10-26,arrival,Zurich,Izmir,sun,Landed,21:05,20:59,2024-10-26 21:05:00,2024-10-26 20:59:00,-6.0
2024-10-26,arrival,Zurich,London LGW,easyjet,Landed,21:10,21:08,2024-10-26 21:10:00,2024-10-26 21:08:00,-2.0
2024-10-26,arrival,Zurich,Berlin,swiss,Landed,21:15,21:19,2024-10-26 21:15:00,2024-10-26 21:19:00,4.0
2024-10-26,arrival,Zurich,Vienna,swiss,Landed,21:15,21:23,2024-10-26 21:15:00,2024-10-26 21:23:00,8.0
2024-10-26,arrival,Zurich,Reykjavík,edelweiss,Landed,21:15,21:32,2024-10-26 21:15:00,2024-10-26 21:32:00,17.0
2024-10-26,arrival,Zurich,Paris CDG,swiss,Landed,21:20,21:27,2024-10-26 21:20:00,2024-10-26 21:27:00,7.0
2024-10-26,arrival,Zurich,Brussels,swiss,Landed,21:20,21:31,2024-10-26 21:20:00,2024-10-26 21:31:00,11.0
2024-10-26,arrival,Zurich,Ibiza,edelweiss,Landed,21:25,21:54,2024-10-26 21:25:00,2024-10-26 21:54:00,29.0
2024-10-26,arrival,Zurich,London LGW,swiss,Landed,21:25,21:12,2024-10-26 21:25:00,2024-10-26 21:12:00,-13.0
2024-10-26,arrival,Zurich,Kalamata,edelweiss,Landed,21:25,21:19,2024-10-26 21:25:00,2024-10-26 21:19:00,-6.0
2024-10-26,arrival,Zurich,Geneva,swiss,Landed,21:30,21:40,2024-10-26 21:30:00,2024-10-26 21:40:00,10.0
2024-10-26,arrival,Zurich,Amsterdam,swiss,Landed,21:30,22:04,2024-10-26 21:30:00,2024-10-26 22:04:00,34.0
2024-10-26,arrival,Zurich,Palma De Mallorca,edelweiss,Landed,21:35,22:17,2024-10-26 21:35:00,2024-10-26 22:17:00,42.0
2024-10-26,arrival,Zurich,London LHR,swiss,Landed,21:35,21:23,2024-10-26 21:35:00,2024-10-26 21:23:00,-12.0
2024-10-26,arrival,Zurich,Copenhagen,swiss,Landed,21:35,21:37,2024-10-26 21:35:00,2024-10-26 21:37:00,2.0
2024-10-26,arrival,Zurich,Budapest,swiss,Landed,21:35,22:05,2024-10-26 21:35:00,2024-10-26 22:05:00,30.0
2024-10-26,arrival,Zurich,Palma De Mallorca,swiss,Landed,21:40,22:08,2024-10-26 21:40:00,2024-10-26 22:08:00,28.0
2024-10-26,arrival,Zurich,Palermo,swiss,Landed,21:40,21:48,2024-10-26 21:40:00,2024-10-26 21:48:00,8.0
2024-10-26,arrival,Zurich,Rome FCO,swiss,Landed,21:45,22:08,2024-10-26 21:45:00,2024-10-26 22:08:00,23.0
2024-10-26,arrival,Zurich,Manchester,swiss,Landed,21:45,21:46,2024-10-26 21:45:00,2024-10-26 21:46:00,1.0
2024-10-26,arrival,Zurich,Geneva,swiss,Cancelled,21:45,21:45,2024-10-26 21:45:00,2024-10-26 21:45:00,0.0
2024-10-26,arrival,Zurich,Belgrade,swiss,Landed,21:45,22:27,2024-10-26 21:45:00,2024-10-26 22:27:00,42.0
2024-10-26,arrival,Zurich,Naples,swiss,Landed,21:50,21:43,2024-10-26 21:50:00,2024-10-26 21:43:00,-7.0
2024-10-26,arrival,Zurich,Barcelona,swiss,Landed,21:50,22:30,2024-10-26 21:50:00,2024-10-26 22:30:00,40.0
2024-10-26,arrival,Zurich,Dublin,swiss,Landed,21:50,21:59,2024-10-26 21:50:00,2024-10-26 21:59:00,9.0
2024-10-26,arrival,Zurich,Frankfurt FRA,swiss,Landed,21:55,22:39,2024-10-26 21:55:00,2024-10-26 22:39:00,44.0
2024-10-26,arrival,Zurich,Munich,swiss,Landed,21:55,22:00,2024-10-26 21:55:00,2024-10-26 22:00:00,5.0
2024-10-26,arrival,Zurich,Olbia,edelweiss,Landed,21:55,21:51,2024-10-26 21:55:00,2024-10-26 21:51:00,-4.0
2024-10-26,arrival,Zurich,Madrid,swiss,Landed,22:00,21:57,2024-10-26 22:00:00,2024-10-26 21:57:00,-3.0
2024-10-26,arrival,Zurich,Skopje,chair,Landed,22:05,22:15,2024-10-26 22:05:00,2024-10-26 22:15:00,10.0
2024-10-26,arrival,Zurich,Thessaloniki,swiss,Landed,22:15,22:30,2024-10-26 22:15:00,2024-10-26 22:30:00,15.0
2024-10-26,arrival,Zurich,Madrid,iberia,Landed,22:20,22:11,2024-10-26 22:20:00,2024-10-26 22:11:00,-9.0
2024-10-26,arrival,Zurich,Istanbul IST,turkish,Landed,22:20,21:49,2024-10-26 22:20:00,2024-10-26 21:49:00,-31.0
2024-10-26,arrival,Zurich,Milas–Bodrum,edelweiss,Landed,22:25,22:23,2024-10-26 22:25:00,2024-10-26 22:23:00,-2.0
2024-10-26,arrival,Zurich,Rhodes,edelweiss,Landed,22:25,22:45,2024-10-26 22:25:00,2024-10-26 22:45:00,20.0
2024-10-26,arrival,Zurich,Brindisi,swiss,Landed,22:25,22:42,2024-10-26 22:25:00,2024-10-26 22:42:00,17.0
2024-10-26,arrival,Zurich,Amsterdam,klm,Landed,22:25,22:37,2024-10-26 22:25:00,2024-10-26 22:37:00,12.0
2024-10-26,arrival,Zurich,Paris CDG,airfrance,Landed,22:30,22:48,2024-10-26 22:30:00,2024-10-26 22:48:00,18.0
2024-10-26,arrival,Zurich,Pristina,chair,Landed,22:30,22:13,2024-10-26 22:30:00,2024-10-26 22:13:00,-17.0
2024-10-26,arrival,Zurich,Lisbon,tap,Landed,22:30,23:04,2024-10-26 22:30:00,2024-10-26 23:04:00,34.0
2024-10-26,arrival,Zurich,Edinburgh,edelweiss,Landed,22:40,22:46,2024-10-26 22:40:00,2024-10-26 22:46:00,6.0
2024-10-26,arrival,Zurich,Mykonos,edelweiss,Rolling,22:40,22:33,2024-10-26 22:40:00,2024-10-26 22:33:00,-7.0
2024-10-26,arrival,Zurich,Heraklion,chair,Landed,22:40,22:22,2024-10-26 22:40:00,2024-10-26 22:22:00,-18.0
2024-10-26,arrival,Zurich,Kos,edelweiss,Landed,22:45,23:01,2024-10-26 22:45:00,2024-10-26 23:01:00,16.0
2024-10-26,arrival,Zurich,London LHR,swiss,Landed,22:45,23:01,2024-10-26 22:45:00,2024-10-26 23:01:00,16.0
2024-10-26,arrival,Zurich,Athens,swiss,Landed,22:45,22:52,2024-10-26 22:45:00,2024-10-26 22:52:00,7.0
2024-10-26,arrival,Zurich,Lamezia Terme,edelweiss,Landed,22:50,22:56,2024-10-26 22:50:00,2024-10-26 22:56:00,6.0
2024-10-26,arrival,Zurich,Porto,swiss,Landed,22:50,23:13,2024-10-26 22:50:00,2024-10-26 23:13:00,23.0
2024-10-26,arrival,Zurich,Pristina,edelweiss,Landed,22:55,22:50,2024-10-26 22:55:00,2024-10-26 22:50:00,-5.0
2024-10-26,arrival,Zurich,Faro,edelweiss,Landed,22:55,23:06,2024-10-26 22:55:00,2024-10-26 23:06:00,11.0
2024-10-26,arrival,Zurich,Heraklion,edelweiss,Landed,22:55,22:55,2024-10-26 22:55:00,2024-10-26 22:55:00,0.0
2024-10-26,arrival,Zurich,Sharm El Sheikh,edelweiss,Landed,22:55,23:03,2024-10-26 22:55:00,2024-10-26 23:03:00,8.0
2024-10-26,arrival,Zurich,Warsaw,lot,Landed,19:05,19:26,2024-10-26 19:05:00,2024-10-26 19:26:00,21.0
2024-10-26,arrival,Zurich,Zagreb,croatia_v2,Landed,19:20,19:18,2024-10-26 19:20:00,2024-10-26 19:18:00,-2.0
2024-10-26,arrival,Zurich,Frankfurt FRA,lufthansa_neu,Landed,19:20,19:21,2024-10-26 19:20:00,2024-10-26 19:21:00,1.0
2024-10-26,arrival,Zurich,Pristina,gp-aviation,Landed,19:20,19:29,2024-10-26 19:20:00,2024-10-26 19:29:00,9.0
2024-10-26,arrival,Zurich,Muscat,oman,Landed,19:25,19:15,2024-10-26 19:25:00,2024-10-26 19:15:00,-10.0
2024-10-26,arrival,Zurich,Lisbon,swiss,Landed,19:30,20:14,2024-10-26 19:30:00,2024-10-26 20:14:00,44.0
2024-10-26,arrival,Zurich,Geneva,swiss,Landed,19:35,19:53,2024-10-26 19:35:00,2024-10-26 19:53:00,18.0
2024-10-26,arrival,Zurich,Munich,lufthansa_neu,Landed,19:35,19:41,2024-10-26 19:35:00,2024-10-26 19:41:00,6.0
2024-10-26,arrival,Zurich,Bangkok,swiss,Landed,19:35,19:44,2024-10-26 19:35:00,2024-10-26 19:44:00,9.0
2024-10-26,arrival,Zurich,Malaga,swiss,Landed,19:40,20:00,2024-10-26 19:40:00,2024-10-26 20:00:00,20.0
2024-10-26,arrival,Zurich,London LHR,swiss,Landed,19:55,19:57,2024-10-26 19:55:00,2024-10-26 19:57:00,2.0
2024-10-26,arrival,Zurich,Belgrade,serbia,Landed,20:00,20:03,2024-10-26 20:00:00,2024-10-26 20:03:00,3.0
2024-10-26,arrival,Zurich,Copenhagen,swiss,Landed,20:00,19:48,2024-10-26 20:00:00,2024-10-26 19:48:00,-12.0
2024-10-26,arrival,Zurich,Vienna,austrian,Landed,20:00,20:41,2024-10-26 20:00:00,2024-10-26 20:41:00,41.0
2024-10-26,arrival,Zurich,Milan MXP,swiss,Landed,20:05,20:02,2024-10-26 20:05:00,2024-10-26 20:02:00,-3.0
2024-10-26,arrival,Zurich,Düsseldorf,swiss,Landed,20:05,20:27,2024-10-26 20:05:00,2024-10-26 20:27:00,22.0
2024-10-26,arrival,Zurich,Malta,swiss,Landed,20:05,19:59,2024-10-26 20:05:00,2024-10-26 19:59:00,-6.0
2024-10-26,arrival,Zurich,Luxembourg,swiss,Landed,20:05,20:05,2024-10-26 20:05:00,2024-10-26 20:05:00,0.0
2024-10-26,arrival,Zurich,Berlin,swiss,Landed,20:10,20:24,2024-10-26 20:10:00,2024-10-26 20:24:00,14.0
2024-10-26,arrival,Zurich,Mauritius,edelweiss,Landed,20:10,20:15,2024-10-26 20:10:00,2024-10-26 20:15:00,5.0
2024-10-26,arrival,Zurich,Palma De Mallorca,swiss,Landed,20:15,21:18,2024-10-26 20:15:00,2024-10-26 21:18:00,63.0
2024-10-26,arrival,Zurich,Stuttgart,swiss,Landed,20:15,20:17,2024-10-26 20:15:00,2024-10-26 20:17:00,2.0
2024-10-26,arrival,Zurich,Dubai DXB,emirates-neu,Landed,20:20,20:20,2024-10-26 20:20:00,2024-10-26 20:20:00,0.0
2024-10-26,arrival,Zurich,Malaga,swiss,Landed,20:20,21:41,2024-10-26 20:20:00,2024-10-26 21:41:00,81.0
2024-10-26,arrival,Zurich,Florence,swiss,Landed,20:20,20:32,2024-10-26 20:20:00,2024-10-26 20:32:00,12.0
2024-10-26,arrival,Zurich,Barcelona,swiss,Landed,20:25,20:34,2024-10-26 20:25:00,2024-10-26 20:34:00,9.0
2024-10-26,arrival,Zurich,London LHR,british,Landed,20:25,20:21,2024-10-26 20:25:00,2024-10-26 20:21:00,-4.0
2024-10-26,arrival,Zurich,Nice,swiss,Landed,20:25,20:47,2024-10-26 20:25:00,2024-10-26 20:47:00,22.0
2024-10-26,arrival,Zurich,Venice,swiss,Landed,20:30,20:31,2024-10-26 20:30:00,2024-10-26 20:31:00,1.0
2024-10-26,arrival,Zurich,Hamburg,swiss,Landed,20:30,20:45,2024-10-26 20:30:00,2024-10-26 20:45:00,15.0
2024-10-26,arrival,Zurich,Prague,swiss,Landed,20:30,20:25,2024-10-26 20:30:00,2024-10-26 20:25:00,-5.0
2024-10-26,arrival,Zurich,Ljubljana,swiss,Landed,20:35,20:43,2024-10-26 20:35:00,2024-10-26 20:43:00,8.0
2024-10-26,arrival,Zurich,Barcelona,vueling,Landed,20:35,20:52,2024-10-26 20:35:00,2024-10-26 20:52:00,17.0
2024-10-26,arrival,Zurich,Heraklion,edelweiss,Landed,20:55,20:58,2024-10-26 20:55:00,2024-10-26 20:58:00,3.0
2024-10-26,arrival,Zurich,Agadir,edelweiss,Landed,17:00,17:08,2024-10-26 17:00:00,2024-10-26 17:08:00,8.0
2024-10-26,arrival,Zurich,Valencia,swiss,Landed,17:05,17:41,2024-10-26 17:05:00,2024-10-26 17:41:00,36.0
2024-10-26,arrival,Zurich,Alicante,swiss,Landed,17:10,17:45,2024-10-26 17:10:00,2024-10-26 17:45:00,35.0
2024-10-26,arrival,Zurich,Seoul,korean,Landed,17:10,17:12,2024-10-26 17:10:00,2024-10-26 17:12:00,2.0
2024-10-26,arrival,Zurich,Madrid,europa,Landed,17:10,17:20,2024-10-26 17:10:00,2024-10-26 17:20:00,10.0
2024-10-26,arrival,Zurich,Lisbon,tap,Landed,17:15,18:49,2024-10-26 17:15:00,2024-10-26 18:49:00,94.0
2024-10-26,arrival,Zurich,Istanbul IST,turkish,Landed,17:25,17:20,2024-10-26 17:25:00,2024-10-26 17:20:00,-5.0
2024-10-26,arrival,Zurich,Bucharest,swiss,Landed,17:35,17:50,2024-10-26 17:35:00,2024-10-26 17:50:00,15.0
2024-10-26,arrival,Zurich,Antalya,sun,Landed,17:35,18:00,2024-10-26 17:35:00,2024-10-26 18:00:00,25.0
2024-10-26,arrival,Zurich,Djerba,tunis,Landed,17:40,17:30,2024-10-26 17:40:00,2024-10-26 17:30:00,-10.0
2024-10-26,arrival,Zurich,Heraklion,aegan,Landed,17:55,18:17,2024-10-26 17:55:00,2024-10-26 18:17:00,22.0
2024-10-26,arrival,Zurich,Corfu,edelweiss,Landed,18:05,18:28,2024-10-26 18:05:00,2024-10-26 18:28:00,23.0
2024-10-26,arrival,Zurich,Shanghai,swiss,Landed,18:15,17:58,2024-10-26 18:15:00,2024-10-26 17:58:00,-17.0
2024-10-26,arrival,Zurich,Riga,baltic,Landed,18:20,18:19,2024-10-26 18:20:00,2024-10-26 18:19:00,-1.0
2024-10-26,arrival,Zurich,Helsinki,finnair,Landed,18:20,18:10,2024-10-26 18:20:00,2024-10-26 18:10:00,-10.0
2024-10-26,arrival,Zurich,Stockholm,swiss,Landed,18:20,19:16,2024-10-26 18:20:00,2024-10-26 19:16:00,56.0
2024-10-26,arrival,Zurich,Tokyo,swiss,Landed,18:20,18:46,2024-10-26 18:20:00,2024-10-26 18:46:00,26.0
2024-10-26,arrival,Zurich,Gran Canaria,edelweiss,Landed,18:25,19:33,2024-10-26 18:25:00,2024-10-26 19:33:00,68.0
2024-10-26,arrival,Zurich,Marsa Alam,cairo,Landed,18:30,18:28,2024-10-26 18:30:00,2024-10-26 18:28:00,-2.0
2024-10-26,arrival,Zurich,Athens,swiss,Landed,18:35,18:36,2024-10-26 18:35:00,2024-10-26 18:36:00,1.0
2024-10-26,arrival,Zurich,Antalya,sun,Landed,18:35,18:51,2024-10-26 18:35:00,2024-10-26 18:51:00,16.0
2024-10-26,arrival,Zurich,Madrid,iberia,Landed,18:55,19:00,2024-10-26 18:55:00,2024-10-26 19:00:00,5.0
2024-10-26,arrival,Zurich,Fuerteventura,edelweiss,Landed,15:00,15:05,2024-10-26 15:00:00,2024-10-26 15:05:00,5.0
2024-10-26,arrival,Zurich,Istanbul SAW,pegasus,Landed,15:00,14:52,2024-10-26 15:00:00,2024-10-26 14:52:00,-8.0
2024-10-26,arrival,Zurich,Thessaloniki,swiss,Landed,15:05,15:01,2024-10-26 15:05:00,2024-10-26 15:01:00,-4.0
2024-10-26,arrival,Zurich,Porto,easyjet,Landed,15:15,15:42,2024-10-26 15:15:00,2024-10-26 15:42:00,27.0
2024-10-26,arrival,Zurich,Split,edelweiss,Landed,15:20,15:08,2024-10-26 15:20:00,2024-10-26 15:08:00,-12.0
2024-10-26,arrival,Zurich,Los Angeles,swiss,Landed,15:40,15:13,2024-10-26 15:40:00,2024-10-26 15:13:00,-27.0
2024-10-26,arrival,Zurich,Tenerife,edelweiss,Landed,15:40,16:13,2024-10-26 15:40:00,2024-10-26 16:13:00,33.0
2024-10-26,arrival,Zurich,Milan MXP,swiss,Landed,15:45,15:56,2024-10-26 15:45:00,2024-10-26 15:56:00,11.0
2024-10-26,arrival,Zurich,Stockholm,swiss,Landed,15:45,15:35,2024-10-26 15:45:00,2024-10-26 15:35:00,-10.0
2024-10-26,arrival,Zurich,Porto,swiss,Landed,15:45,15:37,2024-10-26 15:45:00,2024-10-26 15:37:00,-8.0
2024-10-26,arrival,Zurich,Ljubljana,swiss,Landed,15:45,15:51,2024-10-26 15:45:00,2024-10-26 15:51:00,6.0
2024-10-26,arrival,Zurich,Vienna,swiss,Landed,15:50,15:44,2024-10-26 15:50:00,2024-10-26 15:44:00,-6.0
2024-10-26,arrival,Zurich,Bologna,swiss,Landed,15:50,15:37,2024-10-26 15:50:00,2024-10-26 15:37:00,-13.0
2024-10-26,arrival,Zurich,Geneva,swiss,Landed,15:50,15:58,2024-10-26 15:50:00,2024-10-26 15:58:00,8.0
2024-10-26,arrival,Zurich,San Francisco,swiss,Landed,15:50,15:04,2024-10-26 15:50:00,2024-10-26 15:04:00,-46.0
2024-10-26,arrival,Zurich,Malaga,swiss,Landed,15:55,16:04,2024-10-26 15:55:00,2024-10-26 16:04:00,9.0
2024-10-26,arrival,Zurich,Hurghada,edelweiss,Landed,15:55,15:40,2024-10-26 15:55:00,2024-10-26 15:40:00,-15.0
2024-10-26,arrival,Zurich,Frankfurt FRA,swiss,Landed,15:55,15:54,2024-10-26 15:55:00,2024-10-26 15:54:00,-1.0
2024-10-26,arrival,Zurich,Amsterdam,swiss,Landed,16:00,16:06,2024-10-26 16:00:00,2024-10-26 16:06:00,6.0
2024-10-26,arrival,Zurich,Marseille,swiss,Landed,16:00,16:16,2024-10-26 16:00:00,2024-10-26 16:16:00,16.0
2024-10-26,arrival,Zurich,Düsseldorf,swiss,Landed,16:00,16:21,2024-10-26 16:00:00,2024-10-26 16:21:00,21.0
2024-10-26,arrival,Zurich,Venice,swiss,Landed,16:05,16:30,2024-10-26 16:05:00,2024-10-26 16:30:00,25.0
2024-10-26,arrival,Zurich,Nice,swiss,Landed,16:05,16:03,2024-10-26 16:05:00,2024-10-26 16:03:00,-2.0
2024-10-26,arrival,Zurich,Palma De Mallorca,chair,Cancelled,16:10,16:10,2024-10-26 16:10:00,2024-10-26 16:10:00,0.0
2024-10-26,arrival,Zurich,Florence,swiss,Landed,16:10,16:14,2024-10-26 16:10:00,2024-10-26 16:14:00,4.0
2024-10-26,arrival,Zurich,Dublin,swiss,Landed,16:15,15:58,2024-10-26 16:15:00,2024-10-26 15:58:00,-17.0
2024-10-26,arrival,Zurich,Athens,swiss,Landed,16:15,16:10,2024-10-26 16:15:00,2024-10-26 16:10:00,-5.0
2024-10-26,arrival,Zurich,Prague,swiss,Landed,16:15,16:52,2024-10-26 16:15:00,2024-10-26 16:52:00,37.0
2024-10-26,arrival,Zurich,Munich,lufthansa_neu,Landed,16:20,16:42,2024-10-26 16:20:00,2024-10-26 16:42:00,22.0
2024-10-26,arrival,Zurich,Berlin,swiss,Landed,16:20,16:22,2024-10-26 16:20:00,2024-10-26 16:22:00,2.0
2024-10-26,arrival,Zurich,Brussels,swiss,Landed,16:20,16:36,2024-10-26 16:20:00,2024-10-26 16:36:00,16.0
2024-10-26,arrival,Zurich,Paris CDG,swiss,Landed,16:20,17:09,2024-10-26 16:20:00,2024-10-26 17:09:00,49.0
2024-10-26,arrival,Zurich,Budapest,swiss,Landed,16:25,16:22,2024-10-26 16:25:00,2024-10-26 16:22:00,-3.0
2024-10-26,arrival,Zurich,Hamburg,swiss,Landed,16:25,16:39,2024-10-26 16:25:00,2024-10-26 16:39:00,14.0
2024-10-26,arrival,Zurich,Oslo OSL,swiss,Landed,16:25,16:43,2024-10-26 16:25:00,2024-10-26 16:43:00,18.0
2024-10-26,arrival,Zurich,Hurghada,chair,Landed,16:30,16:45,2024-10-26 16:30:00,2024-10-26 16:45:00,15.0
2024-10-26,arrival,Zurich,Naples,swiss,Landed,16:30,17:01,2024-10-26 16:30:00,2024-10-26 17:01:00,31.0
2024-10-26,arrival,Zurich,London LHR,swiss,Landed,16:30,17:02,2024-10-26 16:30:00,2024-10-26 17:02:00,32.0
2024-10-26,arrival,Zurich,Nantes,swiss,Landed,16:35,16:58,2024-10-26 16:35:00,2024-10-26 16:58:00,23.0
2024-10-26,arrival,Zurich,Belgrade,swiss,Landed,16:35,16:38,2024-10-26 16:35:00,2024-10-26 16:38:00,3.0
2024-10-26,arrival,Zurich,Palermo,swiss,Landed,16:35,16:38,2024-10-26 16:35:00,2024-10-26 16:38:00,3.0
2024-10-26,arrival,Zurich,Amsterdam,swiss,Landed,16:35,16:31,2024-10-26 16:35:00,2024-10-26 16:31:00,-4.0
2024-10-26,arrival,Zurich,Lisbon,swiss,Landed,16:40,16:59,2024-10-26 16:40:00,2024-10-26 16:59:00,19.0
2024-10-26,arrival,Zurich,Barcelona,swiss,Landed,16:40,17:08,2024-10-26 16:40:00,2024-10-26 17:08:00,28.0
2024-10-26,arrival,Zurich,Bordeaux,swiss,Landed,16:40,17:16,2024-10-26 16:40:00,2024-10-26 17:16:00,36.0
2024-10-26,arrival,Zurich,Malta,km_malta_airlines,Landed,16:45,16:46,2024-10-26 16:45:00,2024-10-26 16:46:00,1.0
2024-10-26,arrival,Zurich,Amsterdam,klm,Landed,16:45,16:55,2024-10-26 16:45:00,2024-10-26 16:55:00,10.0
2024-10-26,arrival,Zurich,Rome FCO,swiss,Landed,16:45,17:08,2024-10-26 16:45:00,2024-10-26 17:08:00,23.0
2024-10-26,arrival,Zurich,Brindisi,swiss,Cancelled,16:45,16:45,2024-10-26 16:45:00,2024-10-26 16:45:00,0.0
2024-10-26,arrival,Zurich,Warsaw,swiss,Landed,16:50,16:53,2024-10-26 16:50:00,2024-10-26 16:53:00,3.0
2024-10-26,arrival,Zurich,Seoul,swiss,Landed,16:50,16:44,2024-10-26 16:50:00,2024-10-26 16:44:00,-6.0
2024-10-26,arrival,Zurich,Copenhagen,swiss,Landed,16:55,17:04,2024-10-26 16:55:00,2024-10-26 17:04:00,9.0
2024-10-26,arrival,Zurich,Palma De Mallorca,swiss,Landed,16:55,19:23,2024-10-26 16:55:00,2024-10-26 19:23:00,148.0
2024-10-26,arrival,Zurich,Gothenburg,swiss,Landed,16:55,16:57,2024-10-26 16:55:00,2024-10-26 16:57:00,2.0
2024-10-26,arrival,Zurich,Reykjavík,iceland,Landed,13:05,13:00,2024-10-26 13:05:00,2024-10-26 13:00:00,-5.0
2024-10-26,arrival,Zurich,Palma De Mallorca,vueling,Landed,13:05,15:16,2024-10-26 13:05:00,2024-10-26 15:16:00,131.0
2024-10-26,arrival,Zurich,Antalya,edelweiss,Landed,13:10,13:36,2024-10-26 13:10:00,2024-10-26 13:36:00,26.0
2024-10-26,arrival,Zurich,Palma De Mallorca,edelweiss,Landed,13:15,15:16,2024-10-26 13:15:00,2024-10-26 15:16:00,121.0
2024-10-26,arrival,Zurich,Dubai DXB,emirates-neu,Landed,13:20,13:50,2024-10-26 13:20:00,2024-10-26 13:50:00,30.0
2024-10-26,arrival,Zurich,Amsterdam,klm,Landed,13:45,13:47,2024-10-26 13:45:00,2024-10-26 13:47:00,2.0
2024-10-26,arrival,Zurich,Paris CDG,airfrance,Landed,13:45,13:29,2024-10-26 13:45:00,2024-10-26 13:29:00,-16.0
2024-10-26,arrival,Zurich,Palma De Mallorca,swiss,Landed,13:50,16:50,2024-10-26 13:50:00,2024-10-26 16:50:00,180.0
2024-10-26,arrival,Zurich,Cairo,egypt-air,Landed,13:55,13:58,2024-10-26 13:55:00,2024-10-26 13:58:00,3.0
2024-10-26,arrival,Zurich,Frankfurt FRA,lufthansa_neu,Landed,14:00,13:59,2024-10-26 14:00:00,2024-10-26 13:59:00,-1.0
2024-10-26,arrival,Zurich,Doha,qatar,Landed,14:00,14:18,2024-10-26 14:00:00,2024-10-26 14:18:00,18.0
2024-10-26,arrival,Zurich,Istanbul IST,turkish,Landed,14:05,15:31,2024-10-26 14:05:00,2024-10-26 15:31:00,86.0
2024-10-26,arrival,Zurich,Vienna,austrian,Landed,14:20,14:22,2024-10-26 14:20:00,2024-10-26 14:22:00,2.0
2024-10-26,arrival,Zurich,Belgrade,serbia,Landed,14:25,14:17,2024-10-26 14:25:00,2024-10-26 14:17:00,-8.0
2024-10-26,arrival,Zurich,Heraklion,edelweiss,Landed,14:25,14:33,2024-10-26 14:25:00,2024-10-26 14:33:00,8.0
2024-10-26,arrival,Zurich,Valencia,swiss,Landed,14:30,16:30,2024-10-26 14:30:00,2024-10-26 16:30:00,120.0
2024-10-26,arrival,Zurich,Larnaca,edelweiss,Landed,14:35,14:46,2024-10-26 14:35:00,2024-10-26 14:46:00,11.0
2024-10-26,arrival,Zurich,London LHR,swiss,Landed,14:45,15:09,2024-10-26 14:45:00,2024-10-26 15:09:00,24.0
2024-10-26,arrival,Zurich,Larnaca,chair,Landed,14:45,14:40,2024-10-26 14:45:00,2024-10-26 14:40:00,-5.0
2024-10-26,arrival,Zurich,Palma De Mallorca,swiss,Landed,14:45,17:47,2024-10-26 14:45:00,2024-10-26 17:47:00,182.0
2024-10-26,arrival,Zurich,London LCY,swiss,Landed,14:50,14:49,2024-10-26 14:50:00,2024-10-26 14:49:00,-1.0
2024-10-26,arrival,Zurich,Madeira,edelweiss,Landed,14:50,15:03,2024-10-26 14:50:00,2024-10-26 15:03:00,13.0
2024-10-26,arrival,Zurich,Porto,tap,Landed,14:55,14:45,2024-10-26 14:55:00,2024-10-26 14:45:00,-10.0
2024-10-26,arrival,Zurich,Hamburg,swiss,Landed,11:00,11:18,2024-10-26 11:00:00,2024-10-26 11:18:00,18.0
2024-10-26,arrival,Zurich,Hanover,swiss,Landed,11:00,11:07,2024-10-26 11:00:00,2024-10-26 11:07:00,7.0
2024-10-26,arrival,Zurich,Catania,edelweiss,Landed,11:00,11:17,2024-10-26 11:00:00,2024-10-26 11:17:00,17.0
2024-10-26,arrival,Zurich,Paris CDG,swiss,Landed,11:05,11:33,2024-10-26 11:05:00,2024-10-26 11:33:00,28.0
2024-10-26,arrival,Zurich,Brussels,swiss,Landed,11:05,11:07,2024-10-26 11:05:00,2024-10-26 11:07:00,2.0
2024-10-26,arrival,Zurich,Madrid,iberia,Landed,11:05,10:57,2024-10-26 11:05:00,2024-10-26 10:57:00,-8.0
2024-10-26,arrival,Zurich,Amsterdam,klm,Landed,11:05,11:31,2024-10-26 11:05:00,2024-10-26 11:31:00,26.0
2024-10-26,arrival,Zurich,Berlin,swiss,Landed,11:10,11:07,2024-10-26 11:10:00,2024-10-26 11:07:00,-3.0
2024-10-26,arrival,Zurich,Krakow,swiss,Landed,11:10,11:10,2024-10-26 11:10:00,2024-10-26 11:10:00,0.0
2024-10-26,arrival,Zurich,Boston,swiss,Landed,11:10,10:50,2024-10-26 11:10:00,2024-10-26 10:50:00,-20.0
2024-10-26,arrival,Zurich,Sarajevo,swiss,Landed,11:10,11:59,2024-10-26 11:10:00,2024-10-26 11:59:00,49.0
2024-10-26,arrival,Zurich,Florence,swiss,Landed,11:15,11:14,2024-10-26 11:15:00,2024-10-26 11:14:00,-1.0
2024-10-26,arrival,Zurich,Amsterdam,swiss,Landed,11:15,11:57,2024-10-26 11:15:00,2024-10-26 11:57:00,42.0
2024-10-26,arrival,Zurich,Rome FCO,swiss,Landed,11:20,11:53,2024-10-26 11:20:00,2024-10-26 11:53:00,33.0
2024-10-26,arrival,Zurich,Budapest,swiss,Landed,11:20,11:26,2024-10-26 11:20:00,2024-10-26 11:26:00,6.0
2024-10-26,arrival,Zurich,Naples,swiss,Landed,11:20,11:28,2024-10-26 11:20:00,2024-10-26 11:28:00,8.0
2024-10-26,arrival,Zurich,Barcelona,swiss,Landed,11:25,12:21,2024-10-26 11:25:00,2024-10-26 12:21:00,56.0
2024-10-26,arrival,Zurich,Bari,edelweiss,Landed,11:25,11:20,2024-10-26 11:25:00,2024-10-26 11:20:00,-5.0
2024-10-26,arrival,Zurich,Belgrade,swiss,Landed,11:30,11:25,2024-10-26 11:30:00,2024-10-26 11:25:00,-5.0
2024-10-26,arrival,Zurich,Copenhagen,swiss,Landed,11:30,12:14,2024-10-26 11:30:00,2024-10-26 12:14:00,44.0
2024-10-26,arrival,Zurich,London LHR,swiss,Landed,11:35,11:44,2024-10-26 11:35:00,2024-10-26 11:44:00,9.0
2024-10-26,arrival,Zurich,Newark,swiss,Landed,11:35,11:37,2024-10-26 11:35:00,2024-10-26 11:37:00,2.0
2024-10-26,arrival,Zurich,Milan MXP,swiss,Landed,11:35,11:49,2024-10-26 11:35:00,2024-10-26 11:49:00,14.0
2024-10-26,arrival,Zurich,London LCY,swiss,Landed,11:40,12:38,2024-10-26 11:40:00,2024-10-26 12:38:00,58.0
2024-10-26,arrival,Zurich,Brindisi,swiss,Landed,11:40,11:27,2024-10-26 11:40:00,2024-10-26 11:27:00,-13.0
2024-10-26,arrival,Zurich,Gothenburg,swiss,Landed,11:40,11:38,2024-10-26 11:40:00,2024-10-26 11:38:00,-2.0
2024-10-26,arrival,Zurich,Geneva,swiss,Landed,11:45,11:43,2024-10-26 11:45:00,2024-10-26 11:43:00,-2.0
2024-10-26,arrival,Zurich,Palermo,swiss,Landed,11:45,11:42,2024-10-26 11:45:00,2024-10-26 11:42:00,-3.0
2024-10-26,arrival,Zurich,Palma De Mallorca,swiss,Landed,11:45,14:36,2024-10-26 11:45:00,2024-10-26 14:36:00,171.0
2024-10-26,arrival,Zurich,Pristina,edelweiss,Landed,11:45,11:56,2024-10-26 11:45:00,2024-10-26 11:56:00,11.0
2024-10-26,arrival,Zurich,Stuttgart,swiss,Landed,11:50,12:26,2024-10-26 11:50:00,2024-10-26 12:26:00,36.0
2024-10-26,arrival,Zurich,Manchester,swiss,Landed,11:50,12:03,2024-10-26 11:50:00,2024-10-26 12:03:00,13.0
2024-10-26,arrival,Zurich,Nice,swiss,Landed,11:50,12:11,2024-10-26 11:50:00,2024-10-26 12:11:00,21.0
2024-10-26,arrival,Zurich,Venice,swiss,Landed,11:55,11:42,2024-10-26 11:55:00,2024-10-26 11:42:00,-13.0
2024-10-26,arrival,Zurich,Alicante,swiss,Landed,11:55,12:13,2024-10-26 11:55:00,2024-10-26 12:13:00,18.0
2024-10-26,arrival,Zurich,Malta,swiss,Landed,11:55,11:53,2024-10-26 11:55:00,2024-10-26 11:53:00,-2.0
2024-10-26,arrival,Zurich,Ibiza,edelweiss,Landed,12:00,12:03,2024-10-26 12:00:00,2024-10-26 12:03:00,3.0
2024-10-26,arrival,Zurich,Sofia,swiss,Landed,12:05,12:05,2024-10-26 12:05:00,2024-10-26 12:05:00,0.0
2024-10-26,arrival,Zurich,Geneva,swiss,Landed,12:05,11:59,2024-10-26 12:05:00,2024-10-26 11:59:00,-6.0
2024-10-26,arrival,Zurich,Hamburg,swiss,Landed,12:10,12:04,2024-10-26 12:10:00,2024-10-26 12:04:00,-6.0
2024-10-26,arrival,Zurich,Porto,swiss,Landed,12:10,12:31,2024-10-26 12:10:00,2024-10-26 12:31:00,21.0
2024-10-26,arrival,Zurich,Berlin,swiss,Landed,12:15,12:16,2024-10-26 12:15:00,2024-10-26 12:16:00,1.0
2024-10-26,arrival,Zurich,Vienna,austrian,Landed,12:15,12:18,2024-10-26 12:15:00,2024-10-26 12:18:00,3.0
2024-10-26,arrival,Zurich,Madrid,swiss,Landed,12:25,12:22,2024-10-26 12:25:00,2024-10-26 12:22:00,-3.0
2024-10-26,arrival,Zurich,Lisbon,tap,Landed,12:25,13:49,2024-10-26 12:25:00,2024-10-26 13:49:00,84.0
2024-10-26,arrival,Zurich,Munich,lufthansa_neu,Landed,12:40,13:05,2024-10-26 12:40:00,2024-10-26 13:05:00,25.0
2024-10-26,arrival,Zurich,Malaga,swiss,Landed,09:10,08:54,2024-10-26 09:10:00,2024-10-26 08:54:00,-16.0
2024-10-26,arrival,Zurich,Madrid,europa,Landed,09:20,09:12,2024-10-26 09:20:00,2024-10-26 09:12:00,-8.0
2024-10-26,arrival,Zurich,Tunis,tunis,Landed,09:35,10:37,2024-10-26 09:35:00,2024-10-26 10:37:00,62.0
2024-10-26,arrival,Zurich,Izmir,sun,Landed,09:35,11:08,2024-10-26 09:35:00,2024-10-26 11:08:00,93.0
2024-10-26,arrival,Zurich,Bilbao,vueling,Landed,09:40,09:21,2024-10-26 09:40:00,2024-10-26 09:21:00,-19.0
2024-10-26,arrival,Zurich,Warsaw,lot,Landed,09:40,09:40,2024-10-26 09:40:00,2024-10-26 09:40:00,0.0
2024-10-26,arrival,Zurich,Frankfurt FRA,swiss,Landed,09:45,10:14,2024-10-26 09:45:00,2024-10-26 10:14:00,29.0
2024-10-26,arrival,Zurich,Helsinki,finnair,Landed,09:45,09:33,2024-10-26 09:45:00,2024-10-26 09:33:00,-12.0
2024-10-26,arrival,Zurich,London LGW,easyjet,Landed,09:50,09:53,2024-10-26 09:50:00,2024-10-26 09:53:00,3.0
2024-10-26,arrival,Zurich,Istanbul IST,turkish,Landed,09:55,09:46,2024-10-26 09:55:00,2024-10-26 09:46:00,-9.0
2024-10-26,arrival,Zurich,Lisbon,swiss,Landed,09:55,09:37,2024-10-26 09:55:00,2024-10-26 09:37:00,-18.0
2024-10-26,arrival,Zurich,San Jose,edelweiss,Landed,10:00,10:02,2024-10-26 10:00:00,2024-10-26 10:02:00,2.0
2024-10-26,arrival,Zurich,Munich,swiss,Landed,10:00,10:33,2024-10-26 10:00:00,2024-10-26 10:33:00,33.0
2024-10-26,arrival,Zurich,Antalya,pegasus,Landed,10:05,09:46,2024-10-26 10:05:00,2024-10-26 09:46:00,-19.0
2024-10-26,arrival,Zurich,Luxembourg,swiss,Landed,10:10,10:11,2024-10-26 10:10:00,2024-10-26 10:11:00,1.0
2024-10-26,arrival,Zurich,Palma De Mallorca,euro,Landed,10:10,10:26,2024-10-26 10:10:00,2024-10-26 10:26:00,16.0
2024-10-26,arrival,Zurich,Athens,aegan,Landed,10:20,10:15,2024-10-26 10:20:00,2024-10-26 10:15:00,-5.0
2024-10-26,arrival,Zurich,San Francisco,united,Landed,10:20,10:00,2024-10-26 10:20:00,2024-10-26 10:00:00,-20.0
2024-10-26,arrival,Zurich,Toronto,canada,Landed,10:20,11:22,2024-10-26 10:20:00,2024-10-26 11:22:00,62.0
2024-10-26,arrival,Zurich,Istanbul SAW,ajet_logo,Landed,10:25,10:09,2024-10-26 10:25:00,2024-10-26 10:09:00,-16.0
2024-10-26,arrival,Zurich,Paris CDG,airfrance,Landed,10:25,10:22,2024-10-26 10:25:00,2024-10-26 10:22:00,-3.0
2024-10-26,arrival,Zurich,New York,swiss,Landed,10:25,09:56,2024-10-26 10:25:00,2024-10-26 09:56:00,-29.0
2024-10-26,arrival,Zurich,Istanbul SAW,pegasus,Landed,10:35,10:20,2024-10-26 10:35:00,2024-10-26 10:20:00,-15.0
2024-10-26,arrival,Zurich,New York,delta,Landed,10:35,10:17,2024-10-26 10:35:00,2024-10-26 10:17:00,-18.0
2024-10-26,arrival,Zurich,Sao Paulo,swiss,Landed,10:40,10:39,2024-10-26 10:40:00,2024-10-26 10:39:00,-1.0
2024-10-26,arrival,Zurich,Cagliari,edelweiss,Landed,10:40,10:47,2024-10-26 10:40:00,2024-10-26 10:47:00,7.0
2024-10-26,arrival,Zurich,Frankfurt FRA,lufthansa_neu,Landed,10:40,11:20,2024-10-26 10:40:00,2024-10-26 11:20:00,40.0
2024-10-26,arrival,Zurich,Tampa,edelweiss,Landed,10:45,10:52,2024-10-26 10:45:00,2024-10-26 10:52:00,7.0
2024-10-26,arrival,Zurich,Pristina,chair,Landed,10:45,10:48,2024-10-26 10:45:00,2024-10-26 10:48:00,3.0
2024-10-26,arrival,Zurich,Zagreb,croatia_v2,Landed,10:45,10:42,2024-10-26 10:45:00,2024-10-26 10:42:00,-3.0
2024-10-26,arrival,Zurich,Chicago,swiss,Landed,10:50,10:27,2024-10-26 10:50:00,2024-10-26 10:27:00,-23.0
2024-10-26,arrival,Zurich,Miami,swiss,Landed,10:50,10:48,2024-10-26 10:50:00,2024-10-26 10:48:00,-2.0
2024-10-26,arrival,Zurich,Washington,swiss,Landed,10:50,10:25,2024-10-26 10:50:00,2024-10-26 10:25:00,-25.0
2024-10-26,arrival,Zurich,Geneva,swiss,Landed,10:55,10:55,2024-10-26 10:55:00,2024-10-26 10:55:00,0.0
2024-10-26,arrival,Zurich,Prague,swiss,Landed,10:55,11:12,2024-10-26 10:55:00,2024-10-26 11:12:00,17.0
2024-10-26,arrival,Zurich,Vienna,swiss,Landed,10:55,11:00,2024-10-26 10:55:00,2024-10-26 11:00:00,5.0
2024-10-26,arrival,Zurich,Düsseldorf,swiss,Landed,10:55,11:03,2024-10-26 10:55:00,2024-10-26 11:03:00,8.0
2024-10-26,arrival,Zurich,Abu Dhabi,etihad,Landed,07:25,07:30,2024-10-26 07:25:00,2024-10-26 07:30:00,5.0
2024-10-26,arrival,Zurich,Florence,swiss,Landed,07:25,07:10,2024-10-26 07:25:00,2024-10-26 07:10:00,-15.0
2024-10-26,arrival,Zurich,Frankfurt FRA,lufthansa_neu,Landed,07:35,07:37,2024-10-26 07:35:00,2024-10-26 07:37:00,2.0
2024-10-26,arrival,Zurich,Vilnius,swiss,Landed,07:40,07:35,2024-10-26 07:40:00,2024-10-26 07:35:00,-5.0
2024-10-26,arrival,Zurich,Barcelona,swiss,Landed,07:40,07:32,2024-10-26 07:40:00,2024-10-26 07:32:00,-8.0
2024-10-26,arrival,Zurich,Chicago,united,Landed,07:45,07:00,2024-10-26 07:45:00,2024-10-26 07:00:00,-45.0
2024-10-26,arrival,Zurich,Prague,swiss,Landed,07:45,07:29,2024-10-26 07:45:00,2024-10-26 07:29:00,-16.0
2024-10-26,arrival,Zurich,Bangkok,thai,Landed,07:50,08:23,2024-10-26 07:50:00,2024-10-26 08:23:00,33.0
2024-10-26,arrival,Zurich,Bucharest,swiss,Landed,07:50,07:56,2024-10-26 07:50:00,2024-10-26 07:56:00,6.0
2024-10-26,arrival,Zurich,Doha,qatar,Landed,07:55,08:12,2024-10-26 07:55:00,2024-10-26 08:12:00,17.0
2024-10-26,arrival,Zurich,Geneva,swiss,Landed,07:55,07:51,2024-10-26 07:55:00,2024-10-26 07:51:00,-4.0
2024-10-26,arrival,Zurich,Rome FCO,swiss,Landed,07:55,07:40,2024-10-26 07:55:00,2024-10-26 07:40:00,-15.0
2024-10-26,arrival,Zurich,Paris CDG,swiss,Landed,08:00,07:59,2024-10-26 08:00:00,2024-10-26 07:59:00,-1.0
2024-10-26,arrival,Zurich,Addis Ababavia Milan,ethiopianairlineslogosvg,Landed,08:00,08:32,2024-10-26 08:00:00,2024-10-26 08:32:00,32.0
2024-10-26,arrival,Zurich,Düsseldorf,euro,Landed,08:00,08:05,2024-10-26 08:00:00,2024-10-26 08:05:00,5.0
2024-10-26,arrival,Zurich,Vienna,austrian,Landed,08:05,08:03,2024-10-26 08:05:00,2024-10-26 08:03:00,-2.0
2024-10-26,arrival,Zurich,Washington,united,Landed,08:05,08:01,2024-10-26 08:05:00,2024-10-26 08:01:00,-4.0
2024-10-26,arrival,Zurich,Venice,swiss,Landed,08:05,08:10,2024-10-26 08:05:00,2024-10-26 08:10:00,5.0
2024-10-26,arrival,Zurich,Hurghada,edelweiss,Landed,08:05,08:07,2024-10-26 08:05:00,2024-10-26 08:07:00,2.0
2024-10-26,arrival,Zurich,Valencia,swiss,Landed,08:10,07:55,2024-10-26 08:10:00,2024-10-26 07:55:00,-15.0
2024-10-26,arrival,Zurich,Newark,united,Landed,08:15,07:50,2024-10-26 08:15:00,2024-10-26 07:50:00,-25.0
2024-10-26,arrival,Zurich,Singapore,singapore,Landed,08:15,09:04,2024-10-26 08:15:00,2024-10-26 09:04:00,49.0
2024-10-26,arrival,Zurich,Hamburg,euro,Landed,08:25,09:13,2024-10-26 08:25:00,2024-10-26 09:13:00,48.0
2024-10-26,arrival,Zurich,Amsterdam,swiss,Landed,08:25,08:32,2024-10-26 08:25:00,2024-10-26 08:32:00,7.0
2024-10-26,arrival,Zurich,Berlin,swiss,Landed,08:35,08:44,2024-10-26 08:35:00,2024-10-26 08:44:00,9.0
2024-10-26,arrival,Zurich,Amsterdam,klm,Landed,08:35,08:27,2024-10-26 08:35:00,2024-10-26 08:27:00,-8.0
2024-10-26,arrival,Zurich,Munich,lufthansa_neu,Landed,08:40,08:57,2024-10-26 08:40:00,2024-10-26 08:57:00,17.0
2024-10-26,arrival,Zurich,London LHR,swiss,Landed,08:40,08:43,2024-10-26 08:40:00,2024-10-26 08:43:00,3.0
2024-10-26,arrival,Zurich,Belgrade,serbia,Landed,08:45,08:40,2024-10-26 08:45:00,2024-10-26 08:40:00,-5.0
2024-10-26,arrival,Zurich,Frankfurt FRA,lufthansa_neu,Landed,08:45,08:52,2024-10-26 08:45:00,2024-10-26 08:52:00,7.0
2024-10-26,arrival,Zurich,Stockholm,swiss,Landed,08:45,08:38,2024-10-26 08:45:00,2024-10-26 08:38:00,-7.0
2024-10-26,arrival,Zurich,Athens,swiss,Landed,08:45,08:30,2024-10-26 08:45:00,2024-10-26 08:30:00,-15.0
2024-10-26,arrival,Zurich,Oslo OSL,swiss,Landed,08:50,09:02,2024-10-26 08:50:00,2024-10-26 09:02:00,12.0
2024-10-26,arrival,Zurich,Antalya,sun,Landed,08:50,08:46,2024-10-26 08:50:00,2024-10-26 08:46:00,-4.0
2024-10-26,arrival,Zurich,Barcelona,vueling,Landed,08:55,08:36,2024-10-26 08:55:00,2024-10-26 08:36:00,-19.0
2024-10-26,arrival,Zurich,Philadelphia,american,Landed,08:55,08:49,2024-10-26 08:55:00,2024-10-26 08:49:00,-6.0
2024-10-26,arrival,Zurich,Dubai DXB,swiss,Landed,06:10,06:16,2024-10-26 06:10:00,2024-10-26 06:16:00,6.0
2024-10-26,arrival,Zurich,Montreal,swiss,Landed,06:10,06:10,2024-10-26 06:10:00,2024-10-26 06:10:00,0.0
2024-10-26,arrival,Zurich,New York,swiss,Landed,06:10,06:08,2024-10-26 06:10:00,2024-10-26 06:08:00,-2.0
2024-10-26,arrival,Zurich,Singapore,swiss,Landed,06:15,06:40,2024-10-26 06:15:00,2024-10-26 06:40:00,25.0
2024-10-26,arrival,Zurich,Mumbai,swiss,Landed,06:15,06:34,2024-10-26 06:15:00,2024-10-26 06:34:00,19.0
2024-10-26,arrival,Zurich,Johannesburg,swiss,Landed,06:15,06:18,2024-10-26 06:15:00,2024-10-26 06:18:00,3.0
2024-10-26,arrival,Zurich,Hong Kong,swiss,Landed,06:15,06:20,2024-10-26 06:15:00,2024-10-26 06:20:00,5.0
2024-10-26,arrival,Zurich,Delhi,swiss,Landed,06:20,06:42,2024-10-26 06:20:00,2024-10-26 06:42:00,22.0
2024-10-26,arrival,Zurich,Boston,swiss,Landed,06:20,06:14,2024-10-26 06:20:00,2024-10-26 06:14:00,-6.0
2024-10-26,arrival,Zurich,Toronto,swiss,Landed,06:25,06:22,2024-10-26 06:25:00,2024-10-26 06:22:00,-3.0
2024-10-26,arrival,Zurich,Cairo,swiss,Landed,06:30,06:24,2024-10-26 06:30:00,2024-10-26 06:24:00,-6.0
2024-10-26,arrival,Zurich,Antalya,edelweiss,Landed,06:30,06:27,2024-10-26 06:30:00,2024-10-26 06:27:00,-3.0
2024-10-26,arrival,Zurich,Muscat,edelweiss,Landed,06:35,06:53,2024-10-26 06:35:00,2024-10-26 06:53:00,18.0
2024-10-26,arrival,Zurich,Geneva,swiss,Landed,06:45,06:51,2024-10-26 06:45:00,2024-10-26 06:51:00,6.0
2024-10-26,arrival,Zurich,Heraklion,edelweiss,Landed,06:55,06:43,2024-10-26 06:55:00,2024-10-26 06:43:00,-12.0
2024-10-26,arrival,Zurich,Milan MXP,swiss,Landed,06:55,06:47,2024-10-26 06:55:00,2024-10-26 06:47:00,-8.0
2024-10-26,departure,Zurich,Geneva,swiss,Departed,21:00,21:05,2024-10-26 21:00:00,2024-10-26 21:05:00,5.0
2024-10-26,departure,Zurich,Budapest,swiss,Departed,21:10,21:10,2024-10-26 21:10:00,2024-10-26 21:10:00,0.0
2024-10-26,departure,Zurich,Athens,swiss,Departed,21:10,21:15,2024-10-26 21:10:00,2024-10-26 21:15:00,5.0
2024-10-26,departure,Zurich,Lisbon,swiss,Departed,21:15,21:25,2024-10-26 21:15:00,2024-10-26 21:25:00,10.0
2024-10-26,departure,Zurich,Copenhagen,swiss,Departed,21:15,21:30,2024-10-26 21:15:00,2024-10-26 21:30:00,15.0
2024-10-26,departure,Zurich,Barcelona,vueling,Departed,21:20,21:45,2024-10-26 21:20:00,2024-10-26 21:45:00,25.0
2024-10-26,departure,Zurich,Stockholm,swiss,Departed,21:20,21:30,2024-10-26 21:20:00,2024-10-26 21:30:00,10.0
2024-10-26,departure,Zurich,Florence,swiss,Departed,21:25,21:25,2024-10-26 21:25:00,2024-10-26 21:25:00,0.0
2024-10-26,departure,Zurich,Ljubljana,swiss,Departed,21:25,21:25,2024-10-26 21:25:00,2024-10-26 21:25:00,0.0
2024-10-26,departure,Zurich,Addis Ababavia Milan,ethiopianairlineslogosvg,Departed,21:25,21:25,2024-10-26 21:25:00,2024-10-26 21:25:00,0.0
2024-10-26,departure,Zurich,Barcelona,swiss,Departed,21:25,22:36,2024-10-26 21:25:00,2024-10-26 22:36:00,71.0
2024-10-26,departure,Zurich,Berlin,swiss,Departed,21:30,21:40,2024-10-26 21:30:00,2024-10-26 21:40:00,10.0
2024-10-26,departure,Zurich,Bucharest,swiss,Departed,21:30,21:45,2024-10-26 21:30:00,2024-10-26 21:45:00,15.0
2024-10-26,departure,Zurich,Malaga,swiss,Departed,21:35,21:45,2024-10-26 21:35:00,2024-10-26 21:45:00,10.0
2024-10-26,departure,Zurich,Tallinn,swiss,Departed,21:35,21:50,2024-10-26 21:35:00,2024-10-26 21:50:00,15.0
2024-10-26,departure,Zurich,Muscat,oman,Departed,21:35,21:35,2024-10-26 21:35:00,2024-10-26 21:35:00,0.0
2024-10-26,departure,Zurich,Paris CDG,swiss,Departed,21:40,21:50,2024-10-26 21:40:00,2024-10-26 21:50:00,10.0
2024-10-26,departure,Zurich,Vilnius,swiss,Departed,21:45,21:50,2024-10-26 21:45:00,2024-10-26 21:50:00,5.0
2024-10-26,departure,Zurich,Hurghada,edelweiss,Departed,21:50,22:20,2024-10-26 21:50:00,2024-10-26 22:20:00,30.0
2024-10-26,departure,Zurich,Valencia,swiss,Departed,21:55,21:55,2024-10-26 21:55:00,2024-10-26 21:55:00,0.0
2024-10-26,departure,Zurich,London LGW,easyjet,Departed,21:55,21:55,2024-10-26 21:55:00,2024-10-26 21:55:00,0.0
2024-10-26,departure,Zurich,Izmir,sun,Departed,21:55,21:55,2024-10-26 21:55:00,2024-10-26 21:55:00,0.0
2024-10-26,departure,Zurich,Prague,swiss,Departed,22:00,22:00,2024-10-26 22:00:00,2024-10-26 22:00:00,0.0
2024-10-26,departure,Zurich,Larnaca,edelweiss,Departed,22:15,22:30,2024-10-26 22:15:00,2024-10-26 22:30:00,15.0
2024-10-26,departure,Zurich,Dubai DXB,emirates-neu,Departed,22:15,22:15,2024-10-26 22:15:00,2024-10-26 22:15:00,0.0
2024-10-26,departure,Zurich,Cairo,swiss,Departed,22:15,22:25,2024-10-26 22:15:00,2024-10-26 22:25:00,10.0
2024-10-26,departure,Zurich,Heraklion,edelweiss,Departed,22:35,22:45,2024-10-26 22:35:00,2024-10-26 22:45:00,10.0
2024-10-26,departure,Zurich,Mauritiusvia Mahe,edelweiss,Departed,22:35,22:55,2024-10-26 22:35:00,2024-10-26 22:55:00,20.0
2024-10-26,departure,Zurich,Sao Paulo,swiss,Departed,22:40,22:50,2024-10-26 22:40:00,2024-10-26 22:50:00,10.0
2024-10-26,departure,Zurich,Milan MXP,swiss,Departed,22:40,22:55,2024-10-26 22:40:00,2024-10-26 22:55:00,15.0
2024-10-26,departure,Zurich,Singapore,swiss,Departed,22:40,22:45,2024-10-26 22:40:00,2024-10-26 22:45:00,5.0
2024-10-26,departure,Zurich,Johannesburg,swiss,Departed,22:40,22:45,2024-10-26 22:40:00,2024-10-26 22:45:00,5.0
2024-10-26,departure,Zurich,Hong Kong,swiss,Departed,22:40,22:55,2024-10-26 22:40:00,2024-10-26 22:55:00,15.0
2024-10-26,departure,Zurich,Geneva,swiss,Departed,22:45,22:50,2024-10-26 22:45:00,2024-10-26 22:50:00,5.0
2024-10-26,departure,Zurich,Riga,baltic,Departed,19:00,19:10,2024-10-26 19:00:00,2024-10-26 19:10:00,10.0
2024-10-26,departure,Zurich,Helsinki,finnair,Departed,19:05,19:05,2024-10-26 19:05:00,2024-10-26 19:05:00,0.0
2024-10-26,departure,Zurich,Frankfurt FRA,swiss,Departed,19:10,19:45,2024-10-26 19:10:00,2024-10-26 19:45:00,35.0
2024-10-26,departure,Zurich,Seoul,korean,Departed,19:15,19:15,2024-10-26 19:15:00,2024-10-26 19:15:00,0.0
2024-10-26,departure,Zurich,Munich,swiss,Departed,19:25,19:25,2024-10-26 19:25:00,2024-10-26 19:25:00,0.0
2024-10-26,departure,Zurich,Antalya,sun,Departed,19:30,19:40,2024-10-26 19:30:00,2024-10-26 19:40:00,10.0
2024-10-26,departure,Zurich,Marsa Alam,cairo,Departed,19:30,19:30,2024-10-26 19:30:00,2024-10-26 19:30:00,0.0
2024-10-26,departure,Zurich,Madrid,iberia,Departed,19:40,19:45,2024-10-26 19:40:00,2024-10-26 19:45:00,5.0
2024-10-26,departure,Zurich,Warsaw,lot,Departed,19:50,20:05,2024-10-26 19:50:00,2024-10-26 20:05:00,15.0
2024-10-26,departure,Zurich,Frankfurt FRA,lufthansa_neu,Departed,20:00,20:18,2024-10-26 20:00:00,2024-10-26 20:18:00,18.0
2024-10-26,departure,Zurich,Zagreb,croatia_v2,Departed,20:05,20:00,2024-10-26 20:05:00,2024-10-26 20:00:00,-5.0
2024-10-26,departure,Zurich,Munich,lufthansa_neu,Departed,20:15,20:15,2024-10-26 20:15:00,2024-10-26 20:15:00,0.0
2024-10-26,departure,Zurich,Pristina,gp-aviation,Departed,20:20,20:20,2024-10-26 20:20:00,2024-10-26 20:20:00,0.0
2024-10-26,departure,Zurich,Malé,edelweiss,Departed,20:40,22:00,2024-10-26 20:40:00,2024-10-26 22:00:00,80.0
2024-10-26,departure,Zurich,Amsterdam,swiss,Departed,20:40,21:00,2024-10-26 20:40:00,2024-10-26 21:00:00,20.0
2024-10-26,departure,Zurich,Belgrade,serbia,Departed,20:45,20:45,2024-10-26 20:45:00,2024-10-26 20:45:00,0.0
2024-10-26,departure,Zurich,Vienna,austrian,Departed,20:50,21:25,2024-10-26 20:50:00,2024-10-26 21:25:00,35.0
2024-10-26,departure,Zurich,London LHR,swiss,Departed,20:55,20:55,2024-10-26 20:55:00,2024-10-26 20:55:00,0.0
2024-10-26,departure,Zurich,Hamburg,swiss,Departed,17:00,17:10,2024-10-26 17:00:00,2024-10-26 17:10:00,10.0
2024-10-26,departure,Zurich,Palermo,swiss,Departed,17:00,17:15,2024-10-26 17:00:00,2024-10-26 17:15:00,15.0
2024-10-26,departure,Zurich,Düsseldorf,swiss,Departed,17:00,17:10,2024-10-26 17:00:00,2024-10-26 17:10:00,10.0
2024-10-26,departure,Zurich,Prague,swiss,Departed,17:00,17:00,2024-10-26 17:00:00,2024-10-26 17:00:00,0.0
2024-10-26,departure,Zurich,Palma De Mallorca,swiss,Departed,17:05,17:15,2024-10-26 17:05:00,2024-10-26 17:15:00,10.0
2024-10-26,departure,Zurich,Manchester,swiss,Departed,17:05,17:05,2024-10-26 17:05:00,2024-10-26 17:05:00,0.0
2024-10-26,departure,Zurich,Florence,swiss,Departed,17:05,17:15,2024-10-26 17:05:00,2024-10-26 17:15:00,10.0
2024-10-26,departure,Zurich,Naples,swiss,Departed,17:10,17:20,2024-10-26 17:10:00,2024-10-26 17:20:00,10.0
2024-10-26,departure,Zurich,London LHR,swiss,Departed,17:10,17:15,2024-10-26 17:10:00,2024-10-26 17:15:00,5.0
2024-10-26,departure,Zurich,Nice,swiss,Departed,17:10,17:50,2024-10-26 17:10:00,2024-10-26 17:50:00,40.0
2024-10-26,departure,Zurich,Palma De Mallorca,edelweiss,Departed,17:15,17:25,2024-10-26 17:15:00,2024-10-26 17:25:00,10.0
2024-10-26,departure,Zurich,Copenhagen,swiss,Departed,17:15,17:35,2024-10-26 17:15:00,2024-10-26 17:35:00,20.0
2024-10-26,departure,Zurich,London LGW,swiss,Departed,17:15,17:20,2024-10-26 17:15:00,2024-10-26 17:20:00,5.0
2024-10-26,departure,Zurich,Ljubljana,swiss,Departed,17:20,17:50,2024-10-26 17:20:00,2024-10-26 17:50:00,30.0
2024-10-26,departure,Zurich,Newark,swiss,Departed,17:20,18:00,2024-10-26 17:20:00,2024-10-26 18:00:00,40.0
2024-10-26,departure,Zurich,Belgrade,swiss,Departed,17:20,18:15,2024-10-26 17:20:00,2024-10-26 18:15:00,55.0
2024-10-26,departure,Zurich,Pristina,chair,Departed,17:25,17:30,2024-10-26 17:25:00,2024-10-26 17:30:00,5.0
2024-10-26,departure,Zurich,Edinburgh,edelweiss,Departed,17:25,17:30,2024-10-26 17:25:00,2024-10-26 17:30:00,5.0
2024-10-26,departure,Zurich,Barcelona,swiss,Departed,17:25,17:50,2024-10-26 17:25:00,2024-10-26 17:50:00,25.0
2024-10-26,departure,Zurich,Venice,swiss,Departed,17:30,17:30,2024-10-26 17:30:00,2024-10-26 17:30:00,0.0
2024-10-26,departure,Zurich,Berlin,swiss,Departed,17:30,17:55,2024-10-26 17:30:00,2024-10-26 17:55:00,25.0
2024-10-26,departure,Zurich,Luxembourg,swiss,Departed,17:30,17:35,2024-10-26 17:30:00,2024-10-26 17:35:00,5.0
2024-10-26,departure,Zurich,Milan MXP,swiss,Departed,17:30,17:45,2024-10-26 17:30:00,2024-10-26 17:45:00,15.0
2024-10-26,departure,Zurich,Amsterdam,klm,Departed,17:35,17:50,2024-10-26 17:35:00,2024-10-26 17:50:00,15.0
2024-10-26,departure,Zurich,Amsterdam,swiss,Departed,17:35,17:50,2024-10-26 17:35:00,2024-10-26 17:50:00,15.0
2024-10-26,departure,Zurich,Malta,km_malta_airlines,Departed,17:40,17:50,2024-10-26 17:40:00,2024-10-26 17:50:00,10.0
2024-10-26,departure,Zurich,Boston,swiss,Departed,17:40,17:55,2024-10-26 17:40:00,2024-10-26 17:55:00,15.0
2024-10-26,departure,Zurich,Budapest,swiss,Departed,17:40,17:55,2024-10-26 17:40:00,2024-10-26 17:55:00,15.0
2024-10-26,departure,Zurich,Stuttgart,swiss,Departed,17:45,17:55,2024-10-26 17:45:00,2024-10-26 17:55:00,10.0
2024-10-26,departure,Zurich,Brussels,swiss,Departed,17:45,18:10,2024-10-26 17:45:00,2024-10-26 18:10:00,25.0
2024-10-26,departure,Zurich,Brindisi,swiss,Departed,17:45,17:40,2024-10-26 17:45:00,2024-10-26 17:40:00,-5.0
2024-10-26,departure,Zurich,Pristina,edelweiss,Departed,17:50,17:50,2024-10-26 17:50:00,2024-10-26 17:50:00,0.0
2024-10-26,departure,Zurich,Vienna,swiss,Departed,17:50,17:55,2024-10-26 17:50:00,2024-10-26 17:55:00,5.0
2024-10-26,departure,Zurich,Rome FCO,swiss,Departed,17:50,17:50,2024-10-26 17:50:00,2024-10-26 17:50:00,0.0
2024-10-26,departure,Zurich,Paris CDG,swiss,Departed,17:55,18:05,2024-10-26 17:55:00,2024-10-26 18:05:00,10.0
2024-10-26,departure,Zurich,Lamezia Terme,edelweiss,Departed,17:55,18:00,2024-10-26 17:55:00,2024-10-26 18:00:00,5.0
2024-10-26,departure,Zurich,Bangkok,swiss,Departed,17:55,18:02,2024-10-26 17:55:00,2024-10-26 18:02:00,7.0
2024-10-26,departure,Zurich,Geneva,swiss,Departed,17:55,18:35,2024-10-26 17:55:00,2024-10-26 18:35:00,40.0
2024-10-26,departure,Zurich,Olbia,edelweiss,Departed,18:05,18:05,2024-10-26 18:05:00,2024-10-26 18:05:00,0.0
2024-10-26,departure,Zurich,Lisbon,tap,Departed,18:05,19:35,2024-10-26 18:05:00,2024-10-26 19:35:00,90.0
2024-10-26,departure,Zurich,Antalya,sun,Departed,18:30,19:10,2024-10-26 18:30:00,2024-10-26 19:10:00,40.0
2024-10-26,departure,Zurich,Madrid,europa,Departed,18:30,18:20,2024-10-26 18:30:00,2024-10-26 18:20:00,-10.0
2024-10-26,departure,Zurich,London LHR,swiss,Departed,18:35,18:35,2024-10-26 18:35:00,2024-10-26 18:35:00,0.0
2024-10-26,departure,Zurich,Djerba,tunis,Departed,18:40,18:30,2024-10-26 18:40:00,2024-10-26 18:30:00,-10.0
2024-10-26,departure,Zurich,Heraklion,aegan,Departed,18:45,19:00,2024-10-26 18:45:00,2024-10-26 19:00:00,15.0
2024-10-26,departure,Zurich,Istanbul IST,turkish,Departed,18:50,18:50,2024-10-26 18:50:00,2024-10-26 18:50:00,0.0
2024-10-26,departure,Zurich,Istanbul IST,turkish,Departed,15:00,16:40,2024-10-26 15:00:00,2024-10-26 16:40:00,100.0
2024-10-26,departure,Zurich,Vienna,austrian,Departed,15:05,15:05,2024-10-26 15:05:00,2024-10-26 15:05:00,0.0
2024-10-26,departure,Zurich,Belgrade,serbia,Departed,15:10,15:10,2024-10-26 15:10:00,2024-10-26 15:10:00,0.0
2024-10-26,departure,Zurich,Dubai DXB,emirates-neu,Departed,15:25,15:55,2024-10-26 15:25:00,2024-10-26 15:55:00,30.0
2024-10-26,departure,Zurich,Heraklion,chair,Departed,15:25,15:20,2024-10-26 15:25:00,2024-10-26 15:20:00,-5.0
2024-10-26,departure,Zurich,London LHR,swiss,Departed,15:30,15:35,2024-10-26 15:30:00,2024-10-26 15:35:00,5.0
2024-10-26,departure,Zurich,Kalamata,edelweiss,Departed,15:30,15:30,2024-10-26 15:30:00,2024-10-26 15:30:00,0.0
2024-10-26,departure,Zurich,Milas–Bodrum,edelweiss,Departed,15:35,15:35,2024-10-26 15:35:00,2024-10-26 15:35:00,0.0
2024-10-26,departure,Zurich,Rhodes,edelweiss,Departed,15:35,15:35,2024-10-26 15:35:00,2024-10-26 15:35:00,0.0
2024-10-26,departure,Zurich,Palma De Mallorca,swiss,Departed,15:35,16:30,2024-10-26 15:35:00,2024-10-26 16:30:00,55.0
2024-10-26,departure,Zurich,Porto,tap,Departed,15:40,15:40,2024-10-26 15:40:00,2024-10-26 15:40:00,0.0
2024-10-26,departure,Zurich,Doha,qatar,Departed,15:40,15:55,2024-10-26 15:40:00,2024-10-26 15:55:00,15.0
2024-10-26,departure,Zurich,Copenhagen,swiss,Departed,15:45,15:45,2024-10-26 15:45:00,2024-10-26 15:45:00,0.0
2024-10-26,departure,Zurich,Porto,easyjet,Departed,15:50,16:20,2024-10-26 15:50:00,2024-10-26 16:20:00,30.0
2024-10-26,departure,Zurich,Barcelona,swiss,Departed,16:00,16:00,2024-10-26 16:00:00,2024-10-26 16:00:00,0.0
2024-10-26,departure,Zurich,Istanbul SAW,pegasus,Departed,16:00,15:55,2024-10-26 16:00:00,2024-10-26 15:55:00,-5.0
2024-10-26,departure,Zurich,Kos,edelweiss,Departed,16:10,16:10,2024-10-26 16:10:00,2024-10-26 16:10:00,0.0
2024-10-26,departure,Zurich,Heraklion,edelweiss,Departed,16:15,16:15,2024-10-26 16:15:00,2024-10-26 16:15:00,0.0
2024-10-26,departure,Zurich,Mykonos,edelweiss,Closed,16:30,16:25,2024-10-26 16:30:00,2024-10-26 16:25:00,-5.0
2024-10-26,departure,Zurich,Berlin,swiss,Departed,16:30,16:30,2024-10-26 16:30:00,2024-10-26 16:30:00,0.0
2024-10-26,departure,Zurich,Madrid,swiss,Departed,16:35,16:40,2024-10-26 16:35:00,2024-10-26 16:40:00,5.0
2024-10-26,departure,Zurich,Athens,swiss,Departed,16:35,16:50,2024-10-26 16:35:00,2024-10-26 16:50:00,15.0
2024-10-26,departure,Zurich,Dublin,swiss,Departed,16:40,16:40,2024-10-26 16:40:00,2024-10-26 16:40:00,0.0
2024-10-26,departure,Zurich,Menorca,edelweiss,Departed,16:40,16:40,2024-10-26 16:40:00,2024-10-26 16:40:00,0.0
2024-10-26,departure,Zurich,Faro,edelweiss,Departed,16:40,16:40,2024-10-26 16:40:00,2024-10-26 16:40:00,0.0
2024-10-26,departure,Zurich,Geneva,swiss,Departed,16:45,16:55,2024-10-26 16:45:00,2024-10-26 16:55:00,10.0
2024-10-26,departure,Zurich,Ibiza,edelweiss,Departed,16:45,17:05,2024-10-26 16:45:00,2024-10-26 17:05:00,20.0
2024-10-26,departure,Zurich,Thessaloniki,swiss,Departed,16:50,16:50,2024-10-26 16:50:00,2024-10-26 16:50:00,0.0
2024-10-26,departure,Zurich,Porto,swiss,Departed,16:55,16:55,2024-10-26 16:55:00,2024-10-26 16:55:00,0.0
2024-10-26,departure,Zurich,Munich,lufthansa_neu,Departed,16:55,17:15,2024-10-26 16:55:00,2024-10-26 17:15:00,20.0
2024-10-26,departure,Zurich,Skopje,chair,Departed,16:55,17:05,2024-10-26 16:55:00,2024-10-26 17:05:00,10.0
2024-10-26,departure,Zurich,Shanghai,swiss,Departed,13:00,13:00,2024-10-26 13:00:00,2024-10-26 13:00:00,0.0
2024-10-26,departure,Zurich,Geneva,swiss,Departed,13:00,13:05,2024-10-26 13:00:00,2024-10-26 13:05:00,5.0
2024-10-26,departure,Zurich,Brussels,swiss,Departed,13:00,13:10,2024-10-26 13:00:00,2024-10-26 13:10:00,10.0
2024-10-26,departure,Zurich,Corfu,edelweiss,Departed,13:05,13:05,2024-10-26 13:05:00,2024-10-26 13:05:00,0.0
2024-10-26,departure,Zurich,Milan MXP,swiss,Departed,13:05,13:10,2024-10-26 13:05:00,2024-10-26 13:10:00,5.0
2024-10-26,departure,Zurich,Los Angeles,swiss,Departed,13:05,13:34,2024-10-26 13:05:00,2024-10-26 13:34:00,29.0
2024-10-26,departure,Zurich,Tokyo,swiss,Departed,13:05,13:10,2024-10-26 13:05:00,2024-10-26 13:10:00,5.0
2024-10-26,departure,Zurich,Chicago,swiss,Departed,13:10,13:14,2024-10-26 13:10:00,2024-10-26 13:14:00,4.0
2024-10-26,departure,Zurich,Miami,swiss,Departed,13:10,13:19,2024-10-26 13:10:00,2024-10-26 13:19:00,9.0
2024-10-26,departure,Zurich,Sharm El Sheikh,edelweiss,Departed,13:10,13:10,2024-10-26 13:10:00,2024-10-26 13:10:00,0.0
2024-10-26,departure,Zurich,San Francisco,swiss,Departed,13:15,13:26,2024-10-26 13:15:00,2024-10-26 13:26:00,11.0
2024-10-26,departure,Zurich,Munich,lufthansa_neu,Departed,13:15,13:51,2024-10-26 13:15:00,2024-10-26 13:51:00,36.0
2024-10-26,departure,Zurich,Lisbon,tap,Departed,13:15,14:35,2024-10-26 13:15:00,2024-10-26 14:35:00,80.0
2024-10-26,departure,Zurich,New York,swiss,Departed,13:20,13:30,2024-10-26 13:20:00,2024-10-26 13:30:00,10.0
2024-10-26,departure,Zurich,Malaga,swiss,Departed,13:20,13:25,2024-10-26 13:20:00,2024-10-26 13:25:00,5.0
2024-10-26,departure,Zurich,Vienna,austrian,Departed,13:20,13:20,2024-10-26 13:20:00,2024-10-26 13:20:00,0.0
2024-10-26,departure,Zurich,Toronto,canada,Departed,13:25,13:25,2024-10-26 13:25:00,2024-10-26 13:25:00,0.0
2024-10-26,departure,Zurich,Bangkok,thai,Departed,13:30,13:30,2024-10-26 13:30:00,2024-10-26 13:30:00,0.0
2024-10-26,departure,Zurich,New York,delta,Departed,13:35,13:25,2024-10-26 13:35:00,2024-10-26 13:25:00,-10.0
2024-10-26,departure,Zurich,San Francisco,united,Departed,13:35,13:35,2024-10-26 13:35:00,2024-10-26 13:35:00,0.0
2024-10-26,departure,Zurich,Punta Cana,edelweiss,Departed,13:40,14:05,2024-10-26 13:40:00,2024-10-26 14:05:00,25.0
2024-10-26,departure,Zurich,Palma De Mallorca,vueling,Departed,13:45,15:55,2024-10-26 13:45:00,2024-10-26 15:55:00,130.0
2024-10-26,departure,Zurich,Reykjavík,iceland,Departed,14:00,14:00,2024-10-26 14:00:00,2024-10-26 14:00:00,0.0
2024-10-26,departure,Zurich,Malaga,swiss,Departed,14:10,15:30,2024-10-26 14:10:00,2024-10-26 15:30:00,80.0
2024-10-26,departure,Zurich,Heraklion,edelweiss,Departed,14:15,14:15,2024-10-26 14:15:00,2024-10-26 14:15:00,0.0
2024-10-26,departure,Zurich,Amsterdam,klm,Departed,14:20,14:25,2024-10-26 14:20:00,2024-10-26 14:25:00,5.0
2024-10-26,departure,Zurich,Paris CDG,airfrance,Departed,14:35,14:25,2024-10-26 14:35:00,2024-10-26 14:25:00,-10.0
2024-10-26,departure,Zurich,Frankfurt FRA,lufthansa_neu,Departed,14:40,14:45,2024-10-26 14:40:00,2024-10-26 14:45:00,5.0
2024-10-26,departure,Zurich,Malta,swiss,Departed,14:50,14:55,2024-10-26 14:50:00,2024-10-26 14:55:00,5.0
2024-10-26,departure,Zurich,Cairo,egypt-air,Departed,14:55,14:55,2024-10-26 14:55:00,2024-10-26 14:55:00,0.0
2024-10-26,departure,Zurich,London LCY,swiss,Departed,11:00,11:00,2024-10-26 11:00:00,2024-10-26 11:00:00,0.0
2024-10-26,departure,Zurich,Palma De Mallorca,euro,Departed,11:10,12:40,2024-10-26 11:10:00,2024-10-26 12:40:00,90.0
2024-10-26,departure,Zurich,Paris CDG,airfrance,Departed,11:15,11:15,2024-10-26 11:15:00,2024-10-26 11:15:00,0.0
2024-10-26,departure,Zurich,Abu Dhabi,etihad,Departed,11:15,11:10,2024-10-26 11:15:00,2024-10-26 11:10:00,-5.0
2024-10-26,departure,Zurich,Athens,aegan,Departed,11:15,11:15,2024-10-26 11:15:00,2024-10-26 11:15:00,0.0
2024-10-26,departure,Zurich,Frankfurt FRA,lufthansa_neu,Departed,11:20,12:10,2024-10-26 11:20:00,2024-10-26 12:10:00,50.0
2024-10-26,departure,Zurich,Palma De Mallorca,chair,Cancelled,11:30,11:30,2024-10-26 11:30:00,2024-10-26 11:30:00,0.0
2024-10-26,departure,Zurich,Istanbul SAW,ajet_logo,Departed,11:30,11:40,2024-10-26 11:30:00,2024-10-26 11:40:00,10.0
2024-10-26,departure,Zurich,Istanbul SAW,pegasus,Departed,11:35,11:35,2024-10-26 11:35:00,2024-10-26 11:35:00,0.0
2024-10-26,departure,Zurich,Split,edelweiss,Departed,11:35,11:35,2024-10-26 11:35:00,2024-10-26 11:35:00,0.0
2024-10-26,departure,Zurich,Singapore,singapore,Departed,11:45,11:45,2024-10-26 11:45:00,2024-10-26 11:45:00,0.0
2024-10-26,departure,Zurich,Zagreb,croatia_v2,Departed,11:45,11:45,2024-10-26 11:45:00,2024-10-26 11:45:00,0.0
2024-10-26,departure,Zurich,Philadelphia,american,Departed,11:45,11:45,2024-10-26 11:45:00,2024-10-26 11:45:00,0.0
2024-10-26,departure,Zurich,Amsterdam,swiss,Departed,11:50,11:55,2024-10-26 11:50:00,2024-10-26 11:55:00,5.0
2024-10-26,departure,Zurich,Amsterdam,klm,Departed,11:50,12:10,2024-10-26 11:50:00,2024-10-26 12:10:00,20.0
2024-10-26,departure,Zurich,Madrid,iberia,Departed,11:50,12:05,2024-10-26 11:50:00,2024-10-26 12:05:00,15.0
2024-10-26,departure,Zurich,Geneva,swiss,Departed,11:55,12:15,2024-10-26 11:55:00,2024-10-26 12:15:00,20.0
2024-10-26,departure,Zurich,Washington,united,Departed,11:55,11:55,2024-10-26 11:55:00,2024-10-26 11:55:00,0.0
2024-10-26,departure,Zurich,Alicante,swiss,Departed,12:00,12:00,2024-10-26 12:00:00,2024-10-26 12:00:00,0.0
2024-10-26,departure,Zurich,Gothenburg,swiss,Departed,12:00,12:05,2024-10-26 12:00:00,2024-10-26 12:05:00,5.0
2024-10-26,departure,Zurich,Bucharest,swiss,Departed,12:00,12:15,2024-10-26 12:00:00,2024-10-26 12:15:00,15.0
2024-10-26,departure,Zurich,Palermo,swiss,Departed,12:00,12:00,2024-10-26 12:00:00,2024-10-26 12:00:00,0.0
2024-10-26,departure,Zurich,Valencia,swiss,Departed,12:05,12:20,2024-10-26 12:05:00,2024-10-26 12:20:00,15.0
2024-10-26,departure,Zurich,Brindisi,swiss,Departed,12:05,12:05,2024-10-26 12:05:00,2024-10-26 12:05:00,0.0
2024-10-26,departure,Zurich,London LHR,swiss,Departed,12:05,12:15,2024-10-26 12:05:00,2024-10-26 12:15:00,10.0
2024-10-26,departure,Zurich,Warsaw,swiss,Departed,12:10,12:20,2024-10-26 12:10:00,2024-10-26 12:20:00,10.0
2024-10-26,departure,Zurich,Palma De Mallorca,swiss,Departed,12:10,13:30,2024-10-26 12:10:00,2024-10-26 13:30:00,80.0
2024-10-26,departure,Zurich,Bologna,swiss,Departed,12:15,12:45,2024-10-26 12:15:00,2024-10-26 12:45:00,30.0
2024-10-26,departure,Zurich,Budapest,swiss,Departed,12:15,12:22,2024-10-26 12:15:00,2024-10-26 12:22:00,7.0
2024-10-26,departure,Zurich,Belgrade,swiss,Departed,12:15,12:15,2024-10-26 12:15:00,2024-10-26 12:15:00,0.0
2024-10-26,departure,Zurich,Naples,swiss,Departed,12:15,12:50,2024-10-26 12:15:00,2024-10-26 12:50:00,35.0
2024-10-26,departure,Zurich,Barcelona,swiss,Departed,12:20,12:20,2024-10-26 12:20:00,2024-10-26 12:20:00,0.0
2024-10-26,departure,Zurich,Delhi,swiss,Departed,12:20,12:34,2024-10-26 12:20:00,2024-10-26 12:34:00,14.0
2024-10-26,departure,Zurich,Ljubljana,swiss,Departed,12:20,12:55,2024-10-26 12:20:00,2024-10-26 12:55:00,35.0
2024-10-26,departure,Zurich,Athens,swiss,Departed,12:20,12:30,2024-10-26 12:20:00,2024-10-26 12:30:00,10.0
2024-10-26,departure,Zurich,Marseille,swiss,Departed,12:25,12:45,2024-10-26 12:25:00,2024-10-26 12:45:00,20.0
2024-10-26,departure,Zurich,Vienna,swiss,Departed,12:25,12:25,2024-10-26 12:25:00,2024-10-26 12:25:00,0.0
2024-10-26,departure,Zurich,Reykjavík,edelweiss,Departed,12:25,12:40,2024-10-26 12:25:00,2024-10-26 12:40:00,15.0
2024-10-26,departure,Zurich,Cancun,edelweiss,Departed,12:30,12:35,2024-10-26 12:30:00,2024-10-26 12:35:00,5.0
2024-10-26,departure,Zurich,Amsterdam,swiss,Departed,12:30,12:30,2024-10-26 12:30:00,2024-10-26 12:30:00,0.0
2024-10-26,departure,Zurich,Berlin,swiss,Departed,12:30,12:40,2024-10-26 12:30:00,2024-10-26 12:40:00,10.0
2024-10-26,departure,Zurich,Nantes,swiss,Departed,12:35,13:00,2024-10-26 12:35:00,2024-10-26 13:00:00,25.0
2024-10-26,departure,Zurich,Copenhagen,swiss,Departed,12:35,12:45,2024-10-26 12:35:00,2024-10-26 12:45:00,10.0
2024-10-26,departure,Zurich,Stockholm,swiss,Departed,12:35,13:10,2024-10-26 12:35:00,2024-10-26 13:10:00,35.0
2024-10-26,departure,Zurich,Hamburg,swiss,Departed,12:35,12:45,2024-10-26 12:35:00,2024-10-26 12:45:00,10.0
2024-10-26,departure,Zurich,Dubai DXB,swiss,Departed,12:40,12:59,2024-10-26 12:40:00,2024-10-26 12:59:00,19.0
2024-10-26,departure,Zurich,Montreal,swiss,Departed,12:40,12:48,2024-10-26 12:40:00,2024-10-26 12:48:00,8.0
2024-10-26,departure,Zurich,Bordeaux,swiss,Departed,12:40,13:00,2024-10-26 12:40:00,2024-10-26 13:00:00,20.0
2024-10-26,departure,Zurich,Rome FCO,swiss,Departed,12:45,12:50,2024-10-26 12:45:00,2024-10-26 12:50:00,5.0
2024-10-26,departure,Zurich,Düsseldorf,swiss,Departed,12:45,12:45,2024-10-26 12:45:00,2024-10-26 12:45:00,0.0
2024-10-26,departure,Zurich,Lisbon,swiss,Departed,12:45,12:55,2024-10-26 12:45:00,2024-10-26 12:55:00,10.0
2024-10-26,departure,Zurich,Prague,swiss,Departed,12:45,13:20,2024-10-26 12:45:00,2024-10-26 13:20:00,35.0
2024-10-26,departure,Zurich,Frankfurt FRA,swiss,Departed,12:50,12:55,2024-10-26 12:50:00,2024-10-26 12:55:00,5.0
2024-10-26,departure,Zurich,Nice,swiss,Departed,12:50,12:50,2024-10-26 12:50:00,2024-10-26 12:50:00,0.0
2024-10-26,departure,Zurich,Florence,swiss,Departed,12:50,12:55,2024-10-26 12:50:00,2024-10-26 12:55:00,5.0
2024-10-26,departure,Zurich,Venice,swiss,Departed,12:55,13:00,2024-10-26 12:55:00,2024-10-26 13:00:00,5.0
2024-10-26,departure,Zurich,Boston,swiss,Departed,12:55,13:09,2024-10-26 12:55:00,2024-10-26 13:09:00,14.0
2024-10-26,departure,Zurich,Paris CDG,swiss,Departed,12:55,13:20,2024-10-26 12:55:00,2024-10-26 13:20:00,25.0
2024-10-26,departure,Zurich,Washington,swiss,Departed,12:55,13:05,2024-10-26 12:55:00,2024-10-26 13:05:00,10.0
2024-10-26,departure,Zurich,Agadir,edelweiss,Departed,09:00,09:05,2024-10-26 09:00:00,2024-10-26 09:05:00,5.0
2024-10-26,departure,Zurich,Milan MXP,swiss,Departed,09:00,09:00,2024-10-26 09:00:00,2024-10-26 09:00:00,0.0
2024-10-26,departure,Zurich,Palma De Mallorca,swiss,Departed,09:05,10:30,2024-10-26 09:05:00,2024-10-26 10:30:00,85.0
2024-10-26,departure,Zurich,Geneva,swiss,Departed,09:10,09:10,2024-10-26 09:10:00,2024-10-26 09:10:00,0.0
2024-10-26,departure,Zurich,Hamburg,euro,Departed,09:10,10:05,2024-10-26 09:10:00,2024-10-26 10:05:00,55.0
2024-10-26,departure,Zurich,Amsterdam,klm,Departed,09:20,09:10,2024-10-26 09:20:00,2024-10-26 09:10:00,-10.0
2024-10-26,departure,Zurich,Munich,lufthansa_neu,Departed,09:20,09:35,2024-10-26 09:20:00,2024-10-26 09:35:00,15.0
2024-10-26,departure,Zurich,Belgrade,serbia,Departed,09:30,09:30,2024-10-26 09:30:00,2024-10-26 09:30:00,0.0
2024-10-26,departure,Zurich,Frankfurt FRA,lufthansa_neu,Departed,09:30,09:30,2024-10-26 09:30:00,2024-10-26 09:30:00,0.0
2024-10-26,departure,Zurich,Valencia,swiss,Departed,09:30,10:00,2024-10-26 09:30:00,2024-10-26 10:00:00,30.0
2024-10-26,departure,Zurich,Stuttgart,swiss,Departed,09:35,09:35,2024-10-26 09:35:00,2024-10-26 09:35:00,0.0
2024-10-26,departure,Zurich,Barcelona,vueling,Departed,09:35,09:35,2024-10-26 09:35:00,2024-10-26 09:35:00,0.0
2024-10-26,departure,Zurich,Antalya,sun,Departed,09:40,09:52,2024-10-26 09:40:00,2024-10-26 09:52:00,12.0
2024-10-26,departure,Zurich,Malaga,swiss,Departed,09:40,09:40,2024-10-26 09:40:00,2024-10-26 09:40:00,0.0
2024-10-26,departure,Zurich,Thessaloniki,swiss,Departed,09:40,09:45,2024-10-26 09:40:00,2024-10-26 09:45:00,5.0
2024-10-26,departure,Zurich,Doha,qatar,Departed,09:40,09:40,2024-10-26 09:40:00,2024-10-26 09:40:00,0.0
2024-10-26,departure,Zurich,Porto,swiss,Departed,09:45,09:45,2024-10-26 09:45:00,2024-10-26 09:45:00,0.0
2024-10-26,departure,Zurich,Athens,swiss,Departed,09:45,09:50,2024-10-26 09:45:00,2024-10-26 09:50:00,5.0
2024-10-26,departure,Zurich,Chicago,united,Departed,09:50,09:50,2024-10-26 09:50:00,2024-10-26 09:50:00,0.0
2024-10-26,departure,Zurich,Toronto,swiss,Departed,09:55,09:55,2024-10-26 09:55:00,2024-10-26 09:55:00,0.0
2024-10-26,departure,Zurich,Stockholm,swiss,Departed,09:55,09:55,2024-10-26 09:55:00,2024-10-26 09:55:00,0.0
2024-10-26,departure,Zurich,Mumbai,swiss,Departed,09:55,10:00,2024-10-26 09:55:00,2024-10-26 10:00:00,5.0
2024-10-26,departure,Zurich,Palma De Mallorca,swiss,Departed,10:00,12:20,2024-10-26 10:00:00,2024-10-26 12:20:00,140.0
2024-10-26,departure,Zurich,New York,swiss,Departed,10:00,10:05,2024-10-26 10:00:00,2024-10-26 10:05:00,5.0
2024-10-26,departure,Zurich,Lisbon,swiss,Departed,10:00,10:00,2024-10-26 10:00:00,2024-10-26 10:00:00,0.0
2024-10-26,departure,Zurich,Zanzibarvia Kilimanjaro,edelweiss,Departed,10:10,10:16,2024-10-26 10:10:00,2024-10-26 10:16:00,6.0
2024-10-26,departure,Zurich,Madrid,europa,Departed,10:10,10:15,2024-10-26 10:10:00,2024-10-26 10:15:00,5.0
2024-10-26,departure,Zurich,Newark,united,Departed,10:10,10:40,2024-10-26 10:10:00,2024-10-26 10:40:00,30.0
2024-10-26,departure,Zurich,Bilbao,vueling,Departed,10:20,10:20,2024-10-26 10:20:00,2024-10-26 10:20:00,0.0
2024-10-26,departure,Zurich,Izmir,sun,Departed,10:25,12:00,2024-10-26 10:25:00,2024-10-26 12:00:00,95.0
2024-10-26,departure,Zurich,Tunis,tunis,Departed,10:25,11:25,2024-10-26 10:25:00,2024-10-26 11:25:00,60.0
2024-10-26,departure,Zurich,London LGW,easyjet,Departed,10:25,10:35,2024-10-26 10:25:00,2024-10-26 10:35:00,10.0
2024-10-26,departure,Zurich,London LHR,swiss,Departed,10:30,11:00,2024-10-26 10:30:00,2024-10-26 11:00:00,30.0
2024-10-26,departure,Zurich,Warsaw,lot,Departed,10:30,10:25,2024-10-26 10:30:00,2024-10-26 10:25:00,-5.0
2024-10-26,departure,Zurich,Dublin,swiss,Departed,10:45,10:45,2024-10-26 10:45:00,2024-10-26 10:45:00,0.0
2024-10-26,departure,Zurich,Oslo OSL,swiss,Departed,10:50,11:10,2024-10-26 10:50:00,2024-10-26 11:10:00,20.0
2024-10-26,departure,Zurich,Istanbul IST,turkish,Departed,10:50,10:55,2024-10-26 10:50:00,2024-10-26 10:55:00,5.0
2024-10-26,departure,Zurich,Helsinki,finnair,Departed,10:50,10:40,2024-10-26 10:50:00,2024-10-26 10:40:00,-10.0
2024-10-26,departure,Zurich,Antalya,pegasus,Departed,10:55,10:45,2024-10-26 10:55:00,2024-10-26 10:45:00,-10.0
2024-10-26,departure,Zurich,Naples,swiss,Departed,07:00,07:00,2024-10-26 07:00:00,2024-10-26 07:00:00,0.0
2024-10-26,departure,Zurich,Amsterdam,klm,Departed,07:00,07:10,2024-10-26 07:00:00,2024-10-26 07:10:00,10.0
2024-10-26,departure,Zurich,Madrid,swiss,Departed,07:00,07:00,2024-10-26 07:00:00,2024-10-26 07:00:00,0.0
2024-10-26,departure,Zurich,Frankfurt FRA,swiss,Departed,07:00,07:05,2024-10-26 07:00:00,2024-10-26 07:05:00,5.0
2024-10-26,departure,Zurich,London LHR,swiss,Departed,07:05,07:20,2024-10-26 07:05:00,2024-10-26 07:20:00,15.0
2024-10-26,departure,Zurich,Manchester,swiss,Departed,07:05,07:05,2024-10-26 07:05:00,2024-10-26 07:05:00,0.0
2024-10-26,departure,Zurich,Sarajevo,swiss,Departed,07:05,07:40,2024-10-26 07:05:00,2024-10-26 07:40:00,35.0
2024-10-26,departure,Zurich,Vienna,swiss,Departed,07:10,07:20,2024-10-26 07:10:00,2024-10-26 07:20:00,10.0
2024-10-26,departure,Zurich,Belgrade,swiss,Departed,07:10,07:15,2024-10-26 07:10:00,2024-10-26 07:15:00,5.0
2024-10-26,departure,Zurich,Copenhagen,swiss,Departed,07:10,07:10,2024-10-26 07:10:00,2024-10-26 07:10:00,0.0
2024-10-26,departure,Zurich,Barcelona,swiss,Departed,07:10,07:15,2024-10-26 07:10:00,2024-10-26 07:15:00,5.0
2024-10-26,departure,Zurich,Düsseldorf,swiss,Departed,07:15,07:20,2024-10-26 07:15:00,2024-10-26 07:20:00,5.0
2024-10-26,departure,Zurich,Hamburg,swiss,Departed,07:15,07:20,2024-10-26 07:15:00,2024-10-26 07:20:00,5.0
2024-10-26,departure,Zurich,London LHR,british,Departed,07:15,07:10,2024-10-26 07:15:00,2024-10-26 07:10:00,-5.0
2024-10-26,departure,Zurich,Munich,swiss,Departed,07:15,07:15,2024-10-26 07:15:00,2024-10-26 07:15:00,0.0
2024-10-26,departure,Zurich,Rome FCO,swiss,Departed,07:20,07:20,2024-10-26 07:20:00,2024-10-26 07:20:00,0.0
2024-10-26,departure,Zurich,Berlin,swiss,Departed,07:20,07:20,2024-10-26 07:20:00,2024-10-26 07:20:00,0.0
2024-10-26,departure,Zurich,Budapest,swiss,Departed,07:20,07:20,2024-10-26 07:20:00,2024-10-26 07:20:00,0.0
2024-10-26,departure,Zurich,Amsterdam,swiss,Departed,07:20,08:00,2024-10-26 07:20:00,2024-10-26 08:00:00,40.0
2024-10-26,departure,Zurich,Brussels,swiss,Departed,07:25,07:30,2024-10-26 07:25:00,2024-10-26 07:30:00,5.0
2024-10-26,departure,Zurich,Luxembourg,swiss,Departed,07:25,07:30,2024-10-26 07:25:00,2024-10-26 07:30:00,5.0
2024-10-26,departure,Zurich,Paris CDG,swiss,Departed,07:25,07:45,2024-10-26 07:25:00,2024-10-26 07:45:00,20.0
2024-10-26,departure,Zurich,Prague,swiss,Departed,07:25,07:35,2024-10-26 07:25:00,2024-10-26 07:35:00,10.0
2024-10-26,departure,Zurich,Geneva,swiss,Departed,07:30,07:40,2024-10-26 07:30:00,2024-10-26 07:40:00,10.0
2024-10-26,departure,Zurich,Hanover,swiss,Departed,07:30,07:30,2024-10-26 07:30:00,2024-10-26 07:30:00,0.0
2024-10-26,departure,Zurich,Madrid,iberia,Departed,07:30,07:30,2024-10-26 07:30:00,2024-10-26 07:30:00,0.0
2024-10-26,departure,Zurich,Istanbul IST,turkish,Departed,07:35,07:45,2024-10-26 07:35:00,2024-10-26 07:45:00,10.0
2024-10-26,departure,Zurich,Heraklion,edelweiss,Departed,07:45,07:40,2024-10-26 07:45:00,2024-10-26 07:40:00,-5.0
2024-10-26,departure,Zurich,Paris CDG,airfrance,Departed,07:45,07:55,2024-10-26 07:45:00,2024-10-26 07:55:00,10.0
2024-10-26,departure,Zurich,London LCY,swiss,Departed,07:55,08:30,2024-10-26 07:55:00,2024-10-26 08:30:00,35.0
2024-10-26,departure,Zurich,Florence,swiss,Departed,08:05,08:05,2024-10-26 08:05:00,2024-10-26 08:05:00,0.0
2024-10-26,departure,Zurich,Frankfurt FRA,lufthansa_neu,Departed,08:15,08:35,2024-10-26 08:15:00,2024-10-26 08:35:00,20.0
2024-10-26,departure,Zurich,Hamburg,swiss,Departed,08:30,08:30,2024-10-26 08:30:00,2024-10-26 08:30:00,0.0
2024-10-26,departure,Zurich,Nice,swiss,Departed,08:35,08:45,2024-10-26 08:35:00,2024-10-26 08:45:00,10.0
2024-10-26,departure,Zurich,Berlin,swiss,Departed,08:40,08:40,2024-10-26 08:40:00,2024-10-26 08:40:00,0.0
2024-10-26,departure,Zurich,Palma De Mallorca,edelweiss,Departed,08:45,09:00,2024-10-26 08:45:00,2024-10-26 09:00:00,15.0
2024-10-26,departure,Zurich,Düsseldorf,euro,Departed,08:45,08:50,2024-10-26 08:45:00,2024-10-26 08:50:00,5.0
2024-10-26,departure,Zurich,Vienna,austrian,Departed,08:50,08:53,2024-10-26 08:50:00,2024-10-26 08:53:00,3.0
2024-10-26,departure,Zurich,Venice,swiss,Departed,08:50,08:50,2024-10-26 08:50:00,2024-10-26 08:50:00,0.0
2024-10-26,departure,Zurich,Gran Canaria,edelweiss,Departed,08:55,09:10,2024-10-26 08:55:00,2024-10-26 09:10:00,15.0
2024-10-26,departure,Zurich,Pristina,chair,Departed,05:45,05:50,2024-10-26 05:45:00,2024-10-26 05:50:00,5.0
2024-10-26,departure,Zurich,Antalya,edelweiss,Departed,05:45,05:50,2024-10-26 05:45:00,2024-10-26 05:50:00,5.0
2024-10-26,departure,Zurich,Hurghada,edelweiss,Departed,06:00,06:00,2024-10-26 06:00:00,2024-10-26 06:00:00,0.0
2024-10-26,departure,Zurich,Catania,edelweiss,Departed,06:00,06:00,2024-10-26 06:00:00,2024-10-26 06:00:00,0.0
2024-10-26,departure,Zurich,Fuerteventura,edelweiss,Departed,06:10,06:10,2024-10-26 06:10:00,2024-10-26 06:10:00,0.0
2024-10-26,departure,Zurich,Madeira,edelweiss,Departed,06:10,06:10,2024-10-26 06:10:00,2024-10-26 06:10:00,0.0
2024-10-26,departure,Zurich,Tenerife,edelweiss,Departed,06:20,06:20,2024-10-26 06:20:00,2024-10-26 06:20:00,0.0
2024-10-26,departure,Zurich,Lisbon,tap,Departed,06:20,06:25,2024-10-26 06:20:00,2024-10-26 06:25:00,5.0
2024-10-26,departure,Zurich,Porto,swiss,Departed,06:20,06:20,2024-10-26 06:20:00,2024-10-26 06:20:00,0.0
2024-10-26,departure,Zurich,Ibiza,edelweiss,Departed,06:25,06:25,2024-10-26 06:25:00,2024-10-26 06:25:00,0.0
2024-10-26,departure,Zurich,Cagliari,edelweiss,Departed,06:25,06:25,2024-10-26 06:25:00,2024-10-26 06:25:00,0.0
2024-10-26,departure,Zurich,Larnaca,edelweiss,Departed,06:25,06:40,2024-10-26 06:25:00,2024-10-26 06:40:00,15.0
2024-10-26,departure,Zurich,Larnaca,chair,Departed,06:30,06:30,2024-10-26 06:30:00,2024-10-26 06:30:00,0.0
2024-10-26,departure,Zurich,Hurghada,chair,Departed,06:30,06:25,2024-10-26 06:30:00,2024-10-26 06:25:00,-5.0
2024-10-26,departure,Zurich,Alicante,swiss,Departed,06:35,06:35,2024-10-26 06:35:00,2024-10-26 06:35:00,0.0
2024-10-26,departure,Zurich,Pristina,edelweiss,Departed,06:35,06:40,2024-10-26 06:35:00,2024-10-26 06:40:00,5.0
2024-10-26,departure,Zurich,Malta,swiss,Departed,06:40,06:40,2024-10-26 06:40:00,2024-10-26 06:40:00,0.0
2024-10-26,departure,Zurich,Bari,edelweiss,Departed,06:40,06:40,2024-10-26 06:40:00,2024-10-26 06:40:00,0.0
2024-10-26,departure,Zurich,Sofia,swiss,Departed,06:50,06:55,2024-10-26 06:50:00,2024-10-26 06:55:00,5.0
2024-10-26,departure,Zurich,Brindisi,swiss,Departed,06:50,06:50,2024-10-26 06:50:00,2024-10-26 06:50:00,0.0
2024-10-26,departure,Zurich,Gothenburg,swiss,Departed,06:50,06:50,2024-10-26 06:50:00,2024-10-26 06:50:00,0.0
2024-10-26,departure,Zurich,Palma De Mallorca,swiss,Departed,06:55,07:05,2024-10-26 06:55:00,2024-10-26 07:05:00,10.0
2024-10-26,departure,Zurich,Palermo,swiss,Departed,06:55,06:55,2024-10-26 06:55:00,2024-10-26 06:55:00,0.0
2024-10-26,departure,Zurich,Krakow,swiss,Departed,06:55,07:00,2024-10-26 06:55:00,2024-10-26 07:00:00,5.0
2024-10-27,arrival,Zurich,Berlin,swiss,Landed,21:05,21:06,2024-10-27 21:05:00,2024-10-27 21:06:00,1.0
2024-10-27,arrival,Zurich,Porto,easyjet,Landed,21:05,20:58,2024-10-27 21:05:00,2024-10-27 20:58:00,-7.0
2024-10-27,arrival,Zurich,Paris CDG,swiss,Landed,21:10,20:58,2024-10-27 21:10:00,2024-10-27 20:58:00,-12.0
2024-10-27,arrival,Zurich,Menorca,edelweiss,Landed,21:15,21:02,2024-10-27 21:15:00,2024-10-27 21:02:00,-13.0
2024-10-27,arrival,Zurich,Heraklion,edelweiss,Landed,21:15,21:08,2024-10-27 21:15:00,2024-10-27 21:08:00,-7.0
2024-10-27,arrival,Zurich,Prague,swiss,Landed,21:20,21:18,2024-10-27 21:20:00,2024-10-27 21:18:00,-2.0
2024-10-27,arrival,Zurich,Brussels,swiss,Landed,21:20,21:21,2024-10-27 21:20:00,2024-10-27 21:21:00,1.0
2024-10-27,arrival,Zurich,Bremen,swiss,Landed,21:20,21:13,2024-10-27 21:20:00,2024-10-27 21:13:00,-7.0
2024-10-27,arrival,Zurich,Geneva,swiss,Landed,21:20,21:07,2024-10-27 21:20:00,2024-10-27 21:07:00,-13.0
2024-10-27,arrival,Zurich,London LGW,swiss,Landed,21:25,21:16,2024-10-27 21:25:00,2024-10-27 21:16:00,-9.0
2024-10-27,arrival,Zurich,Düsseldorf,swiss,Landed,21:30,21:27,2024-10-27 21:30:00,2024-10-27 21:27:00,-3.0
2024-10-27,arrival,Zurich,London LHR,swiss,Landed,21:30,21:28,2024-10-27 21:30:00,2024-10-27 21:28:00,-2.0
2024-10-27,arrival,Zurich,Amsterdam,swiss,Landed,21:30,21:33,2024-10-27 21:30:00,2024-10-27 21:33:00,3.0
2024-10-27,arrival,Zurich,Vienna,swiss,Landed,21:35,21:33,2024-10-27 21:35:00,2024-10-27 21:33:00,-2.0
2024-10-27,arrival,Zurich,Rome FCO,swiss,Landed,21:35,21:56,2024-10-27 21:35:00,2024-10-27 21:56:00,21.0
2024-10-27,arrival,Zurich,Hamburg,swiss,Landed,21:35,21:46,2024-10-27 21:35:00,2024-10-27 21:46:00,11.0
2024-10-27,arrival,Zurich,Birmingham,swiss,Landed,21:40,21:59,2024-10-27 21:40:00,2024-10-27 21:59:00,19.0
2024-10-27,arrival,Zurich,Budapest,swiss,Landed,21:40,21:25,2024-10-27 21:40:00,2024-10-27 21:25:00,-15.0
2024-10-27,arrival,Zurich,Munich,swiss,Landed,21:45,21:42,2024-10-27 21:45:00,2024-10-27 21:42:00,-3.0
2024-10-27,arrival,Zurich,Manchester,swiss,Landed,21:45,22:01,2024-10-27 21:45:00,2024-10-27 22:01:00,16.0
2024-10-27,arrival,Zurich,Copenhagen,swiss,Landed,21:45,21:28,2024-10-27 21:45:00,2024-10-27 21:28:00,-17.0
2024-10-27,arrival,Zurich,Warsaw,swiss,Landed,21:50,21:39,2024-10-27 21:50:00,2024-10-27 21:39:00,-11.0
2024-10-27,arrival,Zurich,Barcelona,swiss,Landed,21:50,22:22,2024-10-27 21:50:00,2024-10-27 22:22:00,32.0
2024-10-27,arrival,Zurich,Frankfurt,swiss,Landed,21:50,22:03,2024-10-27 21:50:00,2024-10-27 22:03:00,13.0
2024-10-27,arrival,Zurich,Dublin,swiss,Landed,21:50,21:48,2024-10-27 21:50:00,2024-10-27 21:48:00,-2.0
2024-10-27,arrival,Zurich,Madrid,swiss,Landed,21:55,22:10,2024-10-27 21:55:00,2024-10-27 22:10:00,15.0
2024-10-27,arrival,Zurich,Oslo,swiss,Landed,21:55,21:06,2024-10-27 21:55:00,2024-10-27 21:06:00,-49.0
2024-10-27,arrival,Zurich,Valencia,swiss,Landed,22:00,21:58,2024-10-27 22:00:00,2024-10-27 21:58:00,-2.0
2024-10-27,arrival,Zurich,Belgrade,swiss,Landed,22:00,21:46,2024-10-27 22:00:00,2024-10-27 21:46:00,-14.0
2024-10-27,arrival,Zurich,London LHR,british,Landed,22:00,21:54,2024-10-27 22:00:00,2024-10-27 21:54:00,-6.0
2024-10-27,arrival,Zurich,London LCY,swiss,Landed,22:00,21:51,2024-10-27 22:00:00,2024-10-27 21:51:00,-9.0
2024-10-27,arrival,Zurich,Berlin,swiss,Landed,22:10,22:04,2024-10-27 22:10:00,2024-10-27 22:04:00,-6.0
2024-10-27,arrival,Zurich,Istanbul IST,turkish,Landed,22:20,21:52,2024-10-27 22:20:00,2024-10-27 21:52:00,-28.0
2024-10-27,arrival,Zurich,Madrid,iberia,Landed,22:20,22:38,2024-10-27 22:20:00,2024-10-27 22:38:00,18.0
2024-10-27,arrival,Zurich,Skopje,edelweiss,Landed,22:25,22:09,2024-10-27 22:25:00,2024-10-27 22:09:00,-16.0
2024-10-27,arrival,Zurich,Amsterdam,klm,Landed,22:25,22:41,2024-10-27 22:25:00,2024-10-27 22:41:00,16.0
2024-10-27,arrival,Zurich,Paris CDG,airfrance,Landed,22:30,22:20,2024-10-27 22:30:00,2024-10-27 22:20:00,-10.0
2024-10-27,arrival,Zurich,Pristina,chair,Landed,22:35,22:24,2024-10-27 22:35:00,2024-10-27 22:24:00,-11.0
2024-10-27,arrival,Zurich,Lisbon,tap,Landed,22:35,23:03,2024-10-27 22:35:00,2024-10-27 23:03:00,28.0
2024-10-27,arrival,Zurich,Alicante,swiss,Landed,22:40,23:04,2024-10-27 22:40:00,2024-10-27 23:04:00,24.0
2024-10-27,arrival,Zurich,Lanzarote,edelweiss,Landed,22:40,22:36,2024-10-27 22:40:00,2024-10-27 22:36:00,-4.0
2024-10-27,arrival,Zurich,Ohrid,chair,Landed,22:45,22:48,2024-10-27 22:45:00,2024-10-27 22:48:00,3.0
2024-10-27,arrival,Zurich,Catania,edelweiss,Landed,22:45,22:43,2024-10-27 22:45:00,2024-10-27 22:43:00,-2.0
2024-10-27,arrival,Zurich,London LHR,swiss,Landed,22:45,22:44,2024-10-27 22:45:00,2024-10-27 22:44:00,-1.0
2024-10-27,arrival,Zurich,Split,edelweiss,Landed,22:45,22:33,2024-10-27 22:45:00,2024-10-27 22:33:00,-12.0
2024-10-27,arrival,Zurich,Porto,swiss,Landed,22:50,23:07,2024-10-27 22:50:00,2024-10-27 23:07:00,17.0
2024-10-27,arrival,Zurich,Gran Canaria,edelweiss,Landed,22:50,22:50,2024-10-27 22:50:00,2024-10-27 22:50:00,0.0
2024-10-27,arrival,Zurich,Seville,edelweiss,Landed,22:55,22:57,2024-10-27 22:55:00,2024-10-27 22:57:00,2.0
2024-10-27,arrival,Zurich,Pristina,edelweiss,Landed,22:55,22:46,2024-10-27 22:55:00,2024-10-27 22:46:00,-9.0
2024-10-27,arrival,Zurich,Hurghada,edelweiss,Landed,22:55,22:53,2024-10-27 22:55:00,2024-10-27 22:53:00,-2.0
2024-10-27,arrival,Zurich,Edinburgh,edelweiss,Landed,22:55,22:55,2024-10-27 22:55:00,2024-10-27 22:55:00,0.0
2024-10-27,arrival,Zurich,Shanghai,swiss,Landed,19:00,18:48,2024-10-27 19:00:00,2024-10-27 18:48:00,-12.0
2024-10-27,arrival,Zurich,Muscat,oman,Landed,19:05,19:15,2024-10-27 19:05:00,2024-10-27 19:15:00,10.0
2024-10-27,arrival,Zurich,Warsaw,lot,Landed,19:05,19:04,2024-10-27 19:05:00,2024-10-27 19:04:00,-1.0
2024-10-27,arrival,Zurich,Frankfurt,lufthansa_neu,Landed,19:10,19:19,2024-10-27 19:10:00,2024-10-27 19:19:00,9.0
2024-10-27,arrival,Zurich,Lisbon,swiss,Landed,19:15,19:18,2024-10-27 19:15:00,2024-10-27 19:18:00,3.0
2024-10-27,arrival,Zurich,Zagreb,croatia_v2,Landed,19:15,19:12,2024-10-27 19:15:00,2024-10-27 19:12:00,-3.0
2024-10-27,arrival,Zurich,Pristina,gp-aviation,Landed,19:20,19:18,2024-10-27 19:20:00,2024-10-27 19:18:00,-2.0
2024-10-27,arrival,Zurich,Tel Aviv,elalisrael,Landed,19:25,19:30,2024-10-27 19:25:00,2024-10-27 19:30:00,5.0
2024-10-27,arrival,Zurich,Bangkok,swiss,Landed,19:25,19:23,2024-10-27 19:25:00,2024-10-27 19:23:00,-2.0
2024-10-27,arrival,Zurich,Berlin,euro,Landed,19:30,19:58,2024-10-27 19:30:00,2024-10-27 19:58:00,28.0
2024-10-27,arrival,Zurich,Hamburg,euro,Landed,19:30,19:55,2024-10-27 19:30:00,2024-10-27 19:55:00,25.0
2024-10-27,arrival,Zurich,Munich,lufthansa_neu,Landed,19:35,19:28,2024-10-27 19:35:00,2024-10-27 19:28:00,-7.0
2024-10-27,arrival,Zurich,Athens,swiss,Landed,19:35,19:21,2024-10-27 19:35:00,2024-10-27 19:21:00,-14.0
2024-10-27,arrival,Zurich,Copenhagen,sas,Landed,19:40,19:54,2024-10-27 19:40:00,2024-10-27 19:54:00,14.0
2024-10-27,arrival,Zurich,Düsseldorf,swiss,Landed,19:45,19:45,2024-10-27 19:45:00,2024-10-27 19:45:00,0.0
2024-10-27,arrival,Zurich,Dubai DXB,emirates-neu,Landed,19:50,20:05,2024-10-27 19:50:00,2024-10-27 20:05:00,15.0
2024-10-27,arrival,Zurich,Vienna,austrian,Landed,19:50,20:01,2024-10-27 19:50:00,2024-10-27 20:01:00,11.0
2024-10-27,arrival,Zurich,La Palmavia Tenerife,edelweiss,Landed,19:55,19:49,2024-10-27 19:55:00,2024-10-27 19:49:00,-6.0
2024-10-27,arrival,Zurich,Belgrade,serbia,Landed,19:55,19:56,2024-10-27 19:55:00,2024-10-27 19:56:00,1.0
2024-10-27,arrival,Zurich,Milan MXP,swiss,Landed,20:00,19:51,2024-10-27 20:00:00,2024-10-27 19:51:00,-9.0
2024-10-27,arrival,Zurich,London LHR,swiss,Landed,20:00,19:47,2024-10-27 20:00:00,2024-10-27 19:47:00,-13.0
2024-10-27,arrival,Zurich,Berlin,swiss,Landed,20:05,20:04,2024-10-27 20:05:00,2024-10-27 20:04:00,-1.0
2024-10-27,arrival,Zurich,Florence,swiss,Landed,20:05,20:11,2024-10-27 20:05:00,2024-10-27 20:11:00,6.0
2024-10-27,arrival,Zurich,Dresden,swiss,Landed,20:05,20:01,2024-10-27 20:05:00,2024-10-27 20:01:00,-4.0
2024-10-27,arrival,Zurich,Palma De Mallorca,swiss,Landed,20:10,20:21,2024-10-27 20:10:00,2024-10-27 20:21:00,11.0
2024-10-27,arrival,Zurich,Düsseldorf,euro,Landed,20:10,20:14,2024-10-27 20:10:00,2024-10-27 20:14:00,4.0
2024-10-27,arrival,Zurich,Geneva,swiss,Landed,20:10,20:23,2024-10-27 20:10:00,2024-10-27 20:23:00,13.0
2024-10-27,arrival,Zurich,Venice,swiss,Landed,20:15,20:16,2024-10-27 20:15:00,2024-10-27 20:16:00,1.0
2024-10-27,arrival,Zurich,Hamburg,swiss,Landed,20:15,20:11,2024-10-27 20:15:00,2024-10-27 20:11:00,-4.0
2024-10-27,arrival,Zurich,Nice,swiss,Landed,20:15,20:24,2024-10-27 20:15:00,2024-10-27 20:24:00,9.0
2024-10-27,arrival,Zurich,Hanover,swiss,Landed,20:20,20:12,2024-10-27 20:20:00,2024-10-27 20:12:00,-8.0
2024-10-27,arrival,Zurich,London LCY,swiss,Landed,20:20,20:19,2024-10-27 20:20:00,2024-10-27 20:19:00,-1.0
2024-10-27,arrival,Zurich,Lisbon,easyjet,Landed,20:35,21:11,2024-10-27 20:35:00,2024-10-27 21:11:00,36.0
2024-10-27,arrival,Zurich,Barcelona,vueling,Cancelled,20:40,20:40,2024-10-27 20:40:00,2024-10-27 20:40:00,0.0
2024-10-27,arrival,Zurich,Berlin,easyjet,Landed,20:40,21:15,2024-10-27 20:40:00,2024-10-27 21:15:00,35.0
2024-10-27,arrival,Zurich,London LTN,easyjet,Landed,20:45,21:00,2024-10-27 20:45:00,2024-10-27 21:00:00,15.0
2024-10-27,arrival,Zurich,London LGW,easyjet,Landed,20:50,20:53,2024-10-27 20:50:00,2024-10-27 20:53:00,3.0
2024-10-27,arrival,Zurich,Cologne Bonn,euro,Landed,20:50,20:55,2024-10-27 20:50:00,2024-10-27 20:55:00,5.0
2024-10-27,arrival,Zurich,Naples,swiss,Landed,17:00,16:54,2024-10-27 17:00:00,2024-10-27 16:54:00,-6.0
2024-10-27,arrival,Zurich,Paris CDG,airfrance,Landed,17:00,16:58,2024-10-27 17:00:00,2024-10-27 16:58:00,-2.0
2024-10-27,arrival,Zurich,Marsa Alam,edelweiss,Landed,17:05,16:47,2024-10-27 17:05:00,2024-10-27 16:47:00,-18.0
2024-10-27,arrival,Zurich,Lisbon,tap,Landed,17:10,18:09,2024-10-27 17:10:00,2024-10-27 18:09:00,59.0
2024-10-27,arrival,Zurich,Istanbul IST,turkish,Landed,17:10,17:05,2024-10-27 17:10:00,2024-10-27 17:05:00,-5.0
2024-10-27,arrival,Zurich,Frankfurt,lufthansa_neu,Landed,17:15,17:23,2024-10-27 17:15:00,2024-10-27 17:23:00,8.0
2024-10-27,arrival,Zurich,Madrid,europa,Landed,17:15,17:44,2024-10-27 17:15:00,2024-10-27 17:44:00,29.0
2024-10-27,arrival,Zurich,Berlin,swiss,Landed,17:15,17:22,2024-10-27 17:15:00,2024-10-27 17:22:00,7.0
2024-10-27,arrival,Zurich,London LHR,british,Landed,17:20,17:32,2024-10-27 17:20:00,2024-10-27 17:32:00,12.0
2024-10-27,arrival,Zurich,Malé,edelweiss,Landed,17:25,18:56,2024-10-27 17:25:00,2024-10-27 18:56:00,91.0
2024-10-27,arrival,Zurich,Hurghada,cairo,Landed,17:25,17:51,2024-10-27 17:25:00,2024-10-27 17:51:00,26.0
2024-10-27,arrival,Zurich,Brindisi,swiss,Landed,17:30,17:13,2024-10-27 17:30:00,2024-10-27 17:13:00,-17.0
2024-10-27,arrival,Zurich,Stockholm,swiss,Landed,17:55,18:03,2024-10-27 17:55:00,2024-10-27 18:03:00,8.0
2024-10-27,arrival,Zurich,Larnaca,edelweiss,Landed,18:05,17:55,2024-10-27 18:05:00,2024-10-27 17:55:00,-10.0
2024-10-27,arrival,Zurich,Delhi,air_india_logo,Landed,18:15,17:50,2024-10-27 18:15:00,2024-10-27 17:50:00,-25.0
2024-10-27,arrival,Zurich,Helsinki,finnair,Landed,18:20,18:20,2024-10-27 18:20:00,2024-10-27 18:20:00,0.0
2024-10-27,arrival,Zurich,Athens,aegan,Landed,18:20,18:16,2024-10-27 18:20:00,2024-10-27 18:16:00,-4.0
2024-10-27,arrival,Zurich,Bucharest,swiss,Landed,18:20,18:03,2024-10-27 18:20:00,2024-10-27 18:03:00,-17.0
2024-10-27,arrival,Zurich,Amsterdam,klm,Landed,18:25,18:29,2024-10-27 18:25:00,2024-10-27 18:29:00,4.0
2024-10-27,arrival,Zurich,Malaga,swiss,Landed,18:25,18:14,2024-10-27 18:25:00,2024-10-27 18:14:00,-11.0
2024-10-27,arrival,Zurich,Tokyo,swiss,Landed,18:30,18:26,2024-10-27 18:30:00,2024-10-27 18:26:00,-4.0
2024-10-27,arrival,Zurich,London LCY,british,Landed,18:35,19:14,2024-10-27 18:35:00,2024-10-27 19:14:00,39.0
2024-10-27,arrival,Zurich,Riga,baltic,Landed,18:35,18:34,2024-10-27 18:35:00,2024-10-27 18:34:00,-1.0
2024-10-27,arrival,Zurich,Vienna,austrian,Landed,18:40,18:31,2024-10-27 18:40:00,2024-10-27 18:31:00,-9.0
2024-10-27,arrival,Zurich,Malta,swiss,Landed,18:55,18:53,2024-10-27 18:55:00,2024-10-27 18:53:00,-2.0
2024-10-27,arrival,Zurich,London LHR,british,Landed,18:55,18:51,2024-10-27 18:55:00,2024-10-27 18:51:00,-4.0
2024-10-27,arrival,Zurich,Madrid,iberia,Landed,18:55,19:28,2024-10-27 18:55:00,2024-10-27 19:28:00,33.0
2024-10-27,arrival,Zurich,Istanbul SAW,pegasus,Landed,15:00,14:51,2024-10-27 15:00:00,2024-10-27 14:51:00,-9.0
2024-10-27,arrival,Zurich,Hamburg,euro,Landed,15:05,15:00,2024-10-27 15:05:00,2024-10-27 15:00:00,-5.0
2024-10-27,arrival,Zurich,Düsseldorf,euro,Landed,15:10,15:29,2024-10-27 15:10:00,2024-10-27 15:29:00,19.0
2024-10-27,arrival,Zurich,Los Angeles,swiss,Landed,15:15,14:56,2024-10-27 15:15:00,2024-10-27 14:56:00,-19.0
2024-10-27,arrival,Zurich,Antalya,edelweiss,Landed,15:15,15:23,2024-10-27 15:15:00,2024-10-27 15:23:00,8.0
2024-10-27,arrival,Zurich,Porto,swiss,Landed,15:30,15:54,2024-10-27 15:30:00,2024-10-27 15:54:00,24.0
2024-10-27,arrival,Zurich,Oslo,swiss,Landed,15:30,15:07,2024-10-27 15:30:00,2024-10-27 15:07:00,-23.0
2024-10-27,arrival,Zurich,London LHR,british,Landed,15:30,15:14,2024-10-27 15:30:00,2024-10-27 15:14:00,-16.0
2024-10-27,arrival,Zurich,San Francisco,swiss,Landed,15:30,15:13,2024-10-27 15:30:00,2024-10-27 15:13:00,-17.0
2024-10-27,arrival,Zurich,Hanover,swiss,Landed,15:35,15:24,2024-10-27 15:35:00,2024-10-27 15:24:00,-11.0
2024-10-27,arrival,Zurich,Graz,swiss,Landed,15:35,15:33,2024-10-27 15:35:00,2024-10-27 15:33:00,-2.0
2024-10-27,arrival,Zurich,Frankfurt,swiss,Landed,15:40,15:41,2024-10-27 15:40:00,2024-10-27 15:41:00,1.0
2024-10-27,arrival,Zurich,Stockholm,swiss,Landed,15:40,15:45,2024-10-27 15:40:00,2024-10-27 15:45:00,5.0
2024-10-27,arrival,Zurich,Malaga,swiss,Landed,15:40,16:07,2024-10-27 15:40:00,2024-10-27 16:07:00,27.0
2024-10-27,arrival,Zurich,Geneva,swiss,Landed,15:45,15:34,2024-10-27 15:45:00,2024-10-27 15:34:00,-11.0
2024-10-27,arrival,Zurich,Athens,swiss,Landed,15:45,15:27,2024-10-27 15:45:00,2024-10-27 15:27:00,-18.0
2024-10-27,arrival,Zurich,Ljubljana,swiss,Landed,15:45,15:33,2024-10-27 15:45:00,2024-10-27 15:33:00,-12.0
2024-10-27,arrival,Zurich,Gran Canaria,edelweiss,Landed,15:50,15:41,2024-10-27 15:50:00,2024-10-27 15:41:00,-9.0
2024-10-27,arrival,Zurich,Fuerteventura,edelweiss,Landed,15:50,15:39,2024-10-27 15:50:00,2024-10-27 15:39:00,-11.0
2024-10-27,arrival,Zurich,London LCY,swiss,Landed,16:00,16:01,2024-10-27 16:00:00,2024-10-27 16:01:00,1.0
2024-10-27,arrival,Zurich,Prague,swiss,Landed,16:05,15:58,2024-10-27 16:05:00,2024-10-27 15:58:00,-7.0
2024-10-27,arrival,Zurich,Düsseldorf,swiss,Landed,16:05,15:58,2024-10-27 16:05:00,2024-10-27 15:58:00,-7.0
2024-10-27,arrival,Zurich,Milan MXP,swiss,Landed,16:05,15:53,2024-10-27 16:05:00,2024-10-27 15:53:00,-12.0
2024-10-27,arrival,Zurich,Florence,swiss,Landed,16:05,16:05,2024-10-27 16:05:00,2024-10-27 16:05:00,0.0
2024-10-27,arrival,Zurich,Palma De Mallorca,chair,Landed,16:10,17:32,2024-10-27 16:10:00,2024-10-27 17:32:00,82.0
2024-10-27,arrival,Zurich,Venice,swiss,Landed,16:10,16:02,2024-10-27 16:10:00,2024-10-27 16:02:00,-8.0
2024-10-27,arrival,Zurich,Cairo,swiss,Landed,16:15,20:19,2024-10-27 16:15:00,2024-10-27 20:19:00,244.0
2024-10-27,arrival,Zurich,Nice,swiss,Landed,16:15,16:17,2024-10-27 16:15:00,2024-10-27 16:17:00,2.0
2024-10-27,arrival,Zurich,Paris CDG,swiss,Landed,16:15,16:11,2024-10-27 16:15:00,2024-10-27 16:11:00,-4.0
2024-10-27,arrival,Zurich,Lisbon,swiss,Landed,16:20,16:21,2024-10-27 16:20:00,2024-10-27 16:21:00,1.0
2024-10-27,arrival,Zurich,Berlin,swiss,Landed,16:20,17:38,2024-10-27 16:20:00,2024-10-27 17:38:00,78.0
2024-10-27,arrival,Zurich,Hamburg,swiss,Landed,16:20,16:19,2024-10-27 16:20:00,2024-10-27 16:19:00,-1.0
2024-10-27,arrival,Zurich,Rome FCO,swiss,Landed,16:25,16:30,2024-10-27 16:25:00,2024-10-27 16:30:00,5.0
2024-10-27,arrival,Zurich,Vienna,swiss,Landed,16:25,18:40,2024-10-27 16:25:00,2024-10-27 18:40:00,135.0
2024-10-27,arrival,Zurich,Cluj-Napoca,swiss,Landed,16:25,16:15,2024-10-27 16:25:00,2024-10-27 16:15:00,-10.0
2024-10-27,arrival,Zurich,Skopje,chair,Landed,16:25,16:20,2024-10-27 16:25:00,2024-10-27 16:20:00,-5.0
2024-10-27,arrival,Zurich,Munich,lufthansa_neu,Landed,16:30,17:00,2024-10-27 16:30:00,2024-10-27 17:00:00,30.0
2024-10-27,arrival,Zurich,Belgrade,swiss,Landed,16:30,16:28,2024-10-27 16:30:00,2024-10-27 16:28:00,-2.0
2024-10-27,arrival,Zurich,Krakow,swiss,Landed,16:30,16:27,2024-10-27 16:30:00,2024-10-27 16:27:00,-3.0
2024-10-27,arrival,Zurich,Warsaw,swiss,Landed,16:35,16:43,2024-10-27 16:35:00,2024-10-27 16:43:00,8.0
2024-10-27,arrival,Zurich,Copenhagen,swiss,Landed,16:35,16:46,2024-10-27 16:35:00,2024-10-27 16:46:00,11.0
2024-10-27,arrival,Zurich,Bordeaux,swiss,Landed,16:35,16:26,2024-10-27 16:35:00,2024-10-27 16:26:00,-9.0
2024-10-27,arrival,Zurich,Budapest,swiss,Landed,16:35,16:37,2024-10-27 16:35:00,2024-10-27 16:37:00,2.0
2024-10-27,arrival,Zurich,Barcelona,swiss,Landed,16:40,17:26,2024-10-27 16:40:00,2024-10-27 17:26:00,46.0
2024-10-27,arrival,Zurich,Hurghada,chair,Landed,16:40,16:39,2024-10-27 16:40:00,2024-10-27 16:39:00,-1.0
2024-10-27,arrival,Zurich,Brussels,swiss,Landed,16:40,16:41,2024-10-27 16:40:00,2024-10-27 16:41:00,1.0
2024-10-27,arrival,Zurich,Palma De Mallorca,edelweiss,Landed,16:45,16:40,2024-10-27 16:45:00,2024-10-27 16:40:00,-5.0
2024-10-27,arrival,Zurich,Amsterdam,klm,Landed,16:45,16:37,2024-10-27 16:45:00,2024-10-27 16:37:00,-8.0
2024-10-27,arrival,Zurich,London LHR,swiss,Landed,16:45,16:24,2024-10-27 16:45:00,2024-10-27 16:24:00,-21.0
2024-10-27,arrival,Zurich,Tenerife,edelweiss,Landed,16:45,16:34,2024-10-27 16:45:00,2024-10-27 16:34:00,-11.0
2024-10-27,arrival,Zurich,Palermo,swiss,Landed,16:50,16:51,2024-10-27 16:50:00,2024-10-27 16:51:00,1.0
2024-10-27,arrival,Zurich,Amsterdam,swiss,Landed,16:50,16:52,2024-10-27 16:50:00,2024-10-27 16:52:00,2.0
2024-10-27,arrival,Zurich,Malta,km_malta_airlines,Landed,16:50,16:53,2024-10-27 16:50:00,2024-10-27 16:53:00,3.0
2024-10-27,arrival,Zurich,Gothenburg,swiss,Landed,16:50,16:49,2024-10-27 16:50:00,2024-10-27 16:49:00,-1.0
2024-10-27,arrival,Zurich,Hurghada,edelweiss,Landed,16:55,16:48,2024-10-27 16:55:00,2024-10-27 16:48:00,-7.0
2024-10-27,arrival,Zurich,London LHR,british,Landed,13:05,12:56,2024-10-27 13:05:00,2024-10-27 12:56:00,-9.0
2024-10-27,arrival,Zurich,Izmir,sun,Landed,13:10,13:00,2024-10-27 13:10:00,2024-10-27 13:00:00,-10.0
2024-10-27,arrival,Zurich,Istanbul SAW,ajet_logo,Landed,13:10,12:54,2024-10-27 13:10:00,2024-10-27 12:54:00,-16.0
2024-10-27,arrival,Zurich,Amsterdam,klm,Landed,13:35,13:39,2024-10-27 13:35:00,2024-10-27 13:39:00,4.0
2024-10-27,arrival,Zurich,Doha,qatar,Landed,13:40,13:07,2024-10-27 13:40:00,2024-10-27 13:07:00,-33.0
2024-10-27,arrival,Zurich,Frankfurt,lufthansa_neu,Landed,13:45,13:53,2024-10-27 13:45:00,2024-10-27 13:53:00,8.0
2024-10-27,arrival,Zurich,Oslo,sas,Landed,13:50,13:45,2024-10-27 13:50:00,2024-10-27 13:45:00,-5.0
2024-10-27,arrival,Zurich,Zurich,swiss,Landed,13:50,13:52,2024-10-27 13:50:00,2024-10-27 13:52:00,2.0
2024-10-27,arrival,Zurich,Istanbul IST,turkish,Landed,13:55,13:33,2024-10-27 13:55:00,2024-10-27 13:33:00,-22.0
2024-10-27,arrival,Zurich,Madrid,iberia,Landed,14:10,14:03,2024-10-27 14:10:00,2024-10-27 14:03:00,-7.0
2024-10-27,arrival,Zurich,Belgrade,serbia,Landed,14:15,14:18,2024-10-27 14:15:00,2024-10-27 14:18:00,3.0
2024-10-27,arrival,Zurich,Vienna,austrian,Landed,14:20,14:15,2024-10-27 14:20:00,2024-10-27 14:15:00,-5.0
2024-10-27,arrival,Zurich,Amman,jordanian,Landed,14:25,13:43,2024-10-27 14:25:00,2024-10-27 13:43:00,-42.0
2024-10-27,arrival,Zurich,London LHR,swiss,Landed,14:45,14:50,2024-10-27 14:45:00,2024-10-27 14:50:00,5.0
2024-10-27,arrival,Zurich,Valencia,swiss,Landed,14:45,14:39,2024-10-27 14:45:00,2024-10-27 14:39:00,-6.0
2024-10-27,arrival,Zurich,Palma De Mallorca,swiss,Landed,14:45,14:31,2024-10-27 14:45:00,2024-10-27 14:31:00,-14.0
2024-10-27,arrival,Zurich,Düsseldorf,swiss,Landed,11:00,10:57,2024-10-27 11:00:00,2024-10-27 10:57:00,-3.0
2024-10-27,arrival,Zurich,Geneva,swiss,Landed,11:00,10:54,2024-10-27 11:00:00,2024-10-27 10:54:00,-6.0
2024-10-27,arrival,Zurich,Hamburg,swiss,Landed,11:00,11:50,2024-10-27 11:00:00,2024-10-27 11:50:00,50.0
2024-10-27,arrival,Zurich,Brussels,swiss,Landed,11:05,10:54,2024-10-27 11:05:00,2024-10-27 10:54:00,-11.0
2024-10-27,arrival,Zurich,Amsterdam,klm,Landed,11:05,11:17,2024-10-27 11:05:00,2024-10-27 11:17:00,12.0
2024-10-27,arrival,Zurich,Berlin,swiss,Landed,11:05,11:20,2024-10-27 11:05:00,2024-10-27 11:20:00,15.0
2024-10-27,arrival,Zurich,Prague,swiss,Landed,11:10,11:05,2024-10-27 11:10:00,2024-10-27 11:05:00,-5.0
2024-10-27,arrival,Zurich,Vienna,swiss,Landed,11:10,11:07,2024-10-27 11:10:00,2024-10-27 11:07:00,-3.0
2024-10-27,arrival,Zurich,Boston,swiss,Landed,11:10,10:48,2024-10-27 11:10:00,2024-10-27 10:48:00,-22.0
2024-10-27,arrival,Zurich,Madrid,iberia,Landed,11:10,10:59,2024-10-27 11:10:00,2024-10-27 10:59:00,-11.0
2024-10-27,arrival,Zurich,Budapest,swiss,Landed,11:15,11:24,2024-10-27 11:15:00,2024-10-27 11:24:00,9.0
2024-10-27,arrival,Zurich,Amsterdam,swiss,Landed,11:15,11:20,2024-10-27 11:15:00,2024-10-27 11:20:00,5.0
2024-10-27,arrival,Zurich,Palma De Mallorcavia Zurich,chair,Landed,11:15,12:09,2024-10-27 11:15:00,2024-10-27 12:09:00,54.0
2024-10-27,arrival,Zurich,Palma De Mallorca,swiss,Landed,11:20,11:24,2024-10-27 11:20:00,2024-10-27 11:24:00,4.0
2024-10-27,arrival,Zurich,Paris CDG,swiss,Landed,11:20,11:06,2024-10-27 11:20:00,2024-10-27 11:06:00,-14.0
2024-10-27,arrival,Zurich,Venice,swiss,Landed,11:20,11:08,2024-10-27 11:20:00,2024-10-27 11:08:00,-12.0
2024-10-27,arrival,Zurich,Rome FCO,swiss,Landed,11:20,11:43,2024-10-27 11:20:00,2024-10-27 11:43:00,23.0
2024-10-27,arrival,Zurich,Belgrade,swiss,Landed,11:25,11:15,2024-10-27 11:25:00,2024-10-27 11:15:00,-10.0
2024-10-27,arrival,Zurich,Palermo,swiss,Landed,11:30,11:17,2024-10-27 11:30:00,2024-10-27 11:17:00,-13.0
2024-10-27,arrival,Zurich,London LGW,easyjet,Landed,11:30,12:56,2024-10-27 11:30:00,2024-10-27 12:56:00,86.0
2024-10-27,arrival,Zurich,Geneva,swiss,Landed,11:30,11:21,2024-10-27 11:30:00,2024-10-27 11:21:00,-9.0
2024-10-27,arrival,Zurich,Milan MXP,swiss,Landed,11:35,11:25,2024-10-27 11:35:00,2024-10-27 11:25:00,-10.0
2024-10-27,arrival,Zurich,Copenhagen,swiss,Landed,11:40,11:39,2024-10-27 11:40:00,2024-10-27 11:39:00,-1.0
2024-10-27,arrival,Zurich,Barcelona,swiss,Landed,11:40,12:18,2024-10-27 11:40:00,2024-10-27 12:18:00,38.0
2024-10-27,arrival,Zurich,Newark,swiss,Landed,11:40,11:09,2024-10-27 11:40:00,2024-10-27 11:09:00,-31.0
2024-10-27,arrival,Zurich,London LHR,british,Landed,11:45,11:34,2024-10-27 11:45:00,2024-10-27 11:34:00,-11.0
2024-10-27,arrival,Zurich,Luxembourg,swiss,Landed,11:45,11:44,2024-10-27 11:45:00,2024-10-27 11:44:00,-1.0
2024-10-27,arrival,Zurich,Nice,swiss,Landed,11:45,11:30,2024-10-27 11:45:00,2024-10-27 11:30:00,-15.0
2024-10-27,arrival,Zurich,London LHR,swiss,Landed,11:50,11:38,2024-10-27 11:50:00,2024-10-27 11:38:00,-12.0
2024-10-27,arrival,Zurich,Pristina,edelweiss,Landed,11:50,11:34,2024-10-27 11:50:00,2024-10-27 11:34:00,-16.0
2024-10-27,arrival,Zurich,Tirana,swiss,Landed,11:50,11:52,2024-10-27 11:50:00,2024-10-27 11:52:00,2.0
2024-10-27,arrival,Zurich,Warsaw,swiss,Landed,11:50,11:30,2024-10-27 11:50:00,2024-10-27 11:30:00,-20.0
2024-10-27,arrival,Zurich,Manchester,swiss,Landed,11:55,11:49,2024-10-27 11:55:00,2024-10-27 11:49:00,-6.0
2024-10-27,arrival,Zurich,Bologna,swiss,Landed,11:55,11:53,2024-10-27 11:55:00,2024-10-27 11:53:00,-2.0
2024-10-27,arrival,Zurich,Amsterdam,swiss,Landed,12:05,12:02,2024-10-27 12:05:00,2024-10-27 12:02:00,-3.0
2024-10-27,arrival,Zurich,Djerba,edelweiss,Landed,12:05,11:54,2024-10-27 12:05:00,2024-10-27 11:54:00,-11.0
2024-10-27,arrival,Zurich,Geneva,swiss,Landed,12:05,12:01,2024-10-27 12:05:00,2024-10-27 12:01:00,-4.0
2024-10-27,arrival,Zurich,Reykjavík,iceland,Landed,12:05,11:39,2024-10-27 12:05:00,2024-10-27 11:39:00,-26.0
2024-10-27,arrival,Zurich,Madrid,swiss,Landed,12:10,12:08,2024-10-27 12:10:00,2024-10-27 12:08:00,-2.0
2024-10-27,arrival,Zurich,Berlin,swiss,Landed,12:15,11:56,2024-10-27 12:15:00,2024-10-27 11:56:00,-19.0
2024-10-27,arrival,Zurich,Podgorica,air-montenegro,Landed,12:20,12:15,2024-10-27 12:20:00,2024-10-27 12:15:00,-5.0
2024-10-27,arrival,Zurich,Dubai DXB,emirates-neu,Landed,12:25,12:42,2024-10-27 12:25:00,2024-10-27 12:42:00,17.0
2024-10-27,arrival,Zurich,Sofia,swiss,Landed,12:25,12:19,2024-10-27 12:25:00,2024-10-27 12:19:00,-6.0
2024-10-27,arrival,Zurich,Thessaloniki,swiss,Landed,12:25,12:17,2024-10-27 12:25:00,2024-10-27 12:17:00,-8.0
2024-10-27,arrival,Zurich,Heraklion,edelweiss,Landed,12:30,12:42,2024-10-27 12:30:00,2024-10-27 12:42:00,12.0
2024-10-27,arrival,Zurich,Dublin,swiss,Landed,12:30,12:15,2024-10-27 12:30:00,2024-10-27 12:15:00,-15.0
2024-10-27,arrival,Zurich,Faro,edelweiss,Landed,12:30,12:27,2024-10-27 12:30:00,2024-10-27 12:27:00,-3.0
2024-10-27,arrival,Zurich,Lisbon,tap,Landed,12:40,13:03,2024-10-27 12:40:00,2024-10-27 13:03:00,23.0
2024-10-27,arrival,Zurich,Antalya,sun,Landed,12:50,12:37,2024-10-27 12:50:00,2024-10-27 12:37:00,-13.0
2024-10-27,arrival,Zurich,Munich,lufthansa_neu,Landed,12:55,12:48,2024-10-27 12:55:00,2024-10-27 12:48:00,-7.0
2024-10-27,arrival,Zurich,Antalya,pegasus,Landed,09:05,09:47,2024-10-27 09:05:00,2024-10-27 09:47:00,42.0
2024-10-27,arrival,Zurich,Alicante,easyjet,Landed,09:15,09:20,2024-10-27 09:15:00,2024-10-27 09:20:00,5.0
2024-10-27,arrival,Zurich,Madrid,europa,Landed,09:25,09:26,2024-10-27 09:25:00,2024-10-27 09:26:00,1.0
2024-10-27,arrival,Zurich,Warsaw,lot,Landed,09:35,09:35,2024-10-27 09:35:00,2024-10-27 09:35:00,0.0
2024-10-27,arrival,Zurich,Buenos Airesvia Sao Paulo,swiss,Landed,09:40,09:33,2024-10-27 09:40:00,2024-10-27 09:33:00,-7.0
2024-10-27,arrival,Zurich,Copenhagen,sas,Landed,09:45,09:45,2024-10-27 09:45:00,2024-10-27 09:45:00,0.0
2024-10-27,arrival,Zurich,Lisbon,swiss,Landed,09:50,09:44,2024-10-27 09:50:00,2024-10-27 09:44:00,-6.0
2024-10-27,arrival,Zurich,Tel Aviv,elalisrael,Landed,09:50,10:03,2024-10-27 09:50:00,2024-10-27 10:03:00,13.0
2024-10-27,arrival,Zurich,Helsinki,finnair,Landed,09:50,09:48,2024-10-27 09:50:00,2024-10-27 09:48:00,-2.0
2024-10-27,arrival,Zurich,Istanbul IST,turkish,Landed,09:50,09:18,2024-10-27 09:50:00,2024-10-27 09:18:00,-32.0
2024-10-27,arrival,Zurich,Punta Cana,edelweiss,Landed,10:00,10:01,2024-10-27 10:00:00,2024-10-27 10:01:00,1.0
2024-10-27,arrival,Zurich,Zagreb,croatia_v2,Landed,10:05,10:21,2024-10-27 10:05:00,2024-10-27 10:21:00,16.0
2024-10-27,arrival,Zurich,Frankfurt,swiss,Landed,10:05,09:54,2024-10-27 10:05:00,2024-10-27 09:54:00,-11.0
2024-10-27,arrival,Zurich,Munich,swiss,Landed,10:10,10:04,2024-10-27 10:10:00,2024-10-27 10:04:00,-6.0
2024-10-27,arrival,Zurich,Athens,aegan,Landed,10:20,10:21,2024-10-27 10:20:00,2024-10-27 10:21:00,1.0
2024-10-27,arrival,Zurich,Cancun,edelweiss,Landed,10:25,10:44,2024-10-27 10:25:00,2024-10-27 10:44:00,19.0
2024-10-27,arrival,Zurich,Toronto,canada,Landed,10:25,09:38,2024-10-27 10:25:00,2024-10-27 09:38:00,-47.0
2024-10-27,arrival,Zurich,London LHR,british,Landed,10:25,10:17,2024-10-27 10:25:00,2024-10-27 10:17:00,-8.0
2024-10-27,arrival,Zurich,New York,delta,Landed,10:30,10:08,2024-10-27 10:30:00,2024-10-27 10:08:00,-22.0
2024-10-27,arrival,Zurich,Washington,swiss,Landed,10:35,10:28,2024-10-27 10:35:00,2024-10-27 10:28:00,-7.0
2024-10-27,arrival,Zurich,Istanbul SAW,pegasus,Landed,10:35,10:30,2024-10-27 10:35:00,2024-10-27 10:30:00,-5.0
2024-10-27,arrival,Zurich,Porto,easyjet,Landed,10:35,10:55,2024-10-27 10:35:00,2024-10-27 10:55:00,20.0
2024-10-27,arrival,Zurich,Frankfurt,lufthansa_neu,Landed,10:40,10:38,2024-10-27 10:40:00,2024-10-27 10:38:00,-2.0
2024-10-27,arrival,Zurich,New York,swiss,Landed,10:40,10:25,2024-10-27 10:40:00,2024-10-27 10:25:00,-15.0
2024-10-27,arrival,Zurich,Chicago,swiss,Landed,10:45,10:50,2024-10-27 10:45:00,2024-10-27 10:50:00,5.0
2024-10-27,arrival,Zurich,Pristina,chair,Landed,10:45,10:33,2024-10-27 10:45:00,2024-10-27 10:33:00,-12.0
2024-10-27,arrival,Zurich,Miami,swiss,Landed,10:50,10:13,2024-10-27 10:50:00,2024-10-27 10:13:00,-37.0
2024-10-27,arrival,Zurich,Stuttgart,swiss,Landed,10:55,10:57,2024-10-27 10:55:00,2024-10-27 10:57:00,2.0
2024-10-27,arrival,Zurich,Florence,swiss,Landed,10:55,10:37,2024-10-27 10:55:00,2024-10-27 10:37:00,-18.0
2024-10-27,arrival,Zurich,Geneva,swiss,Landed,07:00,06:52,2024-10-27 07:00:00,2024-10-27 06:52:00,-8.0
2024-10-27,arrival,Zurich,Doha,qatar,Landed,07:10,07:17,2024-10-27 07:10:00,2024-10-27 07:17:00,7.0
2024-10-27,arrival,Zurich,Heraklion,edelweiss,Landed,07:25,07:14,2024-10-27 07:25:00,2024-10-27 07:14:00,-11.0
2024-10-27,arrival,Zurich,Florence,swiss,Landed,07:25,06:59,2024-10-27 07:25:00,2024-10-27 06:59:00,-26.0
2024-10-27,arrival,Zurich,Hong Kong,cathay,Landed,07:30,06:45,2024-10-27 07:30:00,2024-10-27 06:45:00,-45.0
2024-10-27,arrival,Zurich,Newark,united,Landed,07:40,07:07,2024-10-27 07:40:00,2024-10-27 07:07:00,-33.0
2024-10-27,arrival,Zurich,Addis Ababavia Milan,ethiopianairlineslogosvg,Landed,07:40,08:05,2024-10-27 07:40:00,2024-10-27 08:05:00,25.0
2024-10-27,arrival,Zurich,Antalya,sun,Landed,07:45,07:27,2024-10-27 07:45:00,2024-10-27 07:27:00,-18.0
2024-10-27,arrival,Zurich,Milan MXP,swiss,Landed,07:45,07:32,2024-10-27 07:45:00,2024-10-27 07:32:00,-13.0
2024-10-27,arrival,Zurich,Ljubljana,swiss,Landed,07:45,07:35,2024-10-27 07:45:00,2024-10-27 07:35:00,-10.0
2024-10-27,arrival,Zurich,Singapore,singapore,Landed,07:50,07:23,2024-10-27 07:50:00,2024-10-27 07:23:00,-27.0
2024-10-27,arrival,Zurich,Vilnius,swiss,Landed,07:55,08:00,2024-10-27 07:55:00,2024-10-27 08:00:00,5.0
2024-10-27,arrival,Zurich,Chicago,united,Landed,07:55,07:45,2024-10-27 07:55:00,2024-10-27 07:45:00,-10.0
2024-10-27,arrival,Zurich,Budapest,swiss,Landed,07:55,07:52,2024-10-27 07:55:00,2024-10-27 07:52:00,-3.0
2024-10-27,arrival,Zurich,Tallinn,swiss,Landed,08:05,07:55,2024-10-27 08:05:00,2024-10-27 07:55:00,-10.0
2024-10-27,arrival,Zurich,Bucharest,swiss,Landed,08:05,07:49,2024-10-27 08:05:00,2024-10-27 07:49:00,-16.0
2024-10-27,arrival,Zurich,Prague,swiss,Landed,08:10,07:59,2024-10-27 08:10:00,2024-10-27 07:59:00,-11.0
2024-10-27,arrival,Zurich,Malaga,swiss,Landed,08:15,08:11,2024-10-27 08:15:00,2024-10-27 08:11:00,-4.0
2024-10-27,arrival,Zurich,Philadelphia,american,Landed,08:15,07:42,2024-10-27 08:15:00,2024-10-27 07:42:00,-33.0
2024-10-27,arrival,Zurich,Amsterdam,klm,Landed,08:15,08:22,2024-10-27 08:15:00,2024-10-27 08:22:00,7.0
2024-10-27,arrival,Zurich,Frankfurt,lufthansa_neu,Landed,08:20,08:29,2024-10-27 08:20:00,2024-10-27 08:29:00,9.0
2024-10-27,arrival,Zurich,Valencia,swiss,Landed,08:20,08:15,2024-10-27 08:20:00,2024-10-27 08:15:00,-5.0
2024-10-27,arrival,Zurich,Vienna,austrian,Landed,08:25,08:25,2024-10-27 08:25:00,2024-10-27 08:25:00,0.0
2024-10-27,arrival,Zurich,Amsterdam,swiss,Landed,08:25,08:31,2024-10-27 08:25:00,2024-10-27 08:31:00,6.0
2024-10-27,arrival,Zurich,Barcelona,swiss,Landed,08:30,08:33,2024-10-27 08:30:00,2024-10-27 08:33:00,3.0
2024-10-27,arrival,Zurich,Geneva,swiss,Landed,08:30,08:23,2024-10-27 08:30:00,2024-10-27 08:23:00,-7.0
2024-10-27,arrival,Zurich,Stockholm,swiss,Landed,08:35,08:41,2024-10-27 08:35:00,2024-10-27 08:41:00,6.0
2024-10-27,arrival,Zurich,London LHR,swiss,Landed,08:40,08:48,2024-10-27 08:40:00,2024-10-27 08:48:00,8.0
2024-10-27,arrival,Zurich,Copenhagen,swiss,Landed,08:45,08:35,2024-10-27 08:45:00,2024-10-27 08:35:00,-10.0
2024-10-27,arrival,Zurich,Munich,lufthansa_neu,Landed,08:45,08:51,2024-10-27 08:45:00,2024-10-27 08:51:00,6.0
2024-10-27,arrival,Zurich,Paris CDG,swiss,Landed,08:45,08:38,2024-10-27 08:45:00,2024-10-27 08:38:00,-7.0
2024-10-27,arrival,Zurich,Berlin,swiss,Landed,08:45,08:53,2024-10-27 08:45:00,2024-10-27 08:53:00,8.0
2024-10-27,arrival,Zurich,Sofia,bulgaria,Landed,08:50,08:45,2024-10-27 08:50:00,2024-10-27 08:45:00,-5.0
2024-10-27,arrival,Zurich,Belgrade,serbia,Landed,08:50,08:44,2024-10-27 08:50:00,2024-10-27 08:44:00,-6.0
2024-10-27,arrival,Zurich,Barcelona,vueling,Landed,08:55,08:48,2024-10-27 08:55:00,2024-10-27 08:48:00,-7.0
2024-10-27,arrival,Zurich,Athens,swiss,Landed,08:55,08:56,2024-10-27 08:55:00,2024-10-27 08:56:00,1.0
2024-10-27,arrival,Zurich,Hong Kong,swiss,Landed,06:10,06:16,2024-10-27 06:10:00,2024-10-27 06:16:00,6.0
2024-10-27,arrival,Zurich,Mumbai,swiss,Landed,06:10,06:35,2024-10-27 06:10:00,2024-10-27 06:35:00,25.0
2024-10-27,arrival,Zurich,Singapore,swiss,Landed,06:10,06:15,2024-10-27 06:10:00,2024-10-27 06:15:00,5.0
2024-10-27,arrival,Zurich,New York,swiss,Landed,06:10,06:12,2024-10-27 06:10:00,2024-10-27 06:12:00,2.0
2024-10-27,arrival,Zurich,Johannesburg,swiss,Landed,06:15,06:10,2024-10-27 06:15:00,2024-10-27 06:10:00,-5.0
2024-10-27,arrival,Zurich,Montreal,swiss,Landed,06:15,06:18,2024-10-27 06:15:00,2024-10-27 06:18:00,3.0
2024-10-27,arrival,Zurich,Dubai DXB,swiss,Landed,06:15,06:25,2024-10-27 06:15:00,2024-10-27 06:25:00,10.0
2024-10-27,arrival,Zurich,Cairo,swiss,Landed,06:20,06:23,2024-10-27 06:20:00,2024-10-27 06:23:00,3.0
2024-10-27,arrival,Zurich,Delhi,swiss,Landed,06:20,06:20,2024-10-27 06:20:00,2024-10-27 06:20:00,0.0
2024-10-27,arrival,Zurich,Toronto,swiss,Landed,06:30,06:33,2024-10-27 06:30:00,2024-10-27 06:33:00,3.0
2024-10-27,arrival,Zurich,Kilimanjarovia Zanzibar,edelweiss,Landed,06:30,06:29,2024-10-27 06:30:00,2024-10-27 06:29:00,-1.0
2024-10-27,arrival,Zurich,Larnaca,edelweiss,Landed,06:30,06:27,2024-10-27 06:30:00,2024-10-27 06:27:00,-3.0
2024-10-27,arrival,Zurich,Abu Dhabi,etihad,Landed,06:30,06:50,2024-10-27 06:30:00,2024-10-27 06:50:00,20.0
2024-10-27,arrival,Zurich,Boston,swiss,Landed,06:35,06:39,2024-10-27 06:35:00,2024-10-27 06:39:00,4.0
2024-10-27,arrival,Zurich,Washington,united,Landed,06:40,06:31,2024-10-27 06:40:00,2024-10-27 06:31:00,-9.0
2024-10-27,arrival,Zurich,Hurghada,edelweiss,Landed,06:45,07:10,2024-10-27 06:45:00,2024-10-27 07:10:00,25.0
2024-10-27,arrival,Zurich,Geneva,swiss,Landed,06:45,06:41,2024-10-27 06:45:00,2024-10-27 06:41:00,-4.0
2024-10-27,arrival,Zurich,Bangkok,thai,Landed,06:55,06:37,2024-10-27 06:55:00,2024-10-27 06:37:00,-18.0
2024-10-27,departure,Zurich,Prague,swiss,Departed,21:00,21:05,2024-10-27 21:00:00,2024-10-27 21:05:00,5.0
2024-10-27,departure,Zurich,Athens,swiss,Departed,21:00,21:00,2024-10-27 21:00:00,2024-10-27 21:00:00,0.0
2024-10-27,departure,Zurich,Geneva,swiss,Departed,21:00,21:00,2024-10-27 21:00:00,2024-10-27 21:00:00,0.0
2024-10-27,departure,Zurich,Tallinn,swiss,Departed,21:05,21:00,2024-10-27 21:05:00,2024-10-27 21:00:00,-5.0
2024-10-27,departure,Zurich,Bucharest,swiss,Departed,21:05,21:10,2024-10-27 21:05:00,2024-10-27 21:10:00,5.0
2024-10-27,departure,Zurich,Barcelona,swiss,Departed,21:10,21:25,2024-10-27 21:10:00,2024-10-27 21:25:00,15.0
2024-10-27,departure,Zurich,Budapest,swiss,Departed,21:10,21:05,2024-10-27 21:10:00,2024-10-27 21:05:00,-5.0
2024-10-27,departure,Zurich,Copenhagen,swiss,Departed,21:15,21:10,2024-10-27 21:15:00,2024-10-27 21:10:00,-5.0
2024-10-27,departure,Zurich,Tel Aviv,elalisrael,Departed,21:15,21:25,2024-10-27 21:15:00,2024-10-27 21:25:00,10.0
2024-10-27,departure,Zurich,Berlin,easyjet,Departed,21:20,22:00,2024-10-27 21:20:00,2024-10-27 22:00:00,40.0
2024-10-27,departure,Zurich,Lisbon,easyjet,Departed,21:20,21:55,2024-10-27 21:20:00,2024-10-27 21:55:00,35.0
2024-10-27,departure,Zurich,Ljubljana,swiss,Departed,21:20,21:20,2024-10-27 21:20:00,2024-10-27 21:20:00,0.0
2024-10-27,departure,Zurich,London LTN,easyjet,Departed,21:25,21:46,2024-10-27 21:25:00,2024-10-27 21:46:00,21.0
2024-10-27,departure,Zurich,London LGW,easyjet,Departed,21:25,21:45,2024-10-27 21:25:00,2024-10-27 21:45:00,20.0
2024-10-27,departure,Zurich,Barcelona,vueling,Cancelled,21:25,21:25,2024-10-27 21:25:00,2024-10-27 21:25:00,0.0
2024-10-27,departure,Zurich,Cologne Bonn,euro,Departed,21:30,21:35,2024-10-27 21:30:00,2024-10-27 21:35:00,5.0
2024-10-27,departure,Zurich,Muscat,oman,Departed,21:35,21:30,2024-10-27 21:35:00,2024-10-27 21:30:00,-5.0
2024-10-27,departure,Zurich,Porto,easyjet,Departed,21:40,21:40,2024-10-27 21:40:00,2024-10-27 21:40:00,0.0
2024-10-27,departure,Zurich,Dubai DXB,emirates-neu,Departed,21:50,21:45,2024-10-27 21:50:00,2024-10-27 21:45:00,-5.0
2024-10-27,departure,Zurich,Malaga,swiss,Departed,22:25,22:25,2024-10-27 22:25:00,2024-10-27 22:25:00,0.0
2024-10-27,departure,Zurich,Cape Town,edelweiss,Departed,22:30,22:35,2024-10-27 22:30:00,2024-10-27 22:35:00,5.0
2024-10-27,departure,Zurich,Sao Paulo,swiss,Departed,22:40,22:45,2024-10-27 22:40:00,2024-10-27 22:45:00,5.0
2024-10-27,departure,Zurich,Singapore,swiss,Departed,22:40,22:50,2024-10-27 22:40:00,2024-10-27 22:50:00,10.0
2024-10-27,departure,Zurich,Hong Kong,swiss,Departed,22:40,22:45,2024-10-27 22:40:00,2024-10-27 22:45:00,5.0
2024-10-27,departure,Zurich,Johannesburg,swiss,Departed,22:45,22:45,2024-10-27 22:45:00,2024-10-27 22:45:00,0.0
2024-10-27,departure,Zurich,Geneva,swiss,Departed,22:45,22:45,2024-10-27 22:45:00,2024-10-27 22:45:00,0.0
2024-10-27,departure,Zurich,Split,edelweiss,Departed,19:00,19:00,2024-10-27 19:00:00,2024-10-27 19:00:00,0.0
2024-10-27,departure,Zurich,Munich,swiss,Departed,19:05,19:05,2024-10-27 19:05:00,2024-10-27 19:05:00,0.0
2024-10-27,departure,Zurich,Helsinki,finnair,Departed,19:05,19:05,2024-10-27 19:05:00,2024-10-27 19:05:00,0.0
2024-10-27,departure,Zurich,Amsterdam,klm,Departed,19:10,19:22,2024-10-27 19:10:00,2024-10-27 19:22:00,12.0
2024-10-27,departure,Zurich,London LCY,british,Departed,19:15,19:55,2024-10-27 19:15:00,2024-10-27 19:55:00,40.0
2024-10-27,departure,Zurich,Riga,baltic,Departed,19:20,19:25,2024-10-27 19:20:00,2024-10-27 19:25:00,5.0
2024-10-27,departure,Zurich,Athens,aegan,Departed,19:20,19:20,2024-10-27 19:20:00,2024-10-27 19:20:00,0.0
2024-10-27,departure,Zurich,Vienna,austrian,Departed,19:25,19:25,2024-10-27 19:25:00,2024-10-27 19:25:00,0.0
2024-10-27,departure,Zurich,Madrid,iberia,To details page,19:40,20:15,2024-10-27 19:40:00,2024-10-27 20:15:00,35.0
2024-10-27,departure,Zurich,London LHR,british,Departed,19:40,19:50,2024-10-27 19:40:00,2024-10-27 19:50:00,10.0
2024-10-27,departure,Zurich,Delhi,air_india_logo,Departed,19:50,19:50,2024-10-27 19:50:00,2024-10-27 19:50:00,0.0
2024-10-27,departure,Zurich,Warsaw,lot,Departed,19:55,20:20,2024-10-27 19:55:00,2024-10-27 20:20:00,25.0
2024-10-27,departure,Zurich,Zagreb,croatia_v2,Departed,19:55,19:55,2024-10-27 19:55:00,2024-10-27 19:55:00,0.0
2024-10-27,departure,Zurich,Frankfurt,lufthansa_neu,Departed,20:05,20:05,2024-10-27 20:05:00,2024-10-27 20:05:00,0.0
2024-10-27,departure,Zurich,Berlin,euro,Departed,20:10,20:40,2024-10-27 20:10:00,2024-10-27 20:40:00,30.0
2024-10-27,departure,Zurich,Hamburg,euro,Departed,20:10,20:35,2024-10-27 20:10:00,2024-10-27 20:35:00,25.0
2024-10-27,departure,Zurich,Munich,lufthansa_neu,Departed,20:15,20:15,2024-10-27 20:15:00,2024-10-27 20:15:00,0.0
2024-10-27,departure,Zurich,Addis Ababavia Milan,ethiopianairlineslogosvg,Departed,20:15,20:10,2024-10-27 20:15:00,2024-10-27 20:10:00,-5.0
2024-10-27,departure,Zurich,Copenhagen,sas,Departed,20:20,20:30,2024-10-27 20:20:00,2024-10-27 20:30:00,10.0
2024-10-27,departure,Zurich,Pristina,gp-aviation,Departed,20:20,20:20,2024-10-27 20:20:00,2024-10-27 20:20:00,0.0
2024-10-27,departure,Zurich,Belgrade,serbia,Departed,20:40,20:45,2024-10-27 20:40:00,2024-10-27 20:45:00,5.0
2024-10-27,departure,Zurich,Amsterdam,swiss,Departed,20:45,20:50,2024-10-27 20:45:00,2024-10-27 20:50:00,5.0
2024-10-27,departure,Zurich,Vienna,austrian,Departed,20:45,20:40,2024-10-27 20:45:00,2024-10-27 20:40:00,-5.0
2024-10-27,departure,Zurich,Düsseldorf,euro,Departed,20:50,20:50,2024-10-27 20:50:00,2024-10-27 20:50:00,0.0
2024-10-27,departure,Zurich,Milan MXP,swiss,Departed,20:50,20:45,2024-10-27 20:50:00,2024-10-27 20:45:00,-5.0
2024-10-27,departure,Zurich,Paris CDG,swiss,Departed,20:55,20:55,2024-10-27 20:55:00,2024-10-27 20:55:00,0.0
2024-10-27,departure,Zurich,Stockholm,swiss,Departed,20:55,20:55,2024-10-27 20:55:00,2024-10-27 20:55:00,0.0
2024-10-27,departure,Zurich,Berlin,swiss,Departed,20:55,20:55,2024-10-27 20:55:00,2024-10-27 20:55:00,0.0
2024-10-27,departure,Zurich,London LHR,swiss,Departed,20:55,20:55,2024-10-27 20:55:00,2024-10-27 20:55:00,0.0
2024-10-27,departure,Zurich,Warsaw,swiss,Departed,17:00,17:05,2024-10-27 17:00:00,2024-10-27 17:05:00,5.0
2024-10-27,departure,Zurich,London LHR,swiss,Departed,17:00,17:10,2024-10-27 17:00:00,2024-10-27 17:10:00,10.0
2024-10-27,departure,Zurich,Porto,swiss,Departed,17:00,17:00,2024-10-27 17:00:00,2024-10-27 17:00:00,0.0
2024-10-27,departure,Zurich,Manchester,swiss,Departed,17:05,17:05,2024-10-27 17:05:00,2024-10-27 17:05:00,0.0
2024-10-27,departure,Zurich,London LGW,swiss,Departed,17:05,17:05,2024-10-27 17:05:00,2024-10-27 17:05:00,0.0
2024-10-27,departure,Zurich,Nice,swiss,Departed,17:05,17:05,2024-10-27 17:05:00,2024-10-27 17:05:00,0.0
2024-10-27,departure,Zurich,Milan MXP,swiss,Departed,17:10,17:05,2024-10-27 17:10:00,2024-10-27 17:05:00,-5.0
2024-10-27,departure,Zurich,Munich,lufthansa_neu,Departed,17:10,17:35,2024-10-27 17:10:00,2024-10-27 17:35:00,25.0
2024-10-27,departure,Zurich,Birmingham,swiss,Departed,17:15,17:20,2024-10-27 17:15:00,2024-10-27 17:20:00,5.0
2024-10-27,departure,Zurich,Newark,swiss,Departed,17:15,17:15,2024-10-27 17:15:00,2024-10-27 17:15:00,0.0
2024-10-27,departure,Zurich,Skopje,edelweiss,Departed,17:15,17:15,2024-10-27 17:15:00,2024-10-27 17:15:00,0.0
2024-10-27,departure,Zurich,Copenhagen,swiss,Departed,17:15,17:15,2024-10-27 17:15:00,2024-10-27 17:15:00,0.0
2024-10-27,departure,Zurich,Alicante,swiss,Departed,17:20,17:20,2024-10-27 17:20:00,2024-10-27 17:20:00,0.0
2024-10-27,departure,Zurich,Venice,swiss,Departed,17:20,17:20,2024-10-27 17:20:00,2024-10-27 17:20:00,0.0
2024-10-27,departure,Zurich,Berlin,swiss,Departed,17:25,17:30,2024-10-27 17:25:00,2024-10-27 17:30:00,5.0
2024-10-27,departure,Zurich,Pristina,chair,Departed,17:25,17:30,2024-10-27 17:25:00,2024-10-27 17:30:00,5.0
2024-10-27,departure,Zurich,Belgrade,swiss,Departed,17:25,17:25,2024-10-27 17:25:00,2024-10-27 17:25:00,0.0
2024-10-27,departure,Zurich,Amsterdam,swiss,Departed,17:25,17:25,2024-10-27 17:25:00,2024-10-27 17:25:00,0.0
2024-10-27,departure,Zurich,Bremen,swiss,Departed,17:30,17:30,2024-10-27 17:30:00,2024-10-27 17:30:00,0.0
2024-10-27,departure,Zurich,Barcelona,swiss,Departed,17:30,17:45,2024-10-27 17:30:00,2024-10-27 17:45:00,15.0
2024-10-27,departure,Zurich,Boston,swiss,Departed,17:30,17:45,2024-10-27 17:30:00,2024-10-27 17:45:00,15.0
2024-10-27,departure,Zurich,Amsterdam,klm,Departed,17:30,17:30,2024-10-27 17:30:00,2024-10-27 17:30:00,0.0
2024-10-27,departure,Zurich,Paris CDG,swiss,Departed,17:35,17:40,2024-10-27 17:35:00,2024-10-27 17:40:00,5.0
2024-10-27,departure,Zurich,Budapest,swiss,Departed,17:35,17:40,2024-10-27 17:35:00,2024-10-27 17:40:00,5.0
2024-10-27,departure,Zurich,Rome FCO,swiss,Departed,17:35,17:55,2024-10-27 17:35:00,2024-10-27 17:55:00,20.0
2024-10-27,departure,Zurich,Düsseldorf,swiss,Departed,17:40,17:40,2024-10-27 17:40:00,2024-10-27 17:40:00,0.0
2024-10-27,departure,Zurich,Malta,km_malta_airlines,Departed,17:40,17:45,2024-10-27 17:40:00,2024-10-27 17:45:00,5.0
2024-10-27,departure,Zurich,Edinburgh,edelweiss,Departed,17:40,17:45,2024-10-27 17:40:00,2024-10-27 17:45:00,5.0
2024-10-27,departure,Zurich,Catania,edelweiss,Departed,17:45,17:45,2024-10-27 17:45:00,2024-10-27 17:45:00,0.0
2024-10-27,departure,Zurich,Vienna,swiss,Departed,17:45,17:45,2024-10-27 17:45:00,2024-10-27 17:45:00,0.0
2024-10-27,departure,Zurich,Pristina,edelweiss,Departed,17:50,17:50,2024-10-27 17:50:00,2024-10-27 17:50:00,0.0
2024-10-27,departure,Zurich,Prague,swiss,Departed,17:50,17:45,2024-10-27 17:50:00,2024-10-27 17:45:00,-5.0
2024-10-27,departure,Zurich,Paris CDG,airfrance,Departed,17:50,17:50,2024-10-27 17:50:00,2024-10-27 17:50:00,0.0
2024-10-27,departure,Zurich,Hamburg,swiss,Departed,17:50,17:55,2024-10-27 17:50:00,2024-10-27 17:55:00,5.0
2024-10-27,departure,Zurich,Brussels,swiss,Departed,17:55,18:00,2024-10-27 17:55:00,2024-10-27 18:00:00,5.0
2024-10-27,departure,Zurich,Ohrid,chair,Departed,17:55,17:55,2024-10-27 17:55:00,2024-10-27 17:55:00,0.0
2024-10-27,departure,Zurich,London LCY,swiss,Departed,17:55,18:00,2024-10-27 17:55:00,2024-10-27 18:00:00,5.0
2024-10-27,departure,Zurich,Geneva,swiss,Departed,18:00,18:15,2024-10-27 18:00:00,2024-10-27 18:15:00,15.0
2024-10-27,departure,Zurich,Bangkok,swiss,Departed,18:00,18:11,2024-10-27 18:00:00,2024-10-27 18:11:00,11.0
2024-10-27,departure,Zurich,Istanbul IST,turkish,Departed,18:05,18:05,2024-10-27 18:05:00,2024-10-27 18:05:00,0.0
2024-10-27,departure,Zurich,Lisbon,tap,Departed,18:05,18:55,2024-10-27 18:05:00,2024-10-27 18:55:00,50.0
2024-10-27,departure,Zurich,Frankfurt,lufthansa_neu,Departed,18:05,18:05,2024-10-27 18:05:00,2024-10-27 18:05:00,0.0
2024-10-27,departure,Zurich,Phuket,edelweiss,Departed,18:10,18:15,2024-10-27 18:10:00,2024-10-27 18:15:00,5.0
2024-10-27,departure,Zurich,London LHR,british,Departed,18:15,18:20,2024-10-27 18:15:00,2024-10-27 18:20:00,5.0
2024-10-27,departure,Zurich,London LHR,swiss,Departed,18:25,18:25,2024-10-27 18:25:00,2024-10-27 18:25:00,0.0
2024-10-27,departure,Zurich,Berlin,swiss,Departed,18:25,18:25,2024-10-27 18:25:00,2024-10-27 18:25:00,0.0
2024-10-27,departure,Zurich,Hurghada,cairo,Departed,18:25,18:35,2024-10-27 18:25:00,2024-10-27 18:35:00,10.0
2024-10-27,departure,Zurich,Madrid,europa,Departed,18:30,18:40,2024-10-27 18:30:00,2024-10-27 18:40:00,10.0
2024-10-27,departure,Zurich,Frankfurt,swiss,Departed,18:50,19:00,2024-10-27 18:50:00,2024-10-27 19:00:00,10.0
2024-10-27,departure,Zurich,Vienna,austrian,Departed,15:05,15:15,2024-10-27 15:05:00,2024-10-27 15:15:00,10.0
2024-10-27,departure,Zurich,Belgrade,serbia,Departed,15:05,15:05,2024-10-27 15:05:00,2024-10-27 15:05:00,0.0
2024-10-27,departure,Zurich,Doha,qatar,Departed,15:10,15:00,2024-10-27 15:10:00,2024-10-27 15:00:00,-10.0
2024-10-27,departure,Zurich,London LHR,swiss,Departed,15:30,15:30,2024-10-27 15:30:00,2024-10-27 15:30:00,0.0
2024-10-27,departure,Zurich,Amman,jordanian,Departed,15:30,15:30,2024-10-27 15:30:00,2024-10-27 15:30:00,0.0
2024-10-27,departure,Zurich,Palma De Mallorca,swiss,Departed,15:35,15:35,2024-10-27 15:35:00,2024-10-27 15:35:00,0.0
2024-10-27,departure,Zurich,Oslo,swiss,Departed,15:45,15:45,2024-10-27 15:45:00,2024-10-27 15:45:00,0.0
2024-10-27,departure,Zurich,Hamburg,euro,Departed,15:45,15:45,2024-10-27 15:45:00,2024-10-27 15:45:00,0.0
2024-10-27,departure,Zurich,Düsseldorf,euro,Departed,15:50,16:05,2024-10-27 15:50:00,2024-10-27 16:05:00,15.0
2024-10-27,departure,Zurich,Istanbul SAW,pegasus,Departed,16:10,16:10,2024-10-27 16:10:00,2024-10-27 16:10:00,0.0
2024-10-27,departure,Zurich,Madrid,swiss,Departed,16:20,16:25,2024-10-27 16:20:00,2024-10-27 16:25:00,5.0
2024-10-27,departure,Zurich,Berlin,swiss,Departed,16:25,16:25,2024-10-27 16:25:00,2024-10-27 16:25:00,0.0
2024-10-27,departure,Zurich,Hamburg,swiss,Departed,16:25,16:25,2024-10-27 16:25:00,2024-10-27 16:25:00,0.0
2024-10-27,departure,Zurich,London LCY,swiss,Departed,16:25,16:25,2024-10-27 16:25:00,2024-10-27 16:25:00,0.0
2024-10-27,departure,Zurich,Dublin,swiss,Departed,16:30,16:30,2024-10-27 16:30:00,2024-10-27 16:30:00,0.0
2024-10-27,departure,Zurich,Düsseldorf,swiss,Departed,16:30,16:35,2024-10-27 16:30:00,2024-10-27 16:35:00,5.0
2024-10-27,departure,Zurich,London LHR,british,Departed,16:30,16:20,2024-10-27 16:30:00,2024-10-27 16:20:00,-10.0
2024-10-27,departure,Zurich,Dresden,swiss,Departed,16:35,16:35,2024-10-27 16:35:00,2024-10-27 16:35:00,0.0
2024-10-27,departure,Zurich,Menorca,edelweiss,Departed,16:45,16:45,2024-10-27 16:45:00,2024-10-27 16:45:00,0.0
2024-10-27,departure,Zurich,Geneva,swiss,Departed,16:45,16:45,2024-10-27 16:45:00,2024-10-27 16:45:00,0.0
2024-10-27,departure,Zurich,Valencia,swiss,Departed,16:50,16:45,2024-10-27 16:50:00,2024-10-27 16:45:00,-5.0
2024-10-27,departure,Zurich,Hanover,swiss,Departed,16:50,16:50,2024-10-27 16:50:00,2024-10-27 16:50:00,0.0
2024-10-27,departure,Zurich,Florence,swiss,Departed,16:55,16:55,2024-10-27 16:55:00,2024-10-27 16:55:00,0.0
2024-10-27,departure,Zurich,Seville,edelweiss,Departed,16:55,16:55,2024-10-27 16:55:00,2024-10-27 16:55:00,0.0
2024-10-27,departure,Zurich,Podgorica,air-montenegro,Departed,13:00,13:30,2024-10-27 13:00:00,2024-10-27 13:30:00,30.0
2024-10-27,departure,Zurich,Nice,swiss,Departed,13:00,13:00,2024-10-27 13:00:00,2024-10-27 13:00:00,0.0
2024-10-27,departure,Zurich,Reykjavík,iceland,Departed,13:00,12:55,2024-10-27 13:00:00,2024-10-27 12:55:00,-5.0
2024-10-27,departure,Zurich,Dubai DXB,swiss,Departed,13:05,13:05,2024-10-27 13:05:00,2024-10-27 13:05:00,0.0
2024-10-27,departure,Zurich,Tokyo,swiss,Departed,13:05,13:05,2024-10-27 13:05:00,2024-10-27 13:05:00,0.0
2024-10-27,departure,Zurich,Venice,swiss,Departed,13:05,13:05,2024-10-27 13:05:00,2024-10-27 13:05:00,0.0
2024-10-27,departure,Zurich,Washington,swiss,Departed,13:05,13:10,2024-10-27 13:05:00,2024-10-27 13:10:00,5.0
2024-10-27,departure,Zurich,Shanghai,swiss,Departed,13:10,13:20,2024-10-27 13:10:00,2024-10-27 13:20:00,10.0
2024-10-27,departure,Zurich,Chicago,swiss,Departed,13:10,13:18,2024-10-27 13:10:00,2024-10-27 13:18:00,8.0
2024-10-27,departure,Zurich,Los Angeles,swiss,Departed,13:10,13:37,2024-10-27 13:10:00,2024-10-27 13:37:00,27.0
2024-10-27,departure,Zurich,Boston,swiss,Departed,13:15,13:20,2024-10-27 13:15:00,2024-10-27 13:20:00,5.0
2024-10-27,departure,Zurich,Bangkok,thai,Departed,13:15,13:15,2024-10-27 13:15:00,2024-10-27 13:15:00,0.0
2024-10-27,departure,Zurich,San Francisco,swiss,Departed,13:15,13:30,2024-10-27 13:15:00,2024-10-27 13:30:00,15.0
2024-10-27,departure,Zurich,New York,swiss,Departed,13:15,13:20,2024-10-27 13:15:00,2024-10-27 13:20:00,5.0
2024-10-27,departure,Zurich,Toronto,canada,Departed,13:20,13:45,2024-10-27 13:20:00,2024-10-27 13:45:00,25.0
2024-10-27,departure,Zurich,Brussels,swiss,Departed,13:20,13:20,2024-10-27 13:20:00,2024-10-27 13:20:00,0.0
2024-10-27,departure,Zurich,Milan MXP,swiss,Departed,13:20,13:20,2024-10-27 13:20:00,2024-10-27 13:20:00,0.0
2024-10-27,departure,Zurich,Lanzarote,edelweiss,Departed,13:20,13:20,2024-10-27 13:20:00,2024-10-27 13:20:00,0.0
2024-10-27,departure,Zurich,Berlin,swiss,Departed,13:30,13:30,2024-10-27 13:30:00,2024-10-27 13:30:00,0.0
2024-10-27,departure,Zurich,New York,delta,Departed,13:30,13:25,2024-10-27 13:30:00,2024-10-27 13:25:00,-5.0
2024-10-27,departure,Zurich,Lisbon,tap,Departed,13:30,13:55,2024-10-27 13:30:00,2024-10-27 13:55:00,25.0
2024-10-27,departure,Zurich,Malta,swiss,Departed,13:35,13:35,2024-10-27 13:35:00,2024-10-27 13:35:00,0.0
2024-10-27,departure,Zurich,Munich,lufthansa_neu,Departed,13:35,13:30,2024-10-27 13:35:00,2024-10-27 13:30:00,-5.0
2024-10-27,departure,Zurich,Tampa,edelweiss,Departed,13:45,13:50,2024-10-27 13:45:00,2024-10-27 13:50:00,5.0
2024-10-27,departure,Zurich,Antalya,sun,Departed,13:45,13:45,2024-10-27 13:45:00,2024-10-27 13:45:00,0.0
2024-10-27,departure,Zurich,Las Vegas,edelweiss,Departed,13:50,13:50,2024-10-27 13:50:00,2024-10-27 13:50:00,0.0
2024-10-27,departure,Zurich,London LHR,british,Departed,13:55,13:45,2024-10-27 13:55:00,2024-10-27 13:45:00,-10.0
2024-10-27,departure,Zurich,Izmir,sun,Departed,14:00,14:07,2024-10-27 14:00:00,2024-10-27 14:07:00,7.0
2024-10-27,departure,Zurich,Istanbul SAW,ajet_logo,Departed,14:10,14:10,2024-10-27 14:10:00,2024-10-27 14:10:00,0.0
2024-10-27,departure,Zurich,Amsterdam,klm,Departed,14:15,14:15,2024-10-27 14:15:00,2024-10-27 14:15:00,0.0
2024-10-27,departure,Zurich,Heraklion,edelweiss,Departed,14:25,14:30,2024-10-27 14:25:00,2024-10-27 14:30:00,5.0
2024-10-27,departure,Zurich,Oslo,sas,Departed,14:30,14:30,2024-10-27 14:30:00,2024-10-27 14:30:00,0.0
2024-10-27,departure,Zurich,Dubai DXB,emirates-neu,Departed,14:35,14:43,2024-10-27 14:35:00,2024-10-27 14:43:00,8.0
2024-10-27,departure,Zurich,Frankfurt,lufthansa_neu,Departed,14:45,14:45,2024-10-27 14:45:00,2024-10-27 14:45:00,0.0
2024-10-27,departure,Zurich,Istanbul IST,turkish,Departed,14:50,14:50,2024-10-27 14:50:00,2024-10-27 14:50:00,0.0
2024-10-27,departure,Zurich,Vienna,swiss,Departed,14:50,15:25,2024-10-27 14:50:00,2024-10-27 15:25:00,35.0
2024-10-27,departure,Zurich,Madrid,iberia,Departed,14:55,14:55,2024-10-27 14:55:00,2024-10-27 14:55:00,0.0
2024-10-27,departure,Zurich,Tel Aviv,elalisrael,Departed,11:00,11:40,2024-10-27 11:00:00,2024-10-27 11:40:00,40.0
2024-10-27,departure,Zurich,Zagreb,croatia_v2,Departed,11:05,11:05,2024-10-27 11:05:00,2024-10-27 11:05:00,0.0
2024-10-27,departure,Zurich,Porto,easyjet,Departed,11:10,11:35,2024-10-27 11:10:00,2024-10-27 11:35:00,25.0
2024-10-27,departure,Zurich,London LHR,british,Departed,11:15,11:10,2024-10-27 11:15:00,2024-10-27 11:10:00,-5.0
2024-10-27,departure,Zurich,Istanbul IST,turkish,Departed,11:15,11:25,2024-10-27 11:15:00,2024-10-27 11:25:00,10.0
2024-10-27,departure,Zurich,Frankfurt,lufthansa_neu,Departed,11:20,11:25,2024-10-27 11:20:00,2024-10-27 11:25:00,5.0
2024-10-27,departure,Zurich,Athens,aegan,Departed,11:20,11:20,2024-10-27 11:20:00,2024-10-27 11:20:00,0.0
2024-10-27,departure,Zurich,Palma De Mallorca,chair,Departed,11:30,13:20,2024-10-27 11:30:00,2024-10-27 13:20:00,110.0
2024-10-27,departure,Zurich,Cluj-Napoca,swiss,Departed,11:30,11:30,2024-10-27 11:30:00,2024-10-27 11:30:00,0.0
2024-10-27,departure,Zurich,Skopje,chair,Departed,11:30,11:30,2024-10-27 11:30:00,2024-10-27 11:30:00,0.0
2024-10-27,departure,Zurich,Istanbul SAW,pegasus,Departed,11:40,11:45,2024-10-27 11:40:00,2024-10-27 11:45:00,5.0
2024-10-27,departure,Zurich,Gothenburg,swiss,Departed,11:45,11:55,2024-10-27 11:45:00,2024-10-27 11:55:00,10.0
2024-10-27,departure,Zurich,Amsterdam,klm,Departed,11:50,12:05,2024-10-27 11:50:00,2024-10-27 12:05:00,15.0
2024-10-27,departure,Zurich,Madrid,iberia,Departed,11:55,11:55,2024-10-27 11:55:00,2024-10-27 11:55:00,0.0
2024-10-27,departure,Zurich,London LCY,swiss,Departed,11:55,12:00,2024-10-27 11:55:00,2024-10-27 12:00:00,5.0
2024-10-27,departure,Zurich,Warsaw,swiss,Departed,11:55,11:55,2024-10-27 11:55:00,2024-10-27 11:55:00,0.0
2024-10-27,departure,Zurich,Hong Kong,cathay,Departed,11:55,12:05,2024-10-27 11:55:00,2024-10-27 12:05:00,10.0
2024-10-27,departure,Zurich,Geneva,swiss,Departed,12:00,12:29,2024-10-27 12:00:00,2024-10-27 12:29:00,29.0
2024-10-27,departure,Zurich,Hanover,swiss,Departed,12:00,12:00,2024-10-27 12:00:00,2024-10-27 12:00:00,0.0
2024-10-27,departure,Zurich,Delhi,swiss,Departed,12:00,12:10,2024-10-27 12:00:00,2024-10-27 12:10:00,10.0
2024-10-27,departure,Zurich,London LGW,easyjet,Departed,12:05,13:46,2024-10-27 12:05:00,2024-10-27 13:46:00,101.0
2024-10-27,departure,Zurich,Palermo,swiss,Departed,12:05,12:05,2024-10-27 12:05:00,2024-10-27 12:05:00,0.0
2024-10-27,departure,Zurich,Belgrade,swiss,Departed,12:05,12:15,2024-10-27 12:05:00,2024-10-27 12:15:00,10.0
2024-10-27,departure,Zurich,Malaga,swiss,Departed,12:10,12:10,2024-10-27 12:10:00,2024-10-27 12:10:00,0.0
2024-10-27,departure,Zurich,Palma De Mallorca,edelweiss,Departed,12:10,12:10,2024-10-27 12:10:00,2024-10-27 12:10:00,0.0
2024-10-27,departure,Zurich,Frankfurt,swiss,Departed,12:10,12:10,2024-10-27 12:10:00,2024-10-27 12:10:00,0.0
2024-10-27,departure,Zurich,London LHR,swiss,Departed,12:10,12:15,2024-10-27 12:10:00,2024-10-27 12:15:00,5.0
2024-10-27,departure,Zurich,Copenhagen,swiss,Departed,12:15,12:15,2024-10-27 12:15:00,2024-10-27 12:15:00,0.0
2024-10-27,departure,Zurich,Stockholm,swiss,Departed,12:15,12:15,2024-10-27 12:15:00,2024-10-27 12:15:00,0.0
2024-10-27,departure,Zurich,Barcelona,swiss,Departed,12:20,12:40,2024-10-27 12:20:00,2024-10-27 12:40:00,20.0
2024-10-27,departure,Zurich,Krakow,swiss,Departed,12:20,12:25,2024-10-27 12:20:00,2024-10-27 12:25:00,5.0
2024-10-27,departure,Zurich,Graz,swiss,Departed,12:25,12:25,2024-10-27 12:25:00,2024-10-27 12:25:00,0.0
2024-10-27,departure,Zurich,Rome FCO,swiss,Departed,12:25,12:30,2024-10-27 12:25:00,2024-10-27 12:30:00,5.0
2024-10-27,departure,Zurich,Bordeaux,swiss,Departed,12:25,12:25,2024-10-27 12:25:00,2024-10-27 12:25:00,0.0
2024-10-27,departure,Zurich,Budapest,swiss,Departed,12:25,12:25,2024-10-27 12:25:00,2024-10-27 12:25:00,0.0
2024-10-27,departure,Zurich,Naples,swiss,Departed,12:30,12:40,2024-10-27 12:30:00,2024-10-27 12:40:00,10.0
2024-10-27,departure,Zurich,Ljubljana,swiss,Departed,12:30,12:35,2024-10-27 12:30:00,2024-10-27 12:35:00,5.0
2024-10-27,departure,Zurich,Bucharest,swiss,Departed,12:30,12:30,2024-10-27 12:30:00,2024-10-27 12:30:00,0.0
2024-10-27,departure,Zurich,Hamburg,swiss,Departed,12:30,12:45,2024-10-27 12:30:00,2024-10-27 12:45:00,15.0
2024-10-27,departure,Zurich,Lisbon,swiss,Departed,12:35,12:35,2024-10-27 12:35:00,2024-10-27 12:35:00,0.0
2024-10-27,departure,Zurich,Prague,swiss,Departed,12:35,12:45,2024-10-27 12:35:00,2024-10-27 12:45:00,10.0
2024-10-27,departure,Zurich,Düsseldorf,swiss,Departed,12:35,12:35,2024-10-27 12:35:00,2024-10-27 12:35:00,0.0
2024-10-27,departure,Zurich,Hurghada,edelweiss,Departed,12:40,12:50,2024-10-27 12:40:00,2024-10-27 12:50:00,10.0
2024-10-27,departure,Zurich,London LHR,british,Departed,12:40,12:40,2024-10-27 12:40:00,2024-10-27 12:40:00,0.0
2024-10-27,departure,Zurich,Berlin,swiss,Departed,12:40,13:30,2024-10-27 12:40:00,2024-10-27 13:30:00,50.0
2024-10-27,departure,Zurich,Vienna,swiss,Departed,12:40,12:45,2024-10-27 12:40:00,2024-10-27 12:45:00,5.0
2024-10-27,departure,Zurich,Amsterdam,swiss,Departed,12:45,12:45,2024-10-27 12:45:00,2024-10-27 12:45:00,0.0
2024-10-27,departure,Zurich,Brindisi,swiss,Departed,12:45,12:45,2024-10-27 12:45:00,2024-10-27 12:45:00,0.0
2024-10-27,departure,Zurich,Montreal,swiss,Departed,12:45,13:00,2024-10-27 12:45:00,2024-10-27 13:00:00,15.0
2024-10-27,departure,Zurich,Florence,swiss,Departed,12:50,12:50,2024-10-27 12:50:00,2024-10-27 12:50:00,0.0
2024-10-27,departure,Zurich,Miami,swiss,Departed,12:50,12:55,2024-10-27 12:50:00,2024-10-27 12:55:00,5.0
2024-10-27,departure,Zurich,Paris CDG,swiss,Departed,12:50,12:50,2024-10-27 12:50:00,2024-10-27 12:50:00,0.0
2024-10-27,departure,Zurich,Gran Canaria,edelweiss,Departed,12:55,13:25,2024-10-27 12:55:00,2024-10-27 13:25:00,30.0
2024-10-27,departure,Zurich,Geneva,swiss,Departed,12:55,12:55,2024-10-27 12:55:00,2024-10-27 12:55:00,0.0
2024-10-27,departure,Zurich,Athens,swiss,Departed,12:55,12:55,2024-10-27 12:55:00,2024-10-27 12:55:00,0.0
2024-10-27,departure,Zurich,Tenerifevia La Palma,edelweiss,Departed,09:00,09:05,2024-10-27 09:00:00,2024-10-27 09:05:00,5.0
2024-10-27,departure,Zurich,Frankfurt,lufthansa_neu,Departed,09:00,09:05,2024-10-27 09:00:00,2024-10-27 09:05:00,5.0
2024-10-27,departure,Zurich,Amsterdam,klm,Departed,09:00,09:00,2024-10-27 09:00:00,2024-10-27 09:00:00,0.0
2024-10-27,departure,Zurich,Vienna,austrian,Departed,09:10,09:10,2024-10-27 09:10:00,2024-10-27 09:10:00,0.0
2024-10-27,departure,Zurich,Athens,swiss,Departed,09:15,09:15,2024-10-27 09:15:00,2024-10-27 09:15:00,0.0
2024-10-27,departure,Zurich,Malaga,swiss,Departed,09:25,09:25,2024-10-27 09:25:00,2024-10-27 09:25:00,0.0
2024-10-27,departure,Zurich,Munich,lufthansa_neu,Departed,09:25,09:30,2024-10-27 09:25:00,2024-10-27 09:30:00,5.0
2024-10-27,departure,Zurich,Sofia,bulgaria,Departed,09:30,09:25,2024-10-27 09:30:00,2024-10-27 09:25:00,-5.0
2024-10-27,departure,Zurich,Porto,swiss,Departed,09:30,09:40,2024-10-27 09:30:00,2024-10-27 09:40:00,10.0
2024-10-27,departure,Zurich,Larnaca,edelweiss,Departed,09:35,09:35,2024-10-27 09:35:00,2024-10-27 09:35:00,0.0
2024-10-27,departure,Zurich,Belgrade,serbia,Departed,09:35,09:40,2024-10-27 09:35:00,2024-10-27 09:40:00,5.0
2024-10-27,departure,Zurich,Barcelona,vueling,Departed,09:40,09:40,2024-10-27 09:40:00,2024-10-27 09:40:00,0.0
2024-10-27,departure,Zurich,Oslo,swiss,Departed,09:40,09:40,2024-10-27 09:40:00,2024-10-27 09:40:00,0.0
2024-10-27,departure,Zurich,Valencia,swiss,Departed,09:40,09:40,2024-10-27 09:40:00,2024-10-27 09:40:00,0.0
2024-10-27,departure,Zurich,Chicago,united,Departed,09:40,09:40,2024-10-27 09:40:00,2024-10-27 09:40:00,0.0
2024-10-27,departure,Zurich,Mumbai,swiss,Departed,09:45,09:52,2024-10-27 09:45:00,2024-10-27 09:52:00,7.0
2024-10-27,departure,Zurich,Lisbon,swiss,Departed,09:45,09:45,2024-10-27 09:45:00,2024-10-27 09:45:00,0.0
2024-10-27,departure,Zurich,New York,swiss,Departed,09:50,09:57,2024-10-27 09:50:00,2024-10-27 09:57:00,7.0
2024-10-27,departure,Zurich,Alicante,easyjet,Departed,09:50,09:55,2024-10-27 09:50:00,2024-10-27 09:55:00,5.0
2024-10-27,departure,Zurich,Antalya,pegasus,Departed,09:55,10:25,2024-10-27 09:55:00,2024-10-27 10:25:00,30.0
2024-10-27,departure,Zurich,Stockholm,swiss,Departed,09:55,09:55,2024-10-27 09:55:00,2024-10-27 09:55:00,0.0
2024-10-27,departure,Zurich,Palma De Mallorca,swiss,Departed,10:00,10:00,2024-10-27 10:00:00,2024-10-27 10:00:00,0.0
2024-10-27,departure,Zurich,Madrid,europa,Departed,10:10,10:15,2024-10-27 10:10:00,2024-10-27 10:15:00,5.0
2024-10-27,departure,Zurich,London LHR,swiss,Departed,10:15,10:19,2024-10-27 10:15:00,2024-10-27 10:19:00,4.0
2024-10-27,departure,Zurich,Philadelphia,american,Departed,10:15,10:10,2024-10-27 10:15:00,2024-10-27 10:10:00,-5.0
2024-10-27,departure,Zurich,Newark,united,Departed,10:20,10:35,2024-10-27 10:20:00,2024-10-27 10:35:00,15.0
2024-10-27,departure,Zurich,Warsaw,lot,Departed,10:25,10:40,2024-10-27 10:25:00,2024-10-27 10:40:00,15.0
2024-10-27,departure,Zurich,Abu Dhabi,etihad,Departed,10:25,10:25,2024-10-27 10:25:00,2024-10-27 10:25:00,0.0
2024-10-27,departure,Zurich,Copenhagen,sas,Departed,10:25,10:20,2024-10-27 10:25:00,2024-10-27 10:20:00,-5.0
2024-10-27,departure,Zurich,Helsinki,finnair,Departed,10:35,10:35,2024-10-27 10:35:00,2024-10-27 10:35:00,0.0
2024-10-27,departure,Zurich,Singapore,singapore,Departed,10:35,10:35,2024-10-27 10:35:00,2024-10-27 10:35:00,0.0
2024-10-27,departure,Zurich,Washington,united,Departed,10:45,11:00,2024-10-27 10:45:00,2024-10-27 11:00:00,15.0
2024-10-27,departure,Zurich,Warsaw,swiss,Departed,07:00,07:00,2024-10-27 07:00:00,2024-10-27 07:00:00,0.0
2024-10-27,departure,Zurich,Dublin,swiss,Departed,07:00,07:00,2024-10-27 07:00:00,2024-10-27 07:00:00,0.0
2024-10-27,departure,Zurich,Manchester,swiss,Departed,07:00,07:10,2024-10-27 07:00:00,2024-10-27 07:10:00,10.0
2024-10-27,departure,Zurich,Frankfurt,swiss,Departed,07:00,07:10,2024-10-27 07:00:00,2024-10-27 07:10:00,10.0
2024-10-27,departure,Zurich,London LHR,swiss,Departed,07:05,07:14,2024-10-27 07:05:00,2024-10-27 07:14:00,9.0
2024-10-27,departure,Zurich,Copenhagen,swiss,Departed,07:05,07:15,2024-10-27 07:05:00,2024-10-27 07:15:00,10.0
2024-10-27,departure,Zurich,Cairo,swiss,Departed,07:05,07:05,2024-10-27 07:05:00,2024-10-27 07:05:00,0.0
2024-10-27,departure,Zurich,Sofia,swiss,Departed,07:05,07:05,2024-10-27 07:05:00,2024-10-27 07:05:00,0.0
2024-10-27,departure,Zurich,Florence,swiss,Departed,07:10,07:20,2024-10-27 07:10:00,2024-10-27 07:20:00,10.0
2024-10-27,departure,Zurich,Munich,swiss,Departed,07:10,07:23,2024-10-27 07:10:00,2024-10-27 07:23:00,13.0
2024-10-27,departure,Zurich,Hamburg,swiss,Departed,07:10,07:45,2024-10-27 07:10:00,2024-10-27 07:45:00,35.0
2024-10-27,departure,Zurich,Budapest,swiss,Departed,07:10,07:10,2024-10-27 07:10:00,2024-10-27 07:10:00,0.0
2024-10-27,departure,Zurich,Barcelona,swiss,Departed,07:15,07:35,2024-10-27 07:15:00,2024-10-27 07:35:00,20.0
2024-10-27,departure,Zurich,Amsterdam,swiss,Departed,07:15,07:20,2024-10-27 07:15:00,2024-10-27 07:20:00,5.0
2024-10-27,departure,Zurich,Venice,swiss,Departed,07:15,07:20,2024-10-27 07:15:00,2024-10-27 07:20:00,5.0
2024-10-27,departure,Zurich,Berlin,swiss,Departed,07:15,07:34,2024-10-27 07:15:00,2024-10-27 07:34:00,19.0
2024-10-27,departure,Zurich,Prague,swiss,Departed,07:20,07:30,2024-10-27 07:20:00,2024-10-27 07:30:00,10.0
2024-10-27,departure,Zurich,Düsseldorf,swiss,Departed,07:20,07:35,2024-10-27 07:20:00,2024-10-27 07:35:00,15.0
2024-10-27,departure,Zurich,Vienna,swiss,Departed,07:20,07:24,2024-10-27 07:20:00,2024-10-27 07:24:00,4.0
2024-10-27,departure,Zurich,Rome FCO,swiss,Departed,07:20,07:25,2024-10-27 07:20:00,2024-10-27 07:25:00,5.0
2024-10-27,departure,Zurich,Paris CDG,swiss,Departed,07:25,07:40,2024-10-27 07:25:00,2024-10-27 07:40:00,15.0
2024-10-27,departure,Zurich,Brussels,swiss,Departed,07:25,07:40,2024-10-27 07:25:00,2024-10-27 07:40:00,15.0
2024-10-27,departure,Zurich,Palma De Mallorca,chair,Departed,07:25,07:15,2024-10-27 07:25:00,2024-10-27 07:15:00,-10.0
2024-10-27,departure,Zurich,Madrid,iberia,Departed,07:30,07:30,2024-10-27 07:30:00,2024-10-27 07:30:00,0.0
2024-10-27,departure,Zurich,Geneva,swiss,Departed,07:35,07:40,2024-10-27 07:35:00,2024-10-27 07:40:00,5.0
2024-10-27,departure,Zurich,Antalya,edelweiss,Departed,07:40,07:40,2024-10-27 07:40:00,2024-10-27 07:40:00,0.0
2024-10-27,departure,Zurich,Amsterdam,swiss,Departed,08:10,08:04,2024-10-27 08:10:00,2024-10-27 08:04:00,-6.0
2024-10-27,departure,Zurich,Nice,swiss,Departed,08:30,08:30,2024-10-27 08:30:00,2024-10-27 08:30:00,0.0
2024-10-27,departure,Zurich,Berlin,swiss,Departed,08:30,08:30,2024-10-27 08:30:00,2024-10-27 08:30:00,0.0
2024-10-27,departure,Zurich,Antalya,sun,Departed,08:35,08:35,2024-10-27 08:35:00,2024-10-27 08:35:00,0.0
2024-10-27,departure,Zurich,Stuttgart,swiss,Departed,08:40,08:40,2024-10-27 08:40:00,2024-10-27 08:40:00,0.0
2024-10-27,departure,Zurich,Milan MXP,swiss,Departed,08:45,08:45,2024-10-27 08:45:00,2024-10-27 08:45:00,0.0
2024-10-27,departure,Zurich,Doha,qatar,Departed,08:45,08:45,2024-10-27 08:45:00,2024-10-27 08:45:00,0.0
2024-10-27,departure,Zurich,Bologna,swiss,Departed,08:50,08:50,2024-10-27 08:50:00,2024-10-27 08:50:00,0.0
2024-10-27,departure,Zurich,Luxembourg,swiss,Departed,08:55,08:55,2024-10-27 08:55:00,2024-10-27 08:55:00,0.0
2024-10-27,departure,Zurich,Geneva,swiss,Departed,08:55,08:55,2024-10-27 08:55:00,2024-10-27 08:55:00,0.0
2024-10-27,departure,Zurich,Heraklion,edelweiss,Departed,05:45,05:45,2024-10-27 05:45:00,2024-10-27 05:45:00,0.0
2024-10-27,departure,Zurich,Pristina,chair,Departed,05:45,05:45,2024-10-27 05:45:00,2024-10-27 05:45:00,0.0
2024-10-27,departure,Zurich,Gran Canaria,edelweiss,Departed,06:00,06:05,2024-10-27 06:00:00,2024-10-27 06:05:00,5.0
2024-10-27,departure,Zurich,Faro,edelweiss,Departed,06:00,06:00,2024-10-27 06:00:00,2024-10-27 06:00:00,0.0
2024-10-27,departure,Zurich,Lisbon,tap,Departed,06:10,06:10,2024-10-27 06:10:00,2024-10-27 06:10:00,0.0
2024-10-27,departure,Zurich,Djerba,edelweiss,Departed,06:20,06:20,2024-10-27 06:20:00,2024-10-27 06:20:00,0.0
2024-10-27,departure,Zurich,Palma De Mallorca,swiss,Departed,06:25,06:24,2024-10-27 06:25:00,2024-10-27 06:24:00,-1.0
2024-10-27,departure,Zurich,Fuerteventura,edelweiss,Departed,06:25,06:25,2024-10-27 06:25:00,2024-10-27 06:25:00,0.0
2024-10-27,departure,Zurich,Paris CDG,airfrance,Departed,06:30,06:30,2024-10-27 06:30:00,2024-10-27 06:30:00,0.0
2024-10-27,departure,Zurich,Marsa Alam,edelweiss,Departed,06:30,06:45,2024-10-27 06:30:00,2024-10-27 06:45:00,15.0
2024-10-27,departure,Zurich,Palermo,swiss,Departed,06:35,06:30,2024-10-27 06:35:00,2024-10-27 06:30:00,-5.0
2024-10-27,departure,Zurich,Madrid,swiss,Departed,06:35,06:35,2024-10-27 06:35:00,2024-10-27 06:35:00,0.0
2024-10-27,departure,Zurich,Hurghada,edelweiss,Departed,06:40,06:50,2024-10-27 06:40:00,2024-10-27 06:50:00,10.0
2024-10-27,departure,Zurich,London LHR,british,Departed,06:40,06:55,2024-10-27 06:40:00,2024-10-27 06:55:00,15.0
2024-10-27,departure,Zurich,Istanbul IST,turkish,Departed,06:45,06:45,2024-10-27 06:45:00,2024-10-27 06:45:00,0.0
2024-10-27,departure,Zurich,Hurghada,chair,Departed,06:45,06:45,2024-10-27 06:45:00,2024-10-27 06:45:00,0.0
2024-10-27,departure,Zurich,Pristina,edelweiss,Departed,06:45,06:45,2024-10-27 06:45:00,2024-10-27 06:45:00,0.0
2024-10-27,departure,Zurich,Tenerife,edelweiss,Departed,06:45,06:45,2024-10-27 06:45:00,2024-10-27 06:45:00,0.0
2024-10-27,departure,Zurich,Thessaloniki,swiss,Departed,06:55,07:00,2024-10-27 06:55:00,2024-10-27 07:00:00,5.0
2024-10-27,departure,Zurich,Amsterdam,klm,Departed,06:55,06:55,2024-10-27 06:55:00,2024-10-27 06:55:00,0.0
2024-10-27,departure,Zurich,Tirana,swiss,Departed,06:55,06:55,2024-10-27 06:55:00,2024-10-27 06:55:00,0.0
2024-10-27,departure,Zurich,Belgrade,swiss,Departed,06:55,06:55,2024-10-27 06:55:00,2024-10-27 06:55:00,0.0
2024-10-30,arrival,Zurich,Antalya,edelweiss,Landed,21:05,21:36,2024-10-30 21:05:00,2024-10-30 21:36:00,31.0
2024-10-30,arrival,Zurich,Berlin,swiss,Landed,21:05,21:12,2024-10-30 21:05:00,2024-10-30 21:12:00,7.0
2024-10-30,arrival,Zurich,Geneva,swiss,Landed,21:05,21:01,2024-10-30 21:05:00,2024-10-30 21:01:00,-4.0
2024-10-30,arrival,Zurich,Paris CDG,swiss,Landed,21:10,20:53,2024-10-30 21:10:00,2024-10-30 20:53:00,-17.0
2024-10-30,arrival,Zurich,Luxembourg,swiss,Landed,21:10,21:00,2024-10-30 21:10:00,2024-10-30 21:00:00,-10.0
2024-10-30,arrival,Zurich,Bremen,swiss,Landed,21:15,20:58,2024-10-30 21:15:00,2024-10-30 20:58:00,-17.0
2024-10-30,arrival,Zurich,Dresden,swiss,Landed,21:15,21:11,2024-10-30 21:15:00,2024-10-30 21:11:00,-4.0
2024-10-30,arrival,Zurich,Prague,swiss,Landed,21:20,20:56,2024-10-30 21:20:00,2024-10-30 20:56:00,-24.0
2024-10-30,arrival,Zurich,Brussels,swiss,Landed,21:20,21:34,2024-10-30 21:20:00,2024-10-30 21:34:00,14.0
2024-10-30,arrival,Zurich,Nice,swiss,Landed,21:20,21:03,2024-10-30 21:20:00,2024-10-30 21:03:00,-17.0
2024-10-30,arrival,Zurich,London LGW,swiss,Landed,21:25,21:16,2024-10-30 21:25:00,2024-10-30 21:16:00,-9.0
2024-10-30,arrival,Zurich,Düsseldorf,swiss,Landed,21:25,21:21,2024-10-30 21:25:00,2024-10-30 21:21:00,-4.0
2024-10-30,arrival,Zurich,Hanover,swiss,Landed,21:25,21:19,2024-10-30 21:25:00,2024-10-30 21:19:00,-6.0
2024-10-30,arrival,Zurich,Wroclaw,swiss,Landed,21:30,21:06,2024-10-30 21:30:00,2024-10-30 21:06:00,-24.0
2024-10-30,arrival,Zurich,London LHR,swiss,Landed,21:30,21:33,2024-10-30 21:30:00,2024-10-30 21:33:00,3.0
2024-10-30,arrival,Zurich,Amsterdam,swiss,Landed,21:30,21:14,2024-10-30 21:30:00,2024-10-30 21:14:00,-16.0
2024-10-30,arrival,Zurich,Vienna,swiss,Landed,21:35,21:25,2024-10-30 21:35:00,2024-10-30 21:25:00,-10.0
2024-10-30,arrival,Zurich,Rome,swiss,Landed,21:35,21:50,2024-10-30 21:35:00,2024-10-30 21:50:00,15.0
2024-10-30,arrival,Zurich,Hamburg,swiss,Landed,21:35,21:40,2024-10-30 21:35:00,2024-10-30 21:40:00,5.0
2024-10-30,arrival,Zurich,Cairo,swiss,Landed,21:40,21:24,2024-10-30 21:40:00,2024-10-30 21:24:00,-16.0
2024-10-30,arrival,Zurich,Budapest,swiss,Landed,21:40,21:27,2024-10-30 21:40:00,2024-10-30 21:27:00,-13.0
2024-10-30,arrival,Zurich,Munich,swiss,Landed,21:45,21:58,2024-10-30 21:45:00,2024-10-30 21:58:00,13.0
2024-10-30,arrival,Zurich,Manchester,swiss,Landed,21:45,21:49,2024-10-30 21:45:00,2024-10-30 21:49:00,4.0
2024-10-30,arrival,Zurich,Copenhagen,swiss,Landed,21:45,21:38,2024-10-30 21:45:00,2024-10-30 21:38:00,-7.0
2024-10-30,arrival,Zurich,Warsaw,swiss,Landed,21:50,21:41,2024-10-30 21:50:00,2024-10-30 21:41:00,-9.0
2024-10-30,arrival,Zurich,Barcelona,swiss,Landed,21:50,22:09,2024-10-30 21:50:00,2024-10-30 22:09:00,19.0
2024-10-30,arrival,Zurich,Dublin,swiss,Landed,21:50,21:29,2024-10-30 21:50:00,2024-10-30 21:29:00,-21.0
2024-10-30,arrival,Zurich,Frankfurt,swiss,Landed,21:50,22:07,2024-10-30 21:50:00,2024-10-30 22:07:00,17.0
2024-10-30,arrival,Zurich,Valencia,swiss,Landed,21:55,22:02,2024-10-30 21:55:00,2024-10-30 22:02:00,7.0
2024-10-30,arrival,Zurich,Madrid,swiss,Landed,21:55,22:07,2024-10-30 21:55:00,2024-10-30 22:07:00,12.0
2024-10-30,arrival,Zurich,London LHR,british,Landed,22:00,22:04,2024-10-30 22:00:00,2024-10-30 22:04:00,4.0
2024-10-30,arrival,Zurich,London LCY,swiss,Landed,22:00,21:47,2024-10-30 22:00:00,2024-10-30 21:47:00,-13.0
2024-10-30,arrival,Zurich,Berlin,swiss,Landed,22:10,21:55,2024-10-30 22:10:00,2024-10-30 21:55:00,-15.0
2024-10-30,arrival,Zurich,Skopje,chair,Cancelled,22:15,22:15,2024-10-30 22:15:00,2024-10-30 22:15:00,0.0
2024-10-30,arrival,Zurich,Madrid,iberia,Landed,22:20,22:43,2024-10-30 22:20:00,2024-10-30 22:43:00,23.0
2024-10-30,arrival,Zurich,Amsterdam,klm,Landed,22:30,22:32,2024-10-30 22:30:00,2024-10-30 22:32:00,2.0
2024-10-30,arrival,Zurich,Paris CDG,airfrance,Landed,22:30,22:47,2024-10-30 22:30:00,2024-10-30 22:47:00,17.0
2024-10-30,arrival,Zurich,Lisbon,tap,Landed,22:35,22:41,2024-10-30 22:35:00,2024-10-30 22:41:00,6.0
2024-10-30,arrival,Zurich,Pristina,chair,Landed,22:35,22:13,2024-10-30 22:35:00,2024-10-30 22:13:00,-22.0
2024-10-30,arrival,Zurich,London LHR,swiss,Landed,22:45,22:40,2024-10-30 22:45:00,2024-10-30 22:40:00,-5.0
2024-10-30,arrival,Zurich,Ibiza,edelweiss,Landed,22:55,22:54,2024-10-30 22:55:00,2024-10-30 22:54:00,-1.0
2024-10-30,arrival,Zurich,Skopje,edelweiss,Landed,22:55,22:53,2024-10-30 22:55:00,2024-10-30 22:53:00,-2.0
2024-10-30,arrival,Zurich,Pristina,edelweiss,Landed,22:55,22:59,2024-10-30 22:55:00,2024-10-30 22:59:00,4.0
2024-10-30,arrival,Zurich,Shanghai,swiss,Landed,19:00,18:50,2024-10-30 19:00:00,2024-10-30 18:50:00,-10.0
2024-10-30,arrival,Zurich,Muscat,oman,Landed,19:05,18:39,2024-10-30 19:05:00,2024-10-30 18:39:00,-26.0
2024-10-30,arrival,Zurich,Marrakeshvia Agadir,edelweiss,Landed,19:05,19:16,2024-10-30 19:05:00,2024-10-30 19:16:00,11.0
2024-10-30,arrival,Zurich,Warsaw,lot,Landed,19:05,19:06,2024-10-30 19:05:00,2024-10-30 19:06:00,1.0
2024-10-30,arrival,Zurich,Tromsø,edelweiss,Landed,19:10,19:01,2024-10-30 19:10:00,2024-10-30 19:01:00,-9.0
2024-10-30,arrival,Zurich,Frankfurt,lufthansa_neu,Landed,19:10,19:07,2024-10-30 19:10:00,2024-10-30 19:07:00,-3.0
2024-10-30,arrival,Zurich,Malaga,swiss,Landed,19:10,19:46,2024-10-30 19:10:00,2024-10-30 19:46:00,36.0
2024-10-30,arrival,Zurich,Lisbon,swiss,Landed,19:15,19:17,2024-10-30 19:15:00,2024-10-30 19:17:00,2.0
2024-10-30,arrival,Zurich,Gran Canaria,edelweiss,Landed,19:15,19:49,2024-10-30 19:15:00,2024-10-30 19:49:00,34.0
2024-10-30,arrival,Zurich,Tenerife,edelweiss,Landed,19:15,19:28,2024-10-30 19:15:00,2024-10-30 19:28:00,13.0
2024-10-30,arrival,Zurich,Zagreb,croatia_v2,Landed,19:15,19:31,2024-10-30 19:15:00,2024-10-30 19:31:00,16.0
2024-10-30,arrival,Zurich,Pristina,gp-aviation,Landed,19:20,19:36,2024-10-30 19:20:00,2024-10-30 19:36:00,16.0
2024-10-30,arrival,Zurich,Bangkok,swiss,Landed,19:25,19:20,2024-10-30 19:25:00,2024-10-30 19:20:00,-5.0
2024-10-30,arrival,Zurich,Berlin,euro,Landed,19:30,19:19,2024-10-30 19:30:00,2024-10-30 19:19:00,-11.0
2024-10-30,arrival,Zurich,Cologne Bonn,euro,Landed,19:30,19:35,2024-10-30 19:30:00,2024-10-30 19:35:00,5.0
2024-10-30,arrival,Zurich,Hamburg,euro,Landed,19:30,19:33,2024-10-30 19:30:00,2024-10-30 19:33:00,3.0
2024-10-30,arrival,Zurich,Athens,swiss,Landed,19:35,19:21,2024-10-30 19:35:00,2024-10-30 19:21:00,-14.0
2024-10-30,arrival,Zurich,London LGW,easyjet,Landed,19:35,19:38,2024-10-30 19:35:00,2024-10-30 19:38:00,3.0
2024-10-30,arrival,Zurich,Munich,lufthansa_neu,Landed,19:40,19:50,2024-10-30 19:40:00,2024-10-30 19:50:00,10.0
2024-10-30,arrival,Zurich,Copenhagen,sas,Landed,19:45,19:34,2024-10-30 19:45:00,2024-10-30 19:34:00,-11.0
2024-10-30,arrival,Zurich,Düsseldorf,swiss,Landed,19:45,19:54,2024-10-30 19:45:00,2024-10-30 19:54:00,9.0
2024-10-30,arrival,Zurich,Brussels,swiss,Landed,19:50,19:44,2024-10-30 19:50:00,2024-10-30 19:44:00,-6.0
2024-10-30,arrival,Zurich,Vienna,austrian,Landed,19:50,19:42,2024-10-30 19:50:00,2024-10-30 19:42:00,-8.0
2024-10-30,arrival,Zurich,Dubai,emirates-neu,Landed,19:50,19:12,2024-10-30 19:50:00,2024-10-30 19:12:00,-38.0
2024-10-30,arrival,Zurich,Hurghada,edelweiss,Landed,19:55,19:59,2024-10-30 19:55:00,2024-10-30 19:59:00,4.0
2024-10-30,arrival,Zurich,Belgrade,serbia,Landed,19:55,19:53,2024-10-30 19:55:00,2024-10-30 19:53:00,-2.0
2024-10-30,arrival,Zurich,London LHR,swiss,Landed,20:00,19:51,2024-10-30 20:00:00,2024-10-30 19:51:00,-9.0
2024-10-30,arrival,Zurich,Milan MXP,swiss,Landed,20:00,20:04,2024-10-30 20:00:00,2024-10-30 20:04:00,4.0
2024-10-30,arrival,Zurich,Barcelona,vueling,Landed,20:05,20:16,2024-10-30 20:05:00,2024-10-30 20:16:00,11.0
2024-10-30,arrival,Zurich,Berlin,swiss,Landed,20:05,20:28,2024-10-30 20:05:00,2024-10-30 20:28:00,23.0
2024-10-30,arrival,Zurich,Stuttgart,swiss,Landed,20:05,20:02,2024-10-30 20:05:00,2024-10-30 20:02:00,-3.0
2024-10-30,arrival,Zurich,Düsseldorf,euro,Landed,20:10,20:04,2024-10-30 20:10:00,2024-10-30 20:04:00,-6.0
2024-10-30,arrival,Zurich,Graz,swiss,Landed,20:10,20:09,2024-10-30 20:10:00,2024-10-30 20:09:00,-1.0
2024-10-30,arrival,Zurich,Hamburg,swiss,Landed,20:10,20:24,2024-10-30 20:10:00,2024-10-30 20:24:00,14.0
2024-10-30,arrival,Zurich,Geneva,swiss,Landed,20:10,20:12,2024-10-30 20:10:00,2024-10-30 20:12:00,2.0
2024-10-30,arrival,Zurich,Palma De Mallorca,swiss,Landed,20:15,20:22,2024-10-30 20:15:00,2024-10-30 20:22:00,7.0
2024-10-30,arrival,Zurich,Florence,swiss,Landed,20:15,20:11,2024-10-30 20:15:00,2024-10-30 20:11:00,-4.0
2024-10-30,arrival,Zurich,London LHR,british,Landed,20:15,20:14,2024-10-30 20:15:00,2024-10-30 20:14:00,-1.0
2024-10-30,arrival,Zurich,London LCY,swiss,Landed,20:20,20:28,2024-10-30 20:20:00,2024-10-30 20:28:00,8.0
2024-10-30,arrival,Zurich,Porto,easyjet,Landed,20:25,20:34,2024-10-30 20:25:00,2024-10-30 20:34:00,9.0
2024-10-30,arrival,Zurich,Amsterdam,swiss,Landed,20:25,20:12,2024-10-30 20:25:00,2024-10-30 20:12:00,-13.0
2024-10-30,arrival,Zurich,Berlin,easyjet,Landed,20:35,20:24,2024-10-30 20:35:00,2024-10-30 20:24:00,-11.0
2024-10-30,arrival,Zurich,Alicante,easyjet,Landed,20:55,21:44,2024-10-30 20:55:00,2024-10-30 21:44:00,49.0
2024-10-30,arrival,Zurich,Heraklion,edelweiss,Landed,17:00,18:36,2024-10-30 17:00:00,2024-10-30 18:36:00,96.0
2024-10-30,arrival,Zurich,Split,edelweiss,Landed,17:00,17:07,2024-10-30 17:00:00,2024-10-30 17:07:00,7.0
2024-10-30,arrival,Zurich,Istanbul IST,turkish,Landed,17:10,16:59,2024-10-30 17:10:00,2024-10-30 16:59:00,-11.0
2024-10-30,arrival,Zurich,Lisbon,tap,Landed,17:10,17:05,2024-10-30 17:10:00,2024-10-30 17:05:00,-5.0
2024-10-30,arrival,Zurich,Berlin,swiss,Landed,17:15,17:04,2024-10-30 17:15:00,2024-10-30 17:04:00,-11.0
2024-10-30,arrival,Zurich,Madrid,europa,Landed,17:15,18:15,2024-10-30 17:15:00,2024-10-30 18:15:00,60.0
2024-10-30,arrival,Zurich,Frankfurt,lufthansa_neu,Landed,17:15,17:07,2024-10-30 17:15:00,2024-10-30 17:07:00,-8.0
2024-10-30,arrival,Zurich,Palermo,swiss,Landed,17:50,17:45,2024-10-30 17:50:00,2024-10-30 17:45:00,-5.0
2024-10-30,arrival,Zurich,Stockholm ARN,swiss,Landed,17:50,17:52,2024-10-30 17:50:00,2024-10-30 17:52:00,2.0
2024-10-30,arrival,Zurich,Paris CDG,airfrance,Landed,17:55,18:27,2024-10-30 17:55:00,2024-10-30 18:27:00,32.0
2024-10-30,arrival,Zurich,Mauritius,edelweiss,Landed,18:10,17:56,2024-10-30 18:10:00,2024-10-30 17:56:00,-14.0
2024-10-30,arrival,Zurich,London LHR,british,Landed,18:15,18:22,2024-10-30 18:15:00,2024-10-30 18:22:00,7.0
2024-10-30,arrival,Zurich,Delhi,air_india_logo,Landed,18:15,17:30,2024-10-30 18:15:00,2024-10-30 17:30:00,-45.0
2024-10-30,arrival,Zurich,Bucharest,swiss,Landed,18:15,18:06,2024-10-30 18:15:00,2024-10-30 18:06:00,-9.0
2024-10-30,arrival,Zurich,Helsinki,finnair,Landed,18:20,18:05,2024-10-30 18:20:00,2024-10-30 18:05:00,-15.0
2024-10-30,arrival,Zurich,Amsterdam,klm,Landed,18:25,18:36,2024-10-30 18:25:00,2024-10-30 18:36:00,11.0
2024-10-30,arrival,Zurich,London LCY,british,Landed,18:35,18:22,2024-10-30 18:35:00,2024-10-30 18:22:00,-13.0
2024-10-30,arrival,Zurich,Riga,baltic,Landed,18:35,18:19,2024-10-30 18:35:00,2024-10-30 18:19:00,-16.0
2024-10-30,arrival,Zurich,Vienna,austrian,Landed,18:40,18:31,2024-10-30 18:40:00,2024-10-30 18:31:00,-9.0
2024-10-30,arrival,Zurich,Larnaca,edelweiss,Landed,18:40,18:32,2024-10-30 18:40:00,2024-10-30 18:32:00,-8.0
2024-10-30,arrival,Zurich,Madrid,iberia,Landed,18:55,19:39,2024-10-30 18:55:00,2024-10-30 19:39:00,44.0
2024-10-30,arrival,Zurich,Istanbul SAW,pegasus,Landed,15:00,15:00,2024-10-30 15:00:00,2024-10-30 15:00:00,0.0
2024-10-30,arrival,Zurich,Los Angeles,swiss,Landed,15:15,14:38,2024-10-30 15:15:00,2024-10-30 14:38:00,-37.0
2024-10-30,arrival,Zurich,Las Vegas,edelweiss,Landed,15:25,15:03,2024-10-30 15:25:00,2024-10-30 15:03:00,-22.0
2024-10-30,arrival,Zurich,Alicante,swiss,Landed,15:25,16:30,2024-10-30 15:25:00,2024-10-30 16:30:00,65.0
2024-10-30,arrival,Zurich,Valencia,swiss,Landed,15:25,16:53,2024-10-30 15:25:00,2024-10-30 16:53:00,88.0
2024-10-30,arrival,Zurich,London LHR,british,Landed,15:30,15:21,2024-10-30 15:30:00,2024-10-30 15:21:00,-9.0
2024-10-30,arrival,Zurich,Oslo OSL,swiss,Landed,15:30,15:11,2024-10-30 15:30:00,2024-10-30 15:11:00,-19.0
2024-10-30,arrival,Zurich,San Francisco,swiss,Landed,15:30,14:59,2024-10-30 15:30:00,2024-10-30 14:59:00,-31.0
2024-10-30,arrival,Zurich,Porto,swiss,Landed,15:35,16:15,2024-10-30 15:35:00,2024-10-30 16:15:00,40.0
2024-10-30,arrival,Zurich,Luxembourg,swiss,Landed,15:35,15:18,2024-10-30 15:35:00,2024-10-30 15:18:00,-17.0
2024-10-30,arrival,Zurich,Stockholm ARN,swiss,Landed,15:40,15:29,2024-10-30 15:40:00,2024-10-30 15:29:00,-11.0
2024-10-30,arrival,Zurich,Frankfurt,swiss,Landed,15:40,16:29,2024-10-30 15:40:00,2024-10-30 16:29:00,49.0
2024-10-30,arrival,Zurich,Malaga,swiss,Landed,15:40,15:51,2024-10-30 15:40:00,2024-10-30 15:51:00,11.0
2024-10-30,arrival,Zurich,Athens,swiss,Landed,15:45,15:30,2024-10-30 15:45:00,2024-10-30 15:30:00,-15.0
2024-10-30,arrival,Zurich,Geneva,swiss,Landed,15:45,15:36,2024-10-30 15:45:00,2024-10-30 15:36:00,-9.0
2024-10-30,arrival,Zurich,Faro,edelweiss,Landed,15:55,16:00,2024-10-30 15:55:00,2024-10-30 16:00:00,5.0
2024-10-30,arrival,Zurich,Hurghada,chair,Landed,15:55,16:23,2024-10-30 15:55:00,2024-10-30 16:23:00,28.0
2024-10-30,arrival,Zurich,Stuttgart,swiss,Landed,16:00,15:41,2024-10-30 16:00:00,2024-10-30 15:41:00,-19.0
2024-10-30,arrival,Zurich,Düsseldorf,swiss,Landed,16:00,15:47,2024-10-30 16:00:00,2024-10-30 15:47:00,-13.0
2024-10-30,arrival,Zurich,Lisbon,swiss,Landed,16:00,16:27,2024-10-30 16:00:00,2024-10-30 16:27:00,27.0
2024-10-30,arrival,Zurich,London LCY,swiss,Landed,16:05,15:54,2024-10-30 16:05:00,2024-10-30 15:54:00,-11.0
2024-10-30,arrival,Zurich,Dublin,swiss,Landed,16:05,15:51,2024-10-30 16:05:00,2024-10-30 15:51:00,-14.0
2024-10-30,arrival,Zurich,Nice,swiss,Landed,16:05,16:10,2024-10-30 16:05:00,2024-10-30 16:10:00,5.0
2024-10-30,arrival,Zurich,Prague,swiss,Landed,16:10,16:10,2024-10-30 16:10:00,2024-10-30 16:10:00,0.0
2024-10-30,arrival,Zurich,Palma De Mallorca,chair,Landed,16:10,17:14,2024-10-30 16:10:00,2024-10-30 17:14:00,64.0
2024-10-30,arrival,Zurich,Ljubljana,swiss,Landed,16:10,16:06,2024-10-30 16:10:00,2024-10-30 16:06:00,-4.0
2024-10-30,arrival,Zurich,Milan MXP,swiss,Landed,16:15,16:05,2024-10-30 16:15:00,2024-10-30 16:05:00,-10.0
2024-10-30,arrival,Zurich,Tallinn,swiss,Landed,16:15,16:28,2024-10-30 16:15:00,2024-10-30 16:28:00,13.0
2024-10-30,arrival,Zurich,Vienna,swiss,Landed,16:20,16:23,2024-10-30 16:20:00,2024-10-30 16:23:00,3.0
2024-10-30,arrival,Zurich,Paris CDG,swiss,Landed,16:20,16:17,2024-10-30 16:20:00,2024-10-30 16:17:00,-3.0
2024-10-30,arrival,Zurich,Berlin,swiss,Landed,16:20,16:48,2024-10-30 16:20:00,2024-10-30 16:48:00,28.0
2024-10-30,arrival,Zurich,Rome,swiss,Landed,16:25,16:21,2024-10-30 16:25:00,2024-10-30 16:21:00,-4.0
2024-10-30,arrival,Zurich,Florence,swiss,Landed,16:25,16:15,2024-10-30 16:25:00,2024-10-30 16:15:00,-10.0
2024-10-30,arrival,Zurich,Venice,swiss,Landed,16:25,16:16,2024-10-30 16:25:00,2024-10-30 16:16:00,-9.0
2024-10-30,arrival,Zurich,Brussels,swiss,Landed,16:25,16:21,2024-10-30 16:25:00,2024-10-30 16:21:00,-4.0
2024-10-30,arrival,Zurich,Belgrade,swiss,Landed,16:30,17:17,2024-10-30 16:30:00,2024-10-30 17:17:00,47.0
2024-10-30,arrival,Zurich,Munich,lufthansa_neu,Landed,16:30,16:38,2024-10-30 16:30:00,2024-10-30 16:38:00,8.0
2024-10-30,arrival,Zurich,Krakow,swiss,Landed,16:30,16:54,2024-10-30 16:30:00,2024-10-30 16:54:00,24.0
2024-10-30,arrival,Zurich,Košice,swiss,Landed,16:35,16:39,2024-10-30 16:35:00,2024-10-30 16:39:00,4.0
2024-10-30,arrival,Zurich,Budapest,swiss,Landed,16:35,16:30,2024-10-30 16:35:00,2024-10-30 16:30:00,-5.0
2024-10-30,arrival,Zurich,Marseille,swiss,Landed,16:35,16:11,2024-10-30 16:35:00,2024-10-30 16:11:00,-24.0
2024-10-30,arrival,Zurich,Warsaw,swiss,Landed,16:35,16:34,2024-10-30 16:35:00,2024-10-30 16:34:00,-1.0
2024-10-30,arrival,Zurich,Barcelona,swiss,Landed,16:40,18:14,2024-10-30 16:40:00,2024-10-30 18:14:00,94.0
2024-10-30,arrival,Zurich,London LHR,british,Landed,16:40,16:35,2024-10-30 16:40:00,2024-10-30 16:35:00,-5.0
2024-10-30,arrival,Zurich,Hamburg,swiss,Landed,16:40,16:44,2024-10-30 16:40:00,2024-10-30 16:44:00,4.0
2024-10-30,arrival,Zurich,Copenhagen,swiss,Landed,16:45,16:51,2024-10-30 16:45:00,2024-10-30 16:51:00,6.0
2024-10-30,arrival,Zurich,Amsterdam,klm,Landed,16:45,16:49,2024-10-30 16:45:00,2024-10-30 16:49:00,4.0
2024-10-30,arrival,Zurich,London LHR,swiss,Landed,16:45,16:56,2024-10-30 16:45:00,2024-10-30 16:56:00,11.0
2024-10-30,arrival,Zurich,Amsterdam,swiss,Landed,16:50,16:46,2024-10-30 16:50:00,2024-10-30 16:46:00,-4.0
2024-10-30,arrival,Zurich,Malta,km_malta_airlines,Landed,16:50,16:48,2024-10-30 16:50:00,2024-10-30 16:48:00,-2.0
2024-10-30,arrival,Zurich,Palma De Mallorca,swiss,Landed,16:55,16:59,2024-10-30 16:55:00,2024-10-30 16:59:00,4.0
2024-10-30,arrival,Zurich,Istanbul SAW,ajet_logo,Landed,13:10,12:49,2024-10-30 13:10:00,2024-10-30 12:49:00,-21.0
2024-10-30,arrival,Zurich,Amsterdam,klm,Landed,13:35,13:35,2024-10-30 13:35:00,2024-10-30 13:35:00,0.0
2024-10-30,arrival,Zurich,Doha,qatar,Landed,13:40,13:06,2024-10-30 13:40:00,2024-10-30 13:06:00,-34.0
2024-10-30,arrival,Zurich,Riyadh,saudia_logo,Landed,13:45,13:16,2024-10-30 13:45:00,2024-10-30 13:16:00,-29.0
2024-10-30,arrival,Zurich,Istanbul IST,turkish,Landed,13:55,13:29,2024-10-30 13:55:00,2024-10-30 13:29:00,-26.0
2024-10-30,arrival,Zurich,Frankfurt,lufthansa_neu,Landed,13:55,14:15,2024-10-30 13:55:00,2024-10-30 14:15:00,20.0
2024-10-30,arrival,Zurich,Split,croatia_v2,Landed,14:05,14:06,2024-10-30 14:05:00,2024-10-30 14:06:00,1.0
2024-10-30,arrival,Zurich,London LCY,british,Landed,14:10,14:08,2024-10-30 14:10:00,2024-10-30 14:08:00,-2.0
2024-10-30,arrival,Zurich,Vienna,austrian,Landed,14:20,14:13,2024-10-30 14:20:00,2024-10-30 14:13:00,-7.0
2024-10-30,arrival,Zurich,Naples,swiss,Landed,14:40,14:21,2024-10-30 14:40:00,2024-10-30 14:21:00,-19.0
2024-10-30,arrival,Zurich,London LHR,swiss,Landed,14:45,14:45,2024-10-30 14:45:00,2024-10-30 14:45:00,0.0
2024-10-30,arrival,Zurich,Hamburg,euro,Landed,14:55,15:14,2024-10-30 14:55:00,2024-10-30 15:14:00,19.0
2024-10-30,arrival,Zurich,Hamburg,swiss,Landed,11:00,11:22,2024-10-30 11:00:00,2024-10-30 11:22:00,22.0
2024-10-30,arrival,Zurich,Düsseldorf,swiss,Landed,11:00,11:01,2024-10-30 11:00:00,2024-10-30 11:01:00,1.0
2024-10-30,arrival,Zurich,Geneva,swiss,Landed,11:00,11:08,2024-10-30 11:00:00,2024-10-30 11:08:00,8.0
2024-10-30,arrival,Zurich,Amsterdam,klm,Landed,11:05,11:21,2024-10-30 11:05:00,2024-10-30 11:21:00,16.0
2024-10-30,arrival,Zurich,Brussels,swiss,Landed,11:05,11:09,2024-10-30 11:05:00,2024-10-30 11:09:00,4.0
2024-10-30,arrival,Zurich,Berlin,swiss,Landed,11:05,11:04,2024-10-30 11:05:00,2024-10-30 11:04:00,-1.0
2024-10-30,arrival,Zurich,Bologna,swiss,Landed,11:05,11:18,2024-10-30 11:05:00,2024-10-30 11:18:00,13.0
2024-10-30,arrival,Zurich,Boston,swiss,Landed,11:10,11:18,2024-10-30 11:10:00,2024-10-30 11:18:00,8.0
2024-10-30,arrival,Zurich,Prague,swiss,Landed,11:10,11:37,2024-10-30 11:10:00,2024-10-30 11:37:00,27.0
2024-10-30,arrival,Zurich,Vienna,swiss,Landed,11:10,11:14,2024-10-30 11:10:00,2024-10-30 11:14:00,4.0
2024-10-30,arrival,Zurich,Madrid,iberia,Landed,11:10,11:31,2024-10-30 11:10:00,2024-10-30 11:31:00,21.0
2024-10-30,arrival,Zurich,Budapest,swiss,Landed,11:15,11:41,2024-10-30 11:15:00,2024-10-30 11:41:00,26.0
2024-10-30,arrival,Zurich,Amsterdam,swiss,Landed,11:15,11:48,2024-10-30 11:15:00,2024-10-30 11:48:00,33.0
2024-10-30,arrival,Zurich,Rome,swiss,Landed,11:20,11:54,2024-10-30 11:20:00,2024-10-30 11:54:00,34.0
2024-10-30,arrival,Zurich,Paris CDG,swiss,Landed,11:20,11:41,2024-10-30 11:20:00,2024-10-30 11:41:00,21.0
2024-10-30,arrival,Zurich,Nice,swiss,Landed,11:20,11:37,2024-10-30 11:20:00,2024-10-30 11:37:00,17.0
2024-10-30,arrival,Zurich,Hanover,swiss,Landed,11:25,11:32,2024-10-30 11:25:00,2024-10-30 11:32:00,7.0
2024-10-30,arrival,Zurich,Belgrade,swiss,Landed,11:25,11:43,2024-10-30 11:25:00,2024-10-30 11:43:00,18.0
2024-10-30,arrival,Zurich,Stuttgart,swiss,Landed,11:25,11:32,2024-10-30 11:25:00,2024-10-30 11:32:00,7.0
2024-10-30,arrival,Zurich,Geneva,swiss,Landed,11:30,11:47,2024-10-30 11:30:00,2024-10-30 11:47:00,17.0
2024-10-30,arrival,Zurich,Palma De Mallorca,swiss,Landed,11:35,11:53,2024-10-30 11:35:00,2024-10-30 11:53:00,18.0
2024-10-30,arrival,Zurich,Birmingham,swiss,Landed,11:35,11:49,2024-10-30 11:35:00,2024-10-30 11:49:00,14.0
2024-10-30,arrival,Zurich,Luxembourg,swiss,Landed,11:35,11:36,2024-10-30 11:35:00,2024-10-30 11:36:00,1.0
2024-10-30,arrival,Zurich,Barcelona,swiss,Landed,11:40,12:03,2024-10-30 11:40:00,2024-10-30 12:03:00,23.0
2024-10-30,arrival,Zurich,Copenhagen,swiss,Landed,11:40,11:43,2024-10-30 11:40:00,2024-10-30 11:43:00,3.0
2024-10-30,arrival,Zurich,London LHR,british,Landed,11:40,11:53,2024-10-30 11:40:00,2024-10-30 11:53:00,13.0
2024-10-30,arrival,Zurich,Newark,swiss,Landed,11:40,12:12,2024-10-30 11:40:00,2024-10-30 12:12:00,32.0
2024-10-30,arrival,Zurich,Cancun,edelweiss,Landed,11:45,12:09,2024-10-30 11:45:00,2024-10-30 12:09:00,24.0
2024-10-30,arrival,Zurich,Pristina,edelweiss,Landed,11:50,12:09,2024-10-30 11:50:00,2024-10-30 12:09:00,19.0
2024-10-30,arrival,Zurich,London LHR,swiss,Landed,11:50,12:05,2024-10-30 11:50:00,2024-10-30 12:05:00,15.0
2024-10-30,arrival,Zurich,Warsaw,swiss,Landed,11:50,11:50,2024-10-30 11:50:00,2024-10-30 11:50:00,0.0
2024-10-30,arrival,Zurich,Manchester,swiss,Landed,11:55,11:57,2024-10-30 11:55:00,2024-10-30 11:57:00,2.0
2024-10-30,arrival,Zurich,London LCY,swiss,Landed,12:00,12:00,2024-10-30 12:00:00,2024-10-30 12:00:00,0.0
2024-10-30,arrival,Zurich,Geneva,swiss,Landed,12:05,12:15,2024-10-30 12:05:00,2024-10-30 12:15:00,10.0
2024-10-30,arrival,Zurich,Gothenburg,swiss,Landed,12:05,12:05,2024-10-30 12:05:00,2024-10-30 12:05:00,0.0
2024-10-30,arrival,Zurich,Oslo OSL,sas,Landed,12:10,12:04,2024-10-30 12:10:00,2024-10-30 12:04:00,-6.0
2024-10-30,arrival,Zurich,Malta,swiss,Landed,12:15,12:16,2024-10-30 12:15:00,2024-10-30 12:16:00,1.0
2024-10-30,arrival,Zurich,Berlin,swiss,Landed,12:15,12:27,2024-10-30 12:15:00,2024-10-30 12:27:00,12.0
2024-10-30,arrival,Zurich,Hamburg,swiss,Landed,12:20,12:21,2024-10-30 12:20:00,2024-10-30 12:21:00,1.0
2024-10-30,arrival,Zurich,Madrid,swiss,Landed,12:20,12:29,2024-10-30 12:20:00,2024-10-30 12:29:00,9.0
2024-10-30,arrival,Zurich,Dubai,emirates-neu,Landed,12:25,12:14,2024-10-30 12:25:00,2024-10-30 12:14:00,-11.0
2024-10-30,arrival,Zurich,Lisbon,tap,Landed,12:40,13:00,2024-10-30 12:40:00,2024-10-30 13:00:00,20.0
2024-10-30,arrival,Zurich,Antalya,sun,Landed,12:50,12:32,2024-10-30 12:50:00,2024-10-30 12:32:00,-18.0
2024-10-30,arrival,Zurich,Cairo,egypt-air,Landed,12:55,12:45,2024-10-30 12:55:00,2024-10-30 12:45:00,-10.0
2024-10-30,arrival,Zurich,Munich,lufthansa_neu,Landed,12:55,12:54,2024-10-30 12:55:00,2024-10-30 12:54:00,-1.0
2024-10-30,arrival,Zurich,Hamburg,euro,Landed,09:05,08:53,2024-10-30 09:05:00,2024-10-30 08:53:00,-12.0
2024-10-30,arrival,Zurich,London LCY,british,Landed,09:30,09:25,2024-10-30 09:30:00,2024-10-30 09:25:00,-5.0
2024-10-30,arrival,Zurich,London LHR,british,Landed,09:30,09:18,2024-10-30 09:30:00,2024-10-30 09:18:00,-12.0
2024-10-30,arrival,Zurich,Warsaw,lot,Landed,09:35,09:50,2024-10-30 09:35:00,2024-10-30 09:50:00,15.0
2024-10-30,arrival,Zurich,Thessaloniki,aegan,Landed,09:40,09:26,2024-10-30 09:40:00,2024-10-30 09:26:00,-14.0
2024-10-30,arrival,Zurich,Porto,easyjet,Landed,09:45,09:45,2024-10-30 09:45:00,2024-10-30 09:45:00,0.0
2024-10-30,arrival,Zurich,Madrid,europa,Landed,09:45,09:37,2024-10-30 09:45:00,2024-10-30 09:37:00,-8.0
2024-10-30,arrival,Zurich,Copenhagen,sas,Landed,09:45,09:30,2024-10-30 09:45:00,2024-10-30 09:30:00,-15.0
2024-10-30,arrival,Zurich,Paris CDG,airfrance,Landed,09:50,09:48,2024-10-30 09:50:00,2024-10-30 09:48:00,-2.0
2024-10-30,arrival,Zurich,Helsinki,finnair,Landed,09:50,09:33,2024-10-30 09:50:00,2024-10-30 09:33:00,-17.0
2024-10-30,arrival,Zurich,Vienna,austrian,Landed,09:50,09:35,2024-10-30 09:50:00,2024-10-30 09:35:00,-15.0
2024-10-30,arrival,Zurich,Istanbul IST,turkish,Landed,09:50,09:31,2024-10-30 09:50:00,2024-10-30 09:31:00,-19.0
2024-10-30,arrival,Zurich,Zagreb,croatia_v2,Landed,10:05,10:17,2024-10-30 10:05:00,2024-10-30 10:17:00,12.0
2024-10-30,arrival,Zurich,Frankfurt,swiss,Landed,10:05,10:13,2024-10-30 10:05:00,2024-10-30 10:13:00,8.0
2024-10-30,arrival,Zurich,Munich,swiss,Landed,10:10,10:11,2024-10-30 10:10:00,2024-10-30 10:11:00,1.0
2024-10-30,arrival,Zurich,Lisbon,easyjet,Landed,10:10,10:02,2024-10-30 10:10:00,2024-10-30 10:02:00,-8.0
2024-10-30,arrival,Zurich,Athens,aegan,Landed,10:20,10:22,2024-10-30 10:20:00,2024-10-30 10:22:00,2.0
2024-10-30,arrival,Zurich,Toronto,canada,Landed,10:25,10:25,2024-10-30 10:25:00,2024-10-30 10:25:00,0.0
2024-10-30,arrival,Zurich,Frankfurt,lufthansa_neu,Cancelled,10:30,10:30,2024-10-30 10:30:00,2024-10-30 10:30:00,0.0
2024-10-30,arrival,Zurich,New York,delta,Landed,10:30,10:50,2024-10-30 10:30:00,2024-10-30 10:50:00,20.0
2024-10-30,arrival,Zurich,Istanbul SAW,pegasus,Landed,10:35,10:21,2024-10-30 10:35:00,2024-10-30 10:21:00,-14.0
2024-10-30,arrival,Zurich,Sao Paulo,swiss,Landed,10:35,10:20,2024-10-30 10:35:00,2024-10-30 10:20:00,-15.0
2024-10-30,arrival,Zurich,Washington,swiss,Landed,10:35,10:56,2024-10-30 10:35:00,2024-10-30 10:56:00,21.0
2024-10-30,arrival,Zurich,New York,swiss,Landed,10:40,10:45,2024-10-30 10:40:00,2024-10-30 10:45:00,5.0
2024-10-30,arrival,Zurich,Chicago,swiss,Landed,10:45,10:42,2024-10-30 10:45:00,2024-10-30 10:42:00,-3.0
2024-10-30,arrival,Zurich,Pristina,chair,Landed,10:45,12:36,2024-10-30 10:45:00,2024-10-30 12:36:00,111.0
2024-10-30,arrival,Zurich,London LCY,swiss,Landed,10:45,10:44,2024-10-30 10:45:00,2024-10-30 10:44:00,-1.0
2024-10-30,arrival,Zurich,Miami,swiss,Landed,10:50,11:24,2024-10-30 10:50:00,2024-10-30 11:24:00,34.0
2024-10-30,arrival,Zurich,London LTN,easyjet,Landed,10:50,10:56,2024-10-30 10:50:00,2024-10-30 10:56:00,6.0
2024-10-30,arrival,Zurich,Florence,swiss,Landed,10:55,11:00,2024-10-30 10:55:00,2024-10-30 11:00:00,5.0
2024-10-30,arrival,Zurich,Milan MXP,swiss,Landed,10:55,10:49,2024-10-30 10:55:00,2024-10-30 10:49:00,-6.0
2024-10-30,arrival,Zurich,Venice,swiss,Landed,10:55,11:07,2024-10-30 10:55:00,2024-10-30 11:07:00,12.0
2024-10-30,arrival,Zurich,Tel Aviv,elalisrael,Landed,10:55,11:13,2024-10-30 10:55:00,2024-10-30 11:13:00,18.0
2024-10-30,arrival,Zurich,Hong Kong,cathay,Landed,07:30,07:43,2024-10-30 07:30:00,2024-10-30 07:43:00,13.0
2024-10-30,arrival,Zurich,Newark,united,Landed,07:40,08:05,2024-10-30 07:40:00,2024-10-30 08:05:00,25.0
2024-10-30,arrival,Zurich,Addis Ababavia Milan,ethiopianairlineslogosvg,Landed,07:40,07:14,2024-10-30 07:40:00,2024-10-30 07:14:00,-26.0
2024-10-30,arrival,Zurich,Antalya,sun,Landed,07:45,07:39,2024-10-30 07:45:00,2024-10-30 07:39:00,-6.0
2024-10-30,arrival,Zurich,Cologne Bonn,euro,Landed,07:45,08:08,2024-10-30 07:45:00,2024-10-30 08:08:00,23.0
2024-10-30,arrival,Zurich,Milan MXP,swiss,Landed,07:45,07:33,2024-10-30 07:45:00,2024-10-30 07:33:00,-12.0
2024-10-30,arrival,Zurich,Berlin,easyjet,Landed,07:45,07:18,2024-10-30 07:45:00,2024-10-30 07:18:00,-27.0
2024-10-30,arrival,Zurich,Singapore,singapore,Landed,07:50,07:51,2024-10-30 07:50:00,2024-10-30 07:51:00,1.0
2024-10-30,arrival,Zurich,Ljubljana,swiss,Landed,07:50,08:00,2024-10-30 07:50:00,2024-10-30 08:00:00,10.0
2024-10-30,arrival,Zurich,Brussels,brussels_airlines_logo,Landed,07:55,07:46,2024-10-30 07:55:00,2024-10-30 07:46:00,-9.0
2024-10-30,arrival,Zurich,Düsseldorf,euro,Landed,07:55,07:55,2024-10-30 07:55:00,2024-10-30 07:55:00,0.0
2024-10-30,arrival,Zurich,Budapest,swiss,Landed,07:55,07:42,2024-10-30 07:55:00,2024-10-30 07:42:00,-13.0
2024-10-30,arrival,Zurich,Bucharest,swiss,Landed,08:05,07:51,2024-10-30 08:05:00,2024-10-30 07:51:00,-14.0
2024-10-30,arrival,Zurich,Prague,swiss,Landed,08:10,08:03,2024-10-30 08:10:00,2024-10-30 08:03:00,-7.0
2024-10-30,arrival,Zurich,Malaga,swiss,Landed,08:15,08:17,2024-10-30 08:15:00,2024-10-30 08:17:00,2.0
2024-10-30,arrival,Zurich,Amsterdam,klm,Landed,08:15,08:20,2024-10-30 08:15:00,2024-10-30 08:20:00,5.0
2024-10-30,arrival,Zurich,Berlin,euro,Landed,08:15,07:57,2024-10-30 08:15:00,2024-10-30 07:57:00,-18.0
2024-10-30,arrival,Zurich,Philadelphia,american,Landed,08:15,08:16,2024-10-30 08:15:00,2024-10-30 08:16:00,1.0
2024-10-30,arrival,Zurich,Frankfurt,lufthansa_neu,Landed,08:20,08:22,2024-10-30 08:20:00,2024-10-30 08:22:00,2.0
2024-10-30,arrival,Zurich,Vienna,austrian,Landed,08:25,08:14,2024-10-30 08:25:00,2024-10-30 08:14:00,-11.0
2024-10-30,arrival,Zurich,Amsterdam,swiss,Landed,08:25,08:27,2024-10-30 08:25:00,2024-10-30 08:27:00,2.0
2024-10-30,arrival,Zurich,Barcelona,swiss,Landed,08:30,08:35,2024-10-30 08:30:00,2024-10-30 08:35:00,5.0
2024-10-30,arrival,Zurich,Paris CDG,swiss,Landed,08:30,08:13,2024-10-30 08:30:00,2024-10-30 08:13:00,-17.0
2024-10-30,arrival,Zurich,Geneva,swiss,Landed,08:30,08:40,2024-10-30 08:30:00,2024-10-30 08:40:00,10.0
2024-10-30,arrival,Zurich,Stockholm ARN,swiss,Landed,08:35,08:33,2024-10-30 08:35:00,2024-10-30 08:33:00,-2.0
2024-10-30,arrival,Zurich,London LHR,swiss,Landed,08:40,08:37,2024-10-30 08:40:00,2024-10-30 08:37:00,-3.0
2024-10-30,arrival,Zurich,Copenhagen,swiss,Landed,08:45,08:31,2024-10-30 08:45:00,2024-10-30 08:31:00,-14.0
2024-10-30,arrival,Zurich,Munich,lufthansa_neu,Landed,08:45,08:37,2024-10-30 08:45:00,2024-10-30 08:37:00,-8.0
2024-10-30,arrival,Zurich,Berlin,swiss,Landed,08:45,08:26,2024-10-30 08:45:00,2024-10-30 08:26:00,-19.0
2024-10-30,arrival,Zurich,Barcelona,vueling,Landed,08:50,09:02,2024-10-30 08:50:00,2024-10-30 09:02:00,12.0
2024-10-30,arrival,Zurich,Belgrade,serbia,Landed,08:50,08:44,2024-10-30 08:50:00,2024-10-30 08:44:00,-6.0
2024-10-30,arrival,Zurich,Athens,swiss,Landed,08:55,08:46,2024-10-30 08:55:00,2024-10-30 08:46:00,-9.0
2024-10-30,arrival,Zurich,Singapore,swiss,Landed,06:10,06:18,2024-10-30 06:10:00,2024-10-30 06:18:00,8.0
2024-10-30,arrival,Zurich,Mumbai,swiss,Landed,06:10,06:24,2024-10-30 06:10:00,2024-10-30 06:24:00,14.0
2024-10-30,arrival,Zurich,New York,swiss,Landed,06:10,06:55,2024-10-30 06:10:00,2024-10-30 06:55:00,45.0
2024-10-30,arrival,Zurich,Hong Kong,swiss,Landed,06:10,06:09,2024-10-30 06:10:00,2024-10-30 06:09:00,-1.0
2024-10-30,arrival,Zurich,Johannesburg,swiss,Landed,06:15,06:14,2024-10-30 06:15:00,2024-10-30 06:14:00,-1.0
2024-10-30,arrival,Zurich,Dubai,swiss,Landed,06:15,06:16,2024-10-30 06:15:00,2024-10-30 06:16:00,1.0
2024-10-30,arrival,Zurich,Montreal,swiss,Landed,06:15,06:20,2024-10-30 06:15:00,2024-10-30 06:20:00,5.0
2024-10-30,arrival,Zurich,Delhi,swiss,Landed,06:20,06:11,2024-10-30 06:20:00,2024-10-30 06:11:00,-9.0
2024-10-30,arrival,Zurich,Kilimanjarovia Zanzibar,edelweiss,Landed,06:20,06:27,2024-10-30 06:20:00,2024-10-30 06:27:00,7.0
2024-10-30,arrival,Zurich,Abu Dhabi AUH,etihad,Landed,06:30,06:57,2024-10-30 06:30:00,2024-10-30 06:57:00,27.0
2024-10-30,arrival,Zurich,Boston,swiss,Landed,06:35,06:43,2024-10-30 06:35:00,2024-10-30 06:43:00,8.0
2024-10-30,arrival,Zurich,Washington,united,Landed,06:40,11:58,2024-10-30 06:40:00,2024-10-30 11:58:00,318.0
2024-10-30,arrival,Zurich,Bangkok,thai,Landed,06:55,06:32,2024-10-30 06:55:00,2024-10-30 06:32:00,-23.0
2024-10-30,departure,Zurich,Prague,swiss,Departed,21:00,21:00,2024-10-30 21:00:00,2024-10-30 21:00:00,0.0
2024-10-30,departure,Zurich,Athens,swiss,Departed,21:00,21:25,2024-10-30 21:00:00,2024-10-30 21:25:00,25.0
2024-10-30,departure,Zurich,Porto,easyjet,Departed,21:00,21:20,2024-10-30 21:00:00,2024-10-30 21:20:00,20.0
2024-10-30,departure,Zurich,Geneva,swiss,Departed,21:00,21:20,2024-10-30 21:00:00,2024-10-30 21:20:00,20.0
2024-10-30,departure,Zurich,London LHR,british,Departed,21:05,21:05,2024-10-30 21:05:00,2024-10-30 21:05:00,0.0
2024-10-30,departure,Zurich,Bucharest,swiss,Departed,21:10,21:10,2024-10-30 21:10:00,2024-10-30 21:10:00,0.0
2024-10-30,departure,Zurich,Barcelona,swiss,Departed,21:10,21:20,2024-10-30 21:10:00,2024-10-30 21:20:00,10.0
2024-10-30,departure,Zurich,Budapest,swiss,Departed,21:10,21:10,2024-10-30 21:10:00,2024-10-30 21:10:00,0.0
2024-10-30,departure,Zurich,Copenhagen,swiss,Departed,21:15,21:15,2024-10-30 21:15:00,2024-10-30 21:15:00,0.0
2024-10-30,departure,Zurich,Ljubljana,swiss,Departed,21:15,21:15,2024-10-30 21:15:00,2024-10-30 21:15:00,0.0
2024-10-30,departure,Zurich,Berlin,easyjet,Departed,21:20,21:11,2024-10-30 21:20:00,2024-10-30 21:11:00,-9.0
2024-10-30,departure,Zurich,Muscat,oman,Departed,21:35,21:35,2024-10-30 21:35:00,2024-10-30 21:35:00,0.0
2024-10-30,departure,Zurich,Alicante,easyjet,Departed,21:35,22:20,2024-10-30 21:35:00,2024-10-30 22:20:00,45.0
2024-10-30,departure,Zurich,Dubai,emirates-neu,Departed,21:50,21:50,2024-10-30 21:50:00,2024-10-30 21:50:00,0.0
2024-10-30,departure,Zurich,Malaga,swiss,Departed,22:25,22:25,2024-10-30 22:25:00,2024-10-30 22:25:00,0.0
2024-10-30,departure,Zurich,Singapore,swiss,Departed,22:40,22:40,2024-10-30 22:40:00,2024-10-30 22:40:00,0.0
2024-10-30,departure,Zurich,Sao Paulo,swiss,Departed,22:40,22:45,2024-10-30 22:40:00,2024-10-30 22:45:00,5.0
2024-10-30,departure,Zurich,Hong Kong,swiss,Departed,22:40,22:35,2024-10-30 22:40:00,2024-10-30 22:35:00,-5.0
2024-10-30,departure,Zurich,Johannesburg,swiss,Departed,22:45,22:40,2024-10-30 22:45:00,2024-10-30 22:40:00,-5.0
2024-10-30,departure,Zurich,Munich,swiss,Departed,19:05,19:10,2024-10-30 19:05:00,2024-10-30 19:10:00,5.0
2024-10-30,departure,Zurich,Helsinki,finnair,Departed,19:05,18:55,2024-10-30 19:05:00,2024-10-30 18:55:00,-10.0
2024-10-30,departure,Zurich,Amsterdam,klm,Departed,19:10,19:20,2024-10-30 19:10:00,2024-10-30 19:20:00,10.0
2024-10-30,departure,Zurich,London LHR,british,Departed,19:15,19:15,2024-10-30 19:15:00,2024-10-30 19:15:00,0.0
2024-10-30,departure,Zurich,London LCY,british,Departed,19:15,19:30,2024-10-30 19:15:00,2024-10-30 19:30:00,15.0
2024-10-30,departure,Zurich,Riga,baltic,Departed,19:20,19:40,2024-10-30 19:20:00,2024-10-30 19:40:00,20.0
2024-10-30,departure,Zurich,Vienna,austrian,Departed,19:25,19:25,2024-10-30 19:25:00,2024-10-30 19:25:00,0.0
2024-10-30,departure,Zurich,Madrid,iberia,Departed,19:40,20:35,2024-10-30 19:40:00,2024-10-30 20:35:00,55.0
2024-10-30,departure,Zurich,Delhi,air_india_logo,Departed,19:50,20:00,2024-10-30 19:50:00,2024-10-30 20:00:00,10.0
2024-10-30,departure,Zurich,Zagreb,croatia_v2,Departed,19:55,20:05,2024-10-30 19:55:00,2024-10-30 20:05:00,10.0
2024-10-30,departure,Zurich,Warsaw,lot,Departed,19:55,20:05,2024-10-30 19:55:00,2024-10-30 20:05:00,10.0
2024-10-30,departure,Zurich,Frankfurt,lufthansa_neu,Departed,20:05,20:05,2024-10-30 20:05:00,2024-10-30 20:05:00,0.0
2024-10-30,departure,Zurich,Hamburg,euro,Departed,20:10,20:20,2024-10-30 20:10:00,2024-10-30 20:20:00,10.0
2024-10-30,departure,Zurich,Cologne Bonn,euro,Departed,20:10,20:20,2024-10-30 20:10:00,2024-10-30 20:20:00,10.0
2024-10-30,departure,Zurich,Berlin,euro,Departed,20:10,20:10,2024-10-30 20:10:00,2024-10-30 20:10:00,0.0
2024-10-30,departure,Zurich,Addis Ababavia Milan,ethiopianairlineslogosvg,Departed,20:15,20:15,2024-10-30 20:15:00,2024-10-30 20:15:00,0.0
2024-10-30,departure,Zurich,Munich,lufthansa_neu,Departed,20:15,21:10,2024-10-30 20:15:00,2024-10-30 21:10:00,55.0
2024-10-30,departure,Zurich,London LGW,easyjet,Departed,20:15,20:15,2024-10-30 20:15:00,2024-10-30 20:15:00,0.0
2024-10-30,departure,Zurich,Pristina,gp-aviation,Departed,20:20,20:25,2024-10-30 20:20:00,2024-10-30 20:25:00,5.0
2024-10-30,departure,Zurich,Copenhagen,sas,Departed,20:25,20:22,2024-10-30 20:25:00,2024-10-30 20:22:00,-3.0
2024-10-30,departure,Zurich,Belgrade,serbia,Departed,20:40,20:40,2024-10-30 20:40:00,2024-10-30 20:40:00,0.0
2024-10-30,departure,Zurich,Vienna,austrian,Departed,20:45,20:45,2024-10-30 20:45:00,2024-10-30 20:45:00,0.0
2024-10-30,departure,Zurich,Amsterdam,swiss,Departed,20:45,20:45,2024-10-30 20:45:00,2024-10-30 20:45:00,0.0
2024-10-30,departure,Zurich,Düsseldorf,euro,Departed,20:50,21:00,2024-10-30 20:50:00,2024-10-30 21:00:00,10.0
2024-10-30,departure,Zurich,Barcelona,vueling,Departed,20:50,21:00,2024-10-30 20:50:00,2024-10-30 21:00:00,10.0
2024-10-30,departure,Zurich,Milan MXP,swiss,Departed,20:50,20:50,2024-10-30 20:50:00,2024-10-30 20:50:00,0.0
2024-10-30,departure,Zurich,Stockholm ARN,swiss,Departed,20:55,21:20,2024-10-30 20:55:00,2024-10-30 21:20:00,25.0
2024-10-30,departure,Zurich,London LHR,swiss,Departed,20:55,20:55,2024-10-30 20:55:00,2024-10-30 20:55:00,0.0
2024-10-30,departure,Zurich,Berlin,swiss,Departed,20:55,21:10,2024-10-30 20:55:00,2024-10-30 21:10:00,15.0
2024-10-30,departure,Zurich,Paris CDG,swiss,Departed,20:55,20:55,2024-10-30 20:55:00,2024-10-30 20:55:00,0.0
2024-10-30,departure,Zurich,Graz,swiss,Departed,17:00,17:00,2024-10-30 17:00:00,2024-10-30 17:00:00,0.0
2024-10-30,departure,Zurich,London LHR,swiss,Departed,17:00,17:00,2024-10-30 17:00:00,2024-10-30 17:00:00,0.0
2024-10-30,departure,Zurich,Warsaw,swiss,Departed,17:00,17:05,2024-10-30 17:00:00,2024-10-30 17:05:00,5.0
2024-10-30,departure,Zurich,Manchester,swiss,Departed,17:05,17:05,2024-10-30 17:05:00,2024-10-30 17:05:00,0.0
2024-10-30,departure,Zurich,London LGW,swiss,Departed,17:05,17:05,2024-10-30 17:05:00,2024-10-30 17:05:00,0.0
2024-10-30,departure,Zurich,Florence,swiss,Departed,17:05,17:05,2024-10-30 17:05:00,2024-10-30 17:05:00,0.0
2024-10-30,departure,Zurich,Munich,lufthansa_neu,Departed,17:10,17:15,2024-10-30 17:10:00,2024-10-30 17:15:00,5.0
2024-10-30,departure,Zurich,Milan MXP,swiss,Departed,17:15,17:15,2024-10-30 17:15:00,2024-10-30 17:15:00,0.0
2024-10-30,departure,Zurich,Copenhagen,swiss,Departed,17:15,17:20,2024-10-30 17:15:00,2024-10-30 17:20:00,5.0
2024-10-30,departure,Zurich,Newark,swiss,Departed,17:15,17:35,2024-10-30 17:15:00,2024-10-30 17:35:00,20.0
2024-10-30,departure,Zurich,Pristina,chair,Departed,17:20,17:20,2024-10-30 17:20:00,2024-10-30 17:20:00,0.0
2024-10-30,departure,Zurich,Bremen,swiss,Departed,17:20,17:20,2024-10-30 17:20:00,2024-10-30 17:20:00,0.0
2024-10-30,departure,Zurich,Skopje,chair,Cancelled,17:20,17:20,2024-10-30 17:20:00,2024-10-30 17:20:00,0.0
2024-10-30,departure,Zurich,Berlin,swiss,Departed,17:25,17:40,2024-10-30 17:25:00,2024-10-30 17:40:00,15.0
2024-10-30,departure,Zurich,Wroclaw,swiss,Departed,17:25,17:25,2024-10-30 17:25:00,2024-10-30 17:25:00,0.0
2024-10-30,departure,Zurich,London LHR,british,Departed,17:25,17:24,2024-10-30 17:25:00,2024-10-30 17:24:00,-1.0
2024-10-30,departure,Zurich,Amsterdam,swiss,Departed,17:25,17:25,2024-10-30 17:25:00,2024-10-30 17:25:00,0.0
2024-10-30,departure,Zurich,Boston,swiss,Departed,17:30,17:35,2024-10-30 17:30:00,2024-10-30 17:35:00,5.0
2024-10-30,departure,Zurich,Barcelona,swiss,Departed,17:30,17:50,2024-10-30 17:30:00,2024-10-30 17:50:00,20.0
2024-10-30,departure,Zurich,Stuttgart,swiss,Departed,17:30,17:30,2024-10-30 17:30:00,2024-10-30 17:30:00,0.0
2024-10-30,departure,Zurich,Amsterdam,klm,Departed,17:30,17:30,2024-10-30 17:30:00,2024-10-30 17:30:00,0.0
2024-10-30,departure,Zurich,Rome,swiss,Departed,17:35,17:45,2024-10-30 17:35:00,2024-10-30 17:45:00,10.0
2024-10-30,departure,Zurich,Budapest,swiss,Departed,17:35,17:35,2024-10-30 17:35:00,2024-10-30 17:35:00,0.0
2024-10-30,departure,Zurich,Paris CDG,swiss,Departed,17:35,17:35,2024-10-30 17:35:00,2024-10-30 17:35:00,0.0
2024-10-30,departure,Zurich,Prague,swiss,Departed,17:40,17:45,2024-10-30 17:40:00,2024-10-30 17:45:00,5.0
2024-10-30,departure,Zurich,Malta,km_malta_airlines,Departed,17:40,17:40,2024-10-30 17:40:00,2024-10-30 17:40:00,0.0
2024-10-30,departure,Zurich,Düsseldorf,swiss,Departed,17:40,17:40,2024-10-30 17:40:00,2024-10-30 17:40:00,0.0
2024-10-30,departure,Zurich,Dresden,swiss,Departed,17:40,17:40,2024-10-30 17:40:00,2024-10-30 17:40:00,0.0
2024-10-30,departure,Zurich,Skopje,edelweiss,Departed,17:45,17:51,2024-10-30 17:45:00,2024-10-30 17:51:00,6.0
2024-10-30,departure,Zurich,Hanover,swiss,Departed,17:45,17:45,2024-10-30 17:45:00,2024-10-30 17:45:00,0.0
2024-10-30,departure,Zurich,Vienna,swiss,Departed,17:45,17:45,2024-10-30 17:45:00,2024-10-30 17:45:00,0.0
2024-10-30,departure,Zurich,Pristina,edelweiss,Departed,17:50,17:50,2024-10-30 17:50:00,2024-10-30 17:50:00,0.0
2024-10-30,departure,Zurich,Nice,swiss,Departed,17:50,17:50,2024-10-30 17:50:00,2024-10-30 17:50:00,0.0
2024-10-30,departure,Zurich,Hamburg,swiss,Departed,17:50,17:59,2024-10-30 17:50:00,2024-10-30 17:59:00,9.0
2024-10-30,departure,Zurich,Ibiza,edelweiss,Departed,17:55,17:55,2024-10-30 17:55:00,2024-10-30 17:55:00,0.0
2024-10-30,departure,Zurich,Brussels,swiss,Departed,17:55,18:00,2024-10-30 17:55:00,2024-10-30 18:00:00,5.0
2024-10-30,departure,Zurich,Luxembourg,swiss,Departed,17:55,17:55,2024-10-30 17:55:00,2024-10-30 17:55:00,0.0
2024-10-30,departure,Zurich,London LCY,swiss,Departed,17:55,17:55,2024-10-30 17:55:00,2024-10-30 17:55:00,0.0
2024-10-30,departure,Zurich,Geneva,swiss,Departed,18:00,18:00,2024-10-30 18:00:00,2024-10-30 18:00:00,0.0
2024-10-30,departure,Zurich,Bangkok,swiss,Departed,18:00,18:00,2024-10-30 18:00:00,2024-10-30 18:00:00,0.0
2024-10-30,departure,Zurich,Lisbon,tap,Departed,18:00,18:10,2024-10-30 18:00:00,2024-10-30 18:10:00,10.0
2024-10-30,departure,Zurich,Istanbul IST,turkish,Departed,18:05,18:05,2024-10-30 18:05:00,2024-10-30 18:05:00,0.0
2024-10-30,departure,Zurich,Frankfurt,lufthansa_neu,Departed,18:05,18:05,2024-10-30 18:05:00,2024-10-30 18:05:00,0.0
2024-10-30,departure,Zurich,London LHR,swiss,Departed,18:25,18:20,2024-10-30 18:25:00,2024-10-30 18:20:00,-5.0
2024-10-30,departure,Zurich,Berlin,swiss,Departed,18:25,18:25,2024-10-30 18:25:00,2024-10-30 18:25:00,0.0
2024-10-30,departure,Zurich,Madrid,europa,Departed,18:30,19:05,2024-10-30 18:30:00,2024-10-30 19:05:00,35.0
2024-10-30,departure,Zurich,Paris CDG,airfrance,Departed,18:50,19:10,2024-10-30 18:50:00,2024-10-30 19:10:00,20.0
2024-10-30,departure,Zurich,Frankfurt,swiss,Departed,18:50,19:20,2024-10-30 18:50:00,2024-10-30 19:20:00,30.0
2024-10-30,departure,Zurich,Riyadh,saudia_logo,Departed,15:00,15:00,2024-10-30 15:00:00,2024-10-30 15:00:00,0.0
2024-10-30,departure,Zurich,Vienna,austrian,Departed,15:05,15:05,2024-10-30 15:05:00,2024-10-30 15:05:00,0.0
2024-10-30,departure,Zurich,Doha,qatar,Departed,15:10,15:10,2024-10-30 15:10:00,2024-10-30 15:10:00,0.0
2024-10-30,departure,Zurich,London LHR,swiss,Departed,15:30,15:25,2024-10-30 15:30:00,2024-10-30 15:25:00,-5.0
2024-10-30,departure,Zurich,Hamburg,euro,Departed,15:35,15:45,2024-10-30 15:35:00,2024-10-30 15:45:00,10.0
2024-10-30,departure,Zurich,Palma De Mallorca,swiss,Departed,15:40,15:40,2024-10-30 15:40:00,2024-10-30 15:40:00,0.0
2024-10-30,departure,Zurich,Istanbul SAW,pegasus,Departed,16:10,16:10,2024-10-30 16:10:00,2024-10-30 16:10:00,0.0
2024-10-30,departure,Zurich,Amsterdam,swiss,Departed,16:20,16:20,2024-10-30 16:20:00,2024-10-30 16:20:00,0.0
2024-10-30,departure,Zurich,Madrid,swiss,Departed,16:20,16:20,2024-10-30 16:20:00,2024-10-30 16:20:00,0.0
2024-10-30,departure,Zurich,Hamburg,swiss,Departed,16:25,16:35,2024-10-30 16:25:00,2024-10-30 16:35:00,10.0
2024-10-30,departure,Zurich,Berlin,swiss,Departed,16:25,16:55,2024-10-30 16:25:00,2024-10-30 16:55:00,30.0
2024-10-30,departure,Zurich,London LHR,british,Departed,16:25,16:25,2024-10-30 16:25:00,2024-10-30 16:25:00,0.0
2024-10-30,departure,Zurich,London LCY,swiss,Departed,16:25,16:20,2024-10-30 16:25:00,2024-10-30 16:20:00,-5.0
2024-10-30,departure,Zurich,Düsseldorf,swiss,Departed,16:30,16:35,2024-10-30 16:30:00,2024-10-30 16:35:00,5.0
2024-10-30,departure,Zurich,Dublin,swiss,Departed,16:30,16:30,2024-10-30 16:30:00,2024-10-30 16:30:00,0.0
2024-10-30,departure,Zurich,Brussels,swiss,Departed,16:30,16:45,2024-10-30 16:30:00,2024-10-30 16:45:00,15.0
2024-10-30,departure,Zurich,Valencia,swiss,Departed,16:45,16:50,2024-10-30 16:45:00,2024-10-30 16:50:00,5.0
2024-10-30,departure,Zurich,Geneva,swiss,Departed,16:45,16:50,2024-10-30 16:45:00,2024-10-30 16:50:00,5.0
2024-10-30,departure,Zurich,Palermo,swiss,Departed,13:00,13:05,2024-10-30 13:00:00,2024-10-30 13:05:00,5.0
2024-10-30,departure,Zurich,Oslo OSL,sas,Departed,13:00,12:45,2024-10-30 13:00:00,2024-10-30 12:45:00,-15.0
2024-10-30,departure,Zurich,Athens,swiss,Departed,13:00,13:10,2024-10-30 13:00:00,2024-10-30 13:10:00,10.0
2024-10-30,departure,Zurich,Dubai,swiss,Departed,13:05,13:15,2024-10-30 13:05:00,2024-10-30 13:15:00,10.0
2024-10-30,departure,Zurich,Tokyo,swiss,Departed,13:05,13:10,2024-10-30 13:05:00,2024-10-30 13:10:00,5.0
2024-10-30,departure,Zurich,Chicago,swiss,Departed,13:10,13:35,2024-10-30 13:10:00,2024-10-30 13:35:00,25.0
2024-10-30,departure,Zurich,Los Angeles,swiss,Departed,13:10,13:25,2024-10-30 13:10:00,2024-10-30 13:25:00,15.0
2024-10-30,departure,Zurich,Shanghai,swiss,Departed,13:10,13:20,2024-10-30 13:10:00,2024-10-30 13:20:00,10.0
2024-10-30,departure,Zurich,Stuttgart,swiss,Departed,13:15,13:15,2024-10-30 13:15:00,2024-10-30 13:15:00,0.0
2024-10-30,departure,Zurich,Bangkok,thai,Departed,13:15,13:15,2024-10-30 13:15:00,2024-10-30 13:15:00,0.0
2024-10-30,departure,Zurich,San Francisco,swiss,Departed,13:15,13:42,2024-10-30 13:15:00,2024-10-30 13:42:00,27.0
2024-10-30,departure,Zurich,New York,swiss,Departed,13:15,13:25,2024-10-30 13:15:00,2024-10-30 13:25:00,10.0
2024-10-30,departure,Zurich,Boston,swiss,Departed,13:20,13:20,2024-10-30 13:20:00,2024-10-30 13:20:00,0.0
2024-10-30,departure,Zurich,Milan MXP,swiss,Departed,13:20,13:20,2024-10-30 13:20:00,2024-10-30 13:20:00,0.0
2024-10-30,departure,Zurich,Toronto,canada,Departed,13:20,13:20,2024-10-30 13:20:00,2024-10-30 13:20:00,0.0
2024-10-30,departure,Zurich,Split,edelweiss,Departed,13:20,13:20,2024-10-30 13:20:00,2024-10-30 13:20:00,0.0
2024-10-30,departure,Zurich,Antalya,edelweiss,Departed,13:30,13:45,2024-10-30 13:30:00,2024-10-30 13:45:00,15.0
2024-10-30,departure,Zurich,Berlin,swiss,Departed,13:30,13:30,2024-10-30 13:30:00,2024-10-30 13:30:00,0.0
2024-10-30,departure,Zurich,New York,delta,Departed,13:30,13:30,2024-10-30 13:30:00,2024-10-30 13:30:00,0.0
2024-10-30,departure,Zurich,Lisbon,tap,Departed,13:30,13:40,2024-10-30 13:30:00,2024-10-30 13:40:00,10.0
2024-10-30,departure,Zurich,Munich,lufthansa_neu,Departed,13:35,14:10,2024-10-30 13:35:00,2024-10-30 14:10:00,35.0
2024-10-30,departure,Zurich,Antalya,sun,Departed,13:45,13:45,2024-10-30 13:45:00,2024-10-30 13:45:00,0.0
2024-10-30,departure,Zurich,Cairo,egypt-air,Departed,13:55,14:15,2024-10-30 13:55:00,2024-10-30 14:15:00,20.0
2024-10-30,departure,Zurich,Istanbul SAW,ajet_logo,Departed,14:10,14:44,2024-10-30 14:10:00,2024-10-30 14:44:00,34.0
2024-10-30,departure,Zurich,Amsterdam,klm,Departed,14:15,14:15,2024-10-30 14:15:00,2024-10-30 14:15:00,0.0
2024-10-30,departure,Zurich,Phuket,edelweiss,Departed,14:20,14:20,2024-10-30 14:20:00,2024-10-30 14:20:00,0.0
2024-10-30,departure,Zurich,Dubai,emirates-neu,Departed,14:35,14:35,2024-10-30 14:35:00,2024-10-30 14:35:00,0.0
2024-10-30,departure,Zurich,Frankfurt,lufthansa_neu,Departed,14:45,14:50,2024-10-30 14:45:00,2024-10-30 14:50:00,5.0
2024-10-30,departure,Zurich,Split,croatia_v2,Departed,14:45,14:45,2024-10-30 14:45:00,2024-10-30 14:45:00,0.0
2024-10-30,departure,Zurich,London LCY,british,Departed,14:50,14:50,2024-10-30 14:50:00,2024-10-30 14:50:00,0.0
2024-10-30,departure,Zurich,Istanbul IST,turkish,Departed,14:50,14:45,2024-10-30 14:50:00,2024-10-30 14:45:00,-5.0
2024-10-30,departure,Zurich,Zagreb,croatia_v2,Departed,11:05,11:05,2024-10-30 11:05:00,2024-10-30 11:05:00,0.0
2024-10-30,departure,Zurich,Frankfurt,lufthansa_neu,Cancelled,11:15,11:15,2024-10-30 11:15:00,2024-10-30 11:15:00,0.0
2024-10-30,departure,Zurich,Istanbul IST,turkish,Departed,11:15,11:15,2024-10-30 11:15:00,2024-10-30 11:15:00,0.0
2024-10-30,departure,Zurich,Athens,aegan,Departed,11:20,11:20,2024-10-30 11:20:00,2024-10-30 11:20:00,0.0
2024-10-30,departure,Zurich,Palma De Mallorca,chair,Departed,11:30,12:40,2024-10-30 11:30:00,2024-10-30 12:40:00,70.0
2024-10-30,departure,Zurich,London LTN,easyjet,Departed,11:30,11:40,2024-10-30 11:30:00,2024-10-30 11:40:00,10.0
2024-10-30,departure,Zurich,Istanbul SAW,pegasus,Departed,11:40,11:40,2024-10-30 11:40:00,2024-10-30 11:40:00,0.0
2024-10-30,departure,Zurich,Amsterdam,klm,Departed,11:50,12:05,2024-10-30 11:50:00,2024-10-30 12:05:00,15.0
2024-10-30,departure,Zurich,Hong Kong,cathay,Departed,11:55,12:00,2024-10-30 11:55:00,2024-10-30 12:00:00,5.0
2024-10-30,departure,Zurich,Madrid,iberia,Departed,11:55,12:25,2024-10-30 11:55:00,2024-10-30 12:25:00,30.0
2024-10-30,departure,Zurich,Warsaw,swiss,Departed,11:55,11:55,2024-10-30 11:55:00,2024-10-30 11:55:00,0.0
2024-10-30,departure,Zurich,Delhi,swiss,Departed,12:00,12:30,2024-10-30 12:00:00,2024-10-30 12:30:00,30.0
2024-10-30,departure,Zurich,Belgrade,swiss,Departed,12:05,12:25,2024-10-30 12:05:00,2024-10-30 12:25:00,20.0
2024-10-30,departure,Zurich,Geneva,swiss,Departed,12:05,12:05,2024-10-30 12:05:00,2024-10-30 12:05:00,0.0
2024-10-30,departure,Zurich,Palma De Mallorca,swiss,Departed,12:05,12:20,2024-10-30 12:05:00,2024-10-30 12:20:00,15.0
2024-10-30,departure,Zurich,London LCY,swiss,Departed,12:10,12:10,2024-10-30 12:10:00,2024-10-30 12:10:00,0.0
2024-10-30,departure,Zurich,Košice,swiss,Departed,12:10,12:30,2024-10-30 12:10:00,2024-10-30 12:30:00,20.0
2024-10-30,departure,Zurich,London LHR,swiss,Departed,12:10,12:10,2024-10-30 12:10:00,2024-10-30 12:10:00,0.0
2024-10-30,departure,Zurich,Stockholm ARN,swiss,Departed,12:10,12:10,2024-10-30 12:10:00,2024-10-30 12:10:00,0.0
2024-10-30,departure,Zurich,Luxembourg,swiss,Departed,12:15,12:15,2024-10-30 12:15:00,2024-10-30 12:15:00,0.0
2024-10-30,departure,Zurich,Düsseldorf,swiss,Departed,12:15,12:25,2024-10-30 12:15:00,2024-10-30 12:25:00,10.0
2024-10-30,departure,Zurich,Barcelona,swiss,Departed,12:20,12:55,2024-10-30 12:20:00,2024-10-30 12:55:00,35.0
2024-10-30,departure,Zurich,Krakow,swiss,Departed,12:20,12:40,2024-10-30 12:20:00,2024-10-30 12:40:00,20.0
2024-10-30,departure,Zurich,Rome,swiss,Departed,12:25,12:35,2024-10-30 12:25:00,2024-10-30 12:35:00,10.0
2024-10-30,departure,Zurich,Copenhagen,swiss,Departed,12:25,12:25,2024-10-30 12:25:00,2024-10-30 12:25:00,0.0
2024-10-30,departure,Zurich,Budapest,swiss,Departed,12:25,12:40,2024-10-30 12:25:00,2024-10-30 12:40:00,15.0
2024-10-30,departure,Zurich,Bucharest,swiss,Departed,12:25,12:30,2024-10-30 12:25:00,2024-10-30 12:30:00,5.0
2024-10-30,departure,Zurich,Cairo,swiss,Departed,12:30,12:34,2024-10-30 12:30:00,2024-10-30 12:34:00,4.0
2024-10-30,departure,Zurich,Marseille,swiss,Departed,12:30,12:50,2024-10-30 12:30:00,2024-10-30 12:50:00,20.0
2024-10-30,departure,Zurich,Hamburg,swiss,Departed,12:30,12:50,2024-10-30 12:30:00,2024-10-30 12:50:00,20.0
2024-10-30,departure,Zurich,Lisbon,swiss,Departed,12:35,12:40,2024-10-30 12:35:00,2024-10-30 12:40:00,5.0
2024-10-30,departure,Zurich,Prague,swiss,Departed,12:35,12:40,2024-10-30 12:35:00,2024-10-30 12:40:00,5.0
2024-10-30,departure,Zurich,Frankfurt,swiss,Departed,12:35,12:35,2024-10-30 12:35:00,2024-10-30 12:35:00,0.0
2024-10-30,departure,Zurich,London LHR,british,Departed,12:35,12:45,2024-10-30 12:35:00,2024-10-30 12:45:00,10.0
2024-10-30,departure,Zurich,Florence,swiss,Departed,12:40,12:40,2024-10-30 12:40:00,2024-10-30 12:40:00,0.0
2024-10-30,departure,Zurich,Vienna,swiss,Departed,12:40,12:50,2024-10-30 12:40:00,2024-10-30 12:50:00,10.0
2024-10-30,departure,Zurich,Berlin,swiss,Departed,12:40,12:50,2024-10-30 12:40:00,2024-10-30 12:50:00,10.0
2024-10-30,departure,Zurich,Tel Aviv,elalisrael,Departed,12:40,13:45,2024-10-30 12:40:00,2024-10-30 13:45:00,65.0
2024-10-30,departure,Zurich,Amsterdam,swiss,Departed,12:45,12:45,2024-10-30 12:45:00,2024-10-30 12:45:00,0.0
2024-10-30,departure,Zurich,Nice,swiss,Departed,12:45,12:55,2024-10-30 12:45:00,2024-10-30 12:55:00,10.0
2024-10-30,departure,Zurich,Montreal,swiss,Departed,12:45,13:01,2024-10-30 12:45:00,2024-10-30 13:01:00,16.0
2024-10-30,departure,Zurich,Miami,swiss,Departed,12:50,13:00,2024-10-30 12:50:00,2024-10-30 13:00:00,10.0
2024-10-30,departure,Zurich,Brussels,swiss,Departed,12:50,13:15,2024-10-30 12:50:00,2024-10-30 13:15:00,25.0
2024-10-30,departure,Zurich,Paris CDG,swiss,Departed,12:50,13:00,2024-10-30 12:50:00,2024-10-30 13:00:00,10.0
2024-10-30,departure,Zurich,Malaga,swiss,Departed,12:55,13:04,2024-10-30 12:55:00,2024-10-30 13:04:00,9.0
2024-10-30,departure,Zurich,Venice,swiss,Departed,12:55,13:00,2024-10-30 12:55:00,2024-10-30 13:00:00,5.0
2024-10-30,departure,Zurich,Ljubljana,swiss,Departed,12:55,13:00,2024-10-30 12:55:00,2024-10-30 13:00:00,5.0
2024-10-30,departure,Zurich,Geneva,swiss,Departed,12:55,12:55,2024-10-30 12:55:00,2024-10-30 12:55:00,0.0
2024-10-30,departure,Zurich,Geneva,swiss,Departed,09:00,09:05,2024-10-30 09:00:00,2024-10-30 09:05:00,5.0
2024-10-30,departure,Zurich,Amsterdam,klm,Departed,09:00,09:00,2024-10-30 09:00:00,2024-10-30 09:00:00,0.0
2024-10-30,departure,Zurich,Frankfurt,lufthansa_neu,Departed,09:00,09:15,2024-10-30 09:00:00,2024-10-30 09:15:00,15.0
2024-10-30,departure,Zurich,Stuttgart,swiss,Departed,09:00,09:00,2024-10-30 09:00:00,2024-10-30 09:00:00,0.0
2024-10-30,departure,Zurich,Berlin,euro,Departed,09:05,09:00,2024-10-30 09:05:00,2024-10-30 09:00:00,-5.0
2024-10-30,departure,Zurich,Liberiavia San Jose,edelweiss,Departed,09:10,09:40,2024-10-30 09:10:00,2024-10-30 09:40:00,30.0
2024-10-30,departure,Zurich,Vienna,austrian,Departed,09:10,09:10,2024-10-30 09:10:00,2024-10-30 09:10:00,0.0
2024-10-30,departure,Zurich,Athens,swiss,Departed,09:15,09:15,2024-10-30 09:15:00,2024-10-30 09:15:00,0.0
2024-10-30,departure,Zurich,Lisbon,swiss,Departed,09:20,09:20,2024-10-30 09:20:00,2024-10-30 09:20:00,0.0
2024-10-30,departure,Zurich,Malaga,swiss,Departed,09:25,09:25,2024-10-30 09:25:00,2024-10-30 09:25:00,0.0
2024-10-30,departure,Zurich,Munich,lufthansa_neu,Departed,09:25,09:25,2024-10-30 09:25:00,2024-10-30 09:25:00,0.0
2024-10-30,departure,Zurich,Gran Canaria,edelweiss,Departed,09:25,09:30,2024-10-30 09:25:00,2024-10-30 09:30:00,5.0
2024-10-30,departure,Zurich,Tenerife,edelweiss,Departed,09:25,10:05,2024-10-30 09:25:00,2024-10-30 10:05:00,40.0
2024-10-30,departure,Zurich,Faro,edelweiss,Departed,09:30,09:30,2024-10-30 09:30:00,2024-10-30 09:30:00,0.0
2024-10-30,departure,Zurich,Cape Town,edelweiss,Departed,09:30,10:35,2024-10-30 09:30:00,2024-10-30 10:35:00,65.0
2024-10-30,departure,Zurich,Barcelona,vueling,Departed,09:35,09:45,2024-10-30 09:35:00,2024-10-30 09:45:00,10.0
2024-10-30,departure,Zurich,Porto,swiss,Departed,09:35,09:42,2024-10-30 09:35:00,2024-10-30 09:42:00,7.0
2024-10-30,departure,Zurich,Belgrade,serbia,Departed,09:35,09:30,2024-10-30 09:35:00,2024-10-30 09:30:00,-5.0
2024-10-30,departure,Zurich,Hurghada,edelweiss,Departed,09:35,09:50,2024-10-30 09:35:00,2024-10-30 09:50:00,15.0
2024-10-30,departure,Zurich,Oslo OSL,swiss,Departed,09:40,09:40,2024-10-30 09:40:00,2024-10-30 09:40:00,0.0
2024-10-30,departure,Zurich,Tallinn,swiss,Departed,09:45,09:45,2024-10-30 09:45:00,2024-10-30 09:45:00,0.0
2024-10-30,departure,Zurich,Mumbai,swiss,Departed,09:45,10:00,2024-10-30 09:45:00,2024-10-30 10:00:00,15.0
2024-10-30,departure,Zurich,Agadirvia Marrakesh,edelweiss,Departed,09:45,09:45,2024-10-30 09:45:00,2024-10-30 09:45:00,0.0
2024-10-30,departure,Zurich,Hamburg,euro,Departed,09:45,09:45,2024-10-30 09:45:00,2024-10-30 09:45:00,0.0
2024-10-30,departure,Zurich,New York,swiss,Departed,09:50,10:00,2024-10-30 09:50:00,2024-10-30 10:00:00,10.0
2024-10-30,departure,Zurich,Heraklion,edelweiss,Departed,09:55,12:00,2024-10-30 09:55:00,2024-10-30 12:00:00,125.0
2024-10-30,departure,Zurich,Stockholm ARN,swiss,Departed,09:55,10:00,2024-10-30 09:55:00,2024-10-30 10:00:00,5.0
2024-10-30,departure,Zurich,Valencia,swiss,Departed,10:00,10:10,2024-10-30 10:00:00,2024-10-30 10:10:00,10.0
2024-10-30,departure,Zurich,Larnaca,edelweiss,Departed,10:00,10:00,2024-10-30 10:00:00,2024-10-30 10:00:00,0.0
2024-10-30,departure,Zurich,Alicante,swiss,Departed,10:05,10:55,2024-10-30 10:05:00,2024-10-30 10:55:00,50.0
2024-10-30,departure,Zurich,Naples,swiss,Departed,10:10,10:10,2024-10-30 10:10:00,2024-10-30 10:10:00,0.0
2024-10-30,departure,Zurich,London LCY,british,Departed,10:10,10:05,2024-10-30 10:10:00,2024-10-30 10:05:00,-5.0
2024-10-30,departure,Zurich,Tromsø,edelweiss,Departed,10:15,10:15,2024-10-30 10:15:00,2024-10-30 10:15:00,0.0
2024-10-30,departure,Zurich,London LHR,swiss,Departed,10:15,10:20,2024-10-30 10:15:00,2024-10-30 10:20:00,5.0
2024-10-30,departure,Zurich,London LHR,british,Departed,10:15,10:15,2024-10-30 10:15:00,2024-10-30 10:15:00,0.0
2024-10-30,departure,Zurich,Philadelphia,american,Departed,10:15,10:40,2024-10-30 10:15:00,2024-10-30 10:40:00,25.0
2024-10-30,departure,Zurich,Newark,united,Departed,10:20,10:40,2024-10-30 10:20:00,2024-10-30 10:40:00,20.0
2024-10-30,departure,Zurich,Porto,easyjet,Departed,10:20,10:25,2024-10-30 10:20:00,2024-10-30 10:25:00,5.0
2024-10-30,departure,Zurich,Abu Dhabi AUH,etihad,Departed,10:25,11:00,2024-10-30 10:25:00,2024-10-30 11:00:00,35.0
2024-10-30,departure,Zurich,Warsaw,lot,Departed,10:25,10:25,2024-10-30 10:25:00,2024-10-30 10:25:00,0.0
2024-10-30,departure,Zurich,Copenhagen,sas,Departed,10:25,10:25,2024-10-30 10:25:00,2024-10-30 10:25:00,0.0
2024-10-30,departure,Zurich,Thessaloniki,aegan,Departed,10:30,10:35,2024-10-30 10:30:00,2024-10-30 10:35:00,5.0
2024-10-30,departure,Zurich,Singapore,singapore,Departed,10:35,10:45,2024-10-30 10:35:00,2024-10-30 10:45:00,10.0
2024-10-30,departure,Zurich,Madrid,europa,Departed,10:35,10:35,2024-10-30 10:35:00,2024-10-30 10:35:00,0.0
2024-10-30,departure,Zurich,Dublin,swiss,Departed,10:35,10:40,2024-10-30 10:35:00,2024-10-30 10:40:00,5.0
2024-10-30,departure,Zurich,Helsinki,finnair,Departed,10:35,10:35,2024-10-30 10:35:00,2024-10-30 10:35:00,0.0
2024-10-30,departure,Zurich,Vienna,austrian,Departed,10:40,10:35,2024-10-30 10:40:00,2024-10-30 10:35:00,-5.0
2024-10-30,departure,Zurich,Lisbon,easyjet,Departed,10:45,10:45,2024-10-30 10:45:00,2024-10-30 10:45:00,0.0
2024-10-30,departure,Zurich,Washington,united,Departed,10:45,13:20,2024-10-30 10:45:00,2024-10-30 13:20:00,155.0
2024-10-30,departure,Zurich,Paris CDG,airfrance,Departed,10:45,10:45,2024-10-30 10:45:00,2024-10-30 10:45:00,0.0
2024-10-30,departure,Zurich,Gothenburg,swiss,Departed,07:00,07:00,2024-10-30 07:00:00,2024-10-30 07:00:00,0.0
2024-10-30,departure,Zurich,Warsaw,swiss,Departed,07:00,07:00,2024-10-30 07:00:00,2024-10-30 07:00:00,0.0
2024-10-30,departure,Zurich,Frankfurt,swiss,Departed,07:00,07:00,2024-10-30 07:00:00,2024-10-30 07:00:00,0.0
2024-10-30,departure,Zurich,Manchester,swiss,Departed,07:00,07:08,2024-10-30 07:00:00,2024-10-30 07:08:00,8.0
2024-10-30,departure,Zurich,Birmingham,swiss,Departed,07:05,07:05,2024-10-30 07:05:00,2024-10-30 07:05:00,0.0
2024-10-30,departure,Zurich,Copenhagen,swiss,Departed,07:05,07:05,2024-10-30 07:05:00,2024-10-30 07:05:00,0.0
2024-10-30,departure,Zurich,London LHR,swiss,Departed,07:05,07:10,2024-10-30 07:05:00,2024-10-30 07:10:00,5.0
2024-10-30,departure,Zurich,Milan MXP,swiss,Departed,07:10,07:20,2024-10-30 07:10:00,2024-10-30 07:20:00,10.0
2024-10-30,departure,Zurich,Munich,swiss,Departed,07:10,07:10,2024-10-30 07:10:00,2024-10-30 07:10:00,0.0
2024-10-30,departure,Zurich,Hamburg,swiss,Departed,07:10,07:10,2024-10-30 07:10:00,2024-10-30 07:10:00,0.0
2024-10-30,departure,Zurich,Budapest,swiss,Departed,07:10,07:15,2024-10-30 07:10:00,2024-10-30 07:15:00,5.0
2024-10-30,departure,Zurich,Barcelona,swiss,Departed,07:15,07:15,2024-10-30 07:15:00,2024-10-30 07:15:00,0.0
2024-10-30,departure,Zurich,Berlin,swiss,Departed,07:15,07:25,2024-10-30 07:15:00,2024-10-30 07:25:00,10.0
2024-10-30,departure,Zurich,Amsterdam,swiss,Departed,07:15,07:35,2024-10-30 07:15:00,2024-10-30 07:35:00,20.0
2024-10-30,departure,Zurich,Hanover,swiss,Departed,07:20,07:25,2024-10-30 07:20:00,2024-10-30 07:25:00,5.0
2024-10-30,departure,Zurich,Düsseldorf,swiss,Departed,07:20,07:31,2024-10-30 07:20:00,2024-10-30 07:31:00,11.0
2024-10-30,departure,Zurich,Rome,swiss,Departed,07:20,07:20,2024-10-30 07:20:00,2024-10-30 07:20:00,0.0
2024-10-30,departure,Zurich,Vienna,swiss,Departed,07:20,07:30,2024-10-30 07:20:00,2024-10-30 07:30:00,10.0
2024-10-30,departure,Zurich,Prague,swiss,Departed,07:25,07:30,2024-10-30 07:25:00,2024-10-30 07:30:00,5.0
2024-10-30,departure,Zurich,Paris CDG,swiss,Departed,07:25,07:45,2024-10-30 07:25:00,2024-10-30 07:45:00,20.0
2024-10-30,departure,Zurich,Nice,swiss,Departed,07:25,07:30,2024-10-30 07:25:00,2024-10-30 07:30:00,5.0
2024-10-30,departure,Zurich,Brussels,swiss,Departed,07:30,07:35,2024-10-30 07:30:00,2024-10-30 07:35:00,5.0
2024-10-30,departure,Zurich,Venice,swiss,Departed,07:30,07:35,2024-10-30 07:30:00,2024-10-30 07:35:00,5.0
2024-10-30,departure,Zurich,Geneva,swiss,Departed,07:30,07:42,2024-10-30 07:30:00,2024-10-30 07:42:00,12.0
2024-10-30,departure,Zurich,Madrid,iberia,Departed,07:30,07:30,2024-10-30 07:30:00,2024-10-30 07:30:00,0.0
2024-10-30,departure,Zurich,Florence,swiss,Departed,07:35,07:35,2024-10-30 07:35:00,2024-10-30 07:35:00,0.0
2024-10-30,departure,Zurich,Luxembourg,swiss,Departed,07:35,07:35,2024-10-30 07:35:00,2024-10-30 07:35:00,0.0
2024-10-30,departure,Zurich,Bologna,swiss,Departed,07:40,07:40,2024-10-30 07:40:00,2024-10-30 07:40:00,0.0
2024-10-30,departure,Zurich,London LCY,swiss,Departed,07:55,07:50,2024-10-30 07:55:00,2024-10-30 07:50:00,-5.0
2024-10-30,departure,Zurich,Berlin,easyjet,Departed,08:20,08:15,2024-10-30 08:20:00,2024-10-30 08:15:00,-5.0
2024-10-30,departure,Zurich,Cologne Bonn,euro,Departed,08:30,08:50,2024-10-30 08:30:00,2024-10-30 08:50:00,20.0
2024-10-30,departure,Zurich,Berlin,swiss,Departed,08:30,08:40,2024-10-30 08:30:00,2024-10-30 08:40:00,10.0
2024-10-30,departure,Zurich,Antalya,sun,Departed,08:35,08:35,2024-10-30 08:35:00,2024-10-30 08:35:00,0.0
2024-10-30,departure,Zurich,Düsseldorf,euro,Departed,08:35,08:45,2024-10-30 08:35:00,2024-10-30 08:45:00,10.0
2024-10-30,departure,Zurich,Hamburg,swiss,Departed,08:35,08:35,2024-10-30 08:35:00,2024-10-30 08:35:00,0.0
2024-10-30,departure,Zurich,Brussels,brussels_airlines_logo,Departed,08:45,08:45,2024-10-30 08:45:00,2024-10-30 08:45:00,0.0
2024-10-30,departure,Zurich,Pristina,chair,Departed,05:45,07:55,2024-10-30 05:45:00,2024-10-30 07:55:00,130.0
2024-10-30,departure,Zurich,Lisbon,tap,Departed,06:10,06:05,2024-10-30 06:10:00,2024-10-30 06:05:00,-5.0
2024-10-30,departure,Zurich,Hurghada,chair,Departed,06:15,06:30,2024-10-30 06:15:00,2024-10-30 06:30:00,15.0
2024-10-30,departure,Zurich,Paris CDG,airfrance,Departed,06:30,06:30,2024-10-30 06:30:00,2024-10-30 06:30:00,0.0
2024-10-30,departure,Zurich,Palma De Mallorca,swiss,Departed,06:45,06:40,2024-10-30 06:45:00,2024-10-30 06:40:00,-5.0
2024-10-30,departure,Zurich,Pristina,edelweiss,Departed,06:45,06:45,2024-10-30 06:45:00,2024-10-30 06:45:00,0.0
2024-10-30,departure,Zurich,Istanbul IST,turkish,Departed,06:45,07:10,2024-10-30 06:45:00,2024-10-30 07:10:00,25.0
2024-10-30,departure,Zurich,London LHR,british,Departed,06:50,07:25,2024-10-30 06:50:00,2024-10-30 07:25:00,35.0
2024-10-30,departure,Zurich,London LCY,swiss,Departed,06:50,06:55,2024-10-30 06:50:00,2024-10-30 06:55:00,5.0
2024-10-30,departure,Zurich,Malta,swiss,Departed,06:55,06:55,2024-10-30 06:55:00,2024-10-30 06:55:00,0.0
2024-10-30,departure,Zurich,Madrid,swiss,Departed,06:55,06:55,2024-10-30 06:55:00,2024-10-30 06:55:00,0.0
2024-10-30,departure,Zurich,Amsterdam,klm,Departed,06:55,06:55,2024-10-30 06:55:00,2024-10-30 06:55:00,0.0
2024-10-30,departure,Zurich,Belgrade,swiss,Departed,06:55,06:55,2024-10-30 06:55:00,2024-10-30 06:55:00,0.0
2024-11-03,arrival,Zurich,Shanghai,swiss,Landed,19:00,18:56,2024-11-03 19:00:00,2024-11-03 18:56:00,-4.0
2024-11-03,arrival,Zurich,Warsaw,lot,Landed,19:05,19:00,2024-11-03 19:05:00,2024-11-03 19:00:00,-5.0
2024-11-03,arrival,Zurich,Muscat,oman,Landed,19:05,18:57,2024-11-03 19:05:00,2024-11-03 18:57:00,-8.0
2024-11-03,arrival,Zurich,Frankfurt,lufthansa_neu,Landed,19:10,19:03,2024-11-03 19:10:00,2024-11-03 19:03:00,-7.0
2024-11-03,arrival,Zurich,Lisbon,swiss,Landed,19:15,19:13,2024-11-03 19:15:00,2024-11-03 19:13:00,-2.0
2024-11-03,arrival,Zurich,Zagreb,croatia_v2,Landed,19:15,19:09,2024-11-03 19:15:00,2024-11-03 19:09:00,-6.0
2024-11-03,arrival,Zurich,Pristina,gp-aviation,Landed,19:20,19:31,2024-11-03 19:20:00,2024-11-03 19:31:00,11.0
2024-11-03,arrival,Zurich,Bangkok,swiss,Landed,19:25,19:26,2024-11-03 19:25:00,2024-11-03 19:26:00,1.0
2024-11-03,arrival,Zurich,Tel Aviv,elalisrael,Landed,19:25,19:16,2024-11-03 19:25:00,2024-11-03 19:16:00,-9.0
2024-11-03,arrival,Zurich,Berlin,euro,Landed,19:30,20:36,2024-11-03 19:30:00,2024-11-03 20:36:00,66.0
2024-11-03,arrival,Zurich,Cape Town,edelweiss,Landed,19:30,19:39,2024-11-03 19:30:00,2024-11-03 19:39:00,9.0
2024-11-03,arrival,Zurich,Hamburg,euro,Landed,19:30,19:50,2024-11-03 19:30:00,2024-11-03 19:50:00,20.0
2024-11-03,arrival,Zurich,Munich,lufthansa_neu,Landed,19:35,19:36,2024-11-03 19:35:00,2024-11-03 19:36:00,1.0
2024-11-03,arrival,Zurich,Athens,swiss,Landed,19:35,19:31,2024-11-03 19:35:00,2024-11-03 19:31:00,-4.0
2024-11-03,arrival,Zurich,Copenhagen,sas,Landed,19:40,19:30,2024-11-03 19:40:00,2024-11-03 19:30:00,-10.0
2024-11-03,arrival,Zurich,Düsseldorf,swiss,Landed,19:45,19:42,2024-11-03 19:45:00,2024-11-03 19:42:00,-3.0
2024-11-03,arrival,Zurich,Dubai,emirates-neu,Landed,19:50,19:24,2024-11-03 19:50:00,2024-11-03 19:24:00,-26.0
2024-11-03,arrival,Zurich,Vienna,austrian,Landed,19:50,19:53,2024-11-03 19:50:00,2024-11-03 19:53:00,3.0
2024-11-03,arrival,Zurich,La Palmavia Tenerife,edelweiss,Landed,19:55,19:58,2024-11-03 19:55:00,2024-11-03 19:58:00,3.0
2024-11-03,arrival,Zurich,Belgrade,serbia,Landed,19:55,20:53,2024-11-03 19:55:00,2024-11-03 20:53:00,58.0
2024-11-03,arrival,Zurich,Milan MXP,swiss,Landed,20:00,19:55,2024-11-03 20:00:00,2024-11-03 19:55:00,-5.0
2024-11-03,arrival,Zurich,London LHR,swiss,Landed,20:00,19:50,2024-11-03 20:00:00,2024-11-03 19:50:00,-10.0
2024-11-03,arrival,Zurich,Berlin,swiss,Landed,20:05,20:06,2024-11-03 20:05:00,2024-11-03 20:06:00,1.0
2024-11-03,arrival,Zurich,Florence,swiss,Landed,20:05,19:59,2024-11-03 20:05:00,2024-11-03 19:59:00,-6.0
2024-11-03,arrival,Zurich,Dresden,swiss,Landed,20:05,19:59,2024-11-03 20:05:00,2024-11-03 19:59:00,-6.0
2024-11-03,arrival,Zurich,Düsseldorf,euro,Landed,20:10,20:30,2024-11-03 20:10:00,2024-11-03 20:30:00,20.0
2024-11-03,arrival,Zurich,Palma De Mallorca,swiss,Landed,20:10,20:02,2024-11-03 20:10:00,2024-11-03 20:02:00,-8.0
2024-11-03,arrival,Zurich,Geneva,swiss,Landed,20:10,20:10,2024-11-03 20:10:00,2024-11-03 20:10:00,0.0
2024-11-03,arrival,Zurich,Hamburg,swiss,Landed,20:15,20:22,2024-11-03 20:15:00,2024-11-03 20:22:00,7.0
2024-11-03,arrival,Zurich,Nice,swiss,Landed,20:15,20:49,2024-11-03 20:15:00,2024-11-03 20:49:00,34.0
2024-11-03,arrival,Zurich,London LHR,british,Landed,20:15,20:24,2024-11-03 20:15:00,2024-11-03 20:24:00,9.0
2024-11-03,arrival,Zurich,Venice,swiss,Landed,20:15,20:28,2024-11-03 20:15:00,2024-11-03 20:28:00,13.0
2024-11-03,arrival,Zurich,London LCY,swiss,Landed,20:20,20:12,2024-11-03 20:20:00,2024-11-03 20:12:00,-8.0
2024-11-03,arrival,Zurich,Hanover,swiss,Landed,20:20,20:19,2024-11-03 20:20:00,2024-11-03 20:19:00,-1.0
2024-11-03,arrival,Zurich,Lisbon,easyjet,Landed,20:35,21:02,2024-11-03 20:35:00,2024-11-03 21:02:00,27.0
2024-11-03,arrival,Zurich,Berlin,easyjet,Landed,20:40,20:38,2024-11-03 20:40:00,2024-11-03 20:38:00,-2.0
2024-11-03,arrival,Zurich,Barcelona,vueling,Landed,20:40,20:49,2024-11-03 20:40:00,2024-11-03 20:49:00,9.0
2024-11-03,arrival,Zurich,London LTN,easyjet,Landed,20:40,21:25,2024-11-03 20:40:00,2024-11-03 21:25:00,45.0
2024-11-03,arrival,Zurich,Cologne Bonn,euro,Landed,20:50,20:59,2024-11-03 20:50:00,2024-11-03 20:59:00,9.0
2024-11-03,arrival,Zurich,London LGW,easyjet,Landed,20:50,21:07,2024-11-03 20:50:00,2024-11-03 21:07:00,17.0
2024-11-03,arrival,Zurich,Naples,swiss,Landed,17:00,17:01,2024-11-03 17:00:00,2024-11-03 17:01:00,1.0
2024-11-03,arrival,Zurich,Paris CDG,airfrance,Landed,17:00,16:55,2024-11-03 17:00:00,2024-11-03 16:55:00,-5.0
2024-11-03,arrival,Zurich,Marsa Alam,edelweiss,Landed,17:05,16:44,2024-11-03 17:05:00,2024-11-03 16:44:00,-21.0
2024-11-03,arrival,Zurich,Lisbon,tap,Landed,17:10,18:05,2024-11-03 17:10:00,2024-11-03 18:05:00,55.0
2024-11-03,arrival,Zurich,Istanbul IST,turkish,Landed,17:10,17:37,2024-11-03 17:10:00,2024-11-03 17:37:00,27.0
2024-11-03,arrival,Zurich,Madrid,europa,Landed,17:15,18:07,2024-11-03 17:15:00,2024-11-03 18:07:00,52.0
2024-11-03,arrival,Zurich,Berlin,swiss,Landed,17:15,17:28,2024-11-03 17:15:00,2024-11-03 17:28:00,13.0
2024-11-03,arrival,Zurich,Frankfurt,lufthansa_neu,Landed,17:15,17:07,2024-11-03 17:15:00,2024-11-03 17:07:00,-8.0
2024-11-03,arrival,Zurich,Hurghada,cairo,Landed,17:25,18:09,2024-11-03 17:25:00,2024-11-03 18:09:00,44.0
2024-11-03,arrival,Zurich,Brindisi,swiss,Landed,17:30,17:22,2024-11-03 17:30:00,2024-11-03 17:22:00,-8.0
2024-11-03,arrival,Zurich,Stockholm,swiss,Landed,17:55,18:00,2024-11-03 17:55:00,2024-11-03 18:00:00,5.0
2024-11-03,arrival,Zurich,Delhi,air_india_logo,Landed,18:15,18:01,2024-11-03 18:15:00,2024-11-03 18:01:00,-14.0
2024-11-03,arrival,Zurich,Athens,aegan,Landed,18:20,18:30,2024-11-03 18:20:00,2024-11-03 18:30:00,10.0
2024-11-03,arrival,Zurich,Helsinki,finnair,Landed,18:20,18:23,2024-11-03 18:20:00,2024-11-03 18:23:00,3.0
2024-11-03,arrival,Zurich,Bucharest,swiss,Landed,18:20,18:01,2024-11-03 18:20:00,2024-11-03 18:01:00,-19.0
2024-11-03,arrival,Zurich,Malaga,swiss,Landed,18:25,18:32,2024-11-03 18:25:00,2024-11-03 18:32:00,7.0
2024-11-03,arrival,Zurich,Amsterdam,klm,Landed,18:25,18:29,2024-11-03 18:25:00,2024-11-03 18:29:00,4.0
2024-11-03,arrival,Zurich,Tokyo,swiss,Landed,18:30,18:26,2024-11-03 18:30:00,2024-11-03 18:26:00,-4.0
2024-11-03,arrival,Zurich,London LCY,british,Landed,18:35,18:53,2024-11-03 18:35:00,2024-11-03 18:53:00,18.0
2024-11-03,arrival,Zurich,Riga,baltic,Landed,18:35,18:40,2024-11-03 18:35:00,2024-11-03 18:40:00,5.0
2024-11-03,arrival,Zurich,Vienna,austrian,Landed,18:40,18:35,2024-11-03 18:40:00,2024-11-03 18:35:00,-5.0
2024-11-03,arrival,Zurich,Madrid,iberia,Landed,18:55,18:35,2024-11-03 18:55:00,2024-11-03 18:35:00,-20.0
2024-11-03,arrival,Zurich,London LHR,british,Landed,18:55,19:06,2024-11-03 18:55:00,2024-11-03 19:06:00,11.0
2024-11-03,arrival,Zurich,Hamburg,euro,Landed,15:05,15:38,2024-11-03 15:05:00,2024-11-03 15:38:00,33.0
2024-11-03,arrival,Zurich,Düsseldorf,euro,Landed,15:10,15:08,2024-11-03 15:10:00,2024-11-03 15:08:00,-2.0
2024-11-03,arrival,Zurich,Los Angeles,swiss,Landed,15:15,15:23,2024-11-03 15:15:00,2024-11-03 15:23:00,8.0
2024-11-03,arrival,Zurich,Antalya,edelweiss,Landed,15:15,15:17,2024-11-03 15:15:00,2024-11-03 15:17:00,2.0
2024-11-03,arrival,Zurich,London LHR,british,Landed,15:30,15:35,2024-11-03 15:30:00,2024-11-03 15:35:00,5.0
2024-11-03,arrival,Zurich,Oslo,swiss,Landed,15:30,15:12,2024-11-03 15:30:00,2024-11-03 15:12:00,-18.0
2024-11-03,arrival,Zurich,San Francisco,swiss,Landed,15:30,15:44,2024-11-03 15:30:00,2024-11-03 15:44:00,14.0
2024-11-03,arrival,Zurich,Porto,swiss,Landed,15:30,15:39,2024-11-03 15:30:00,2024-11-03 15:39:00,9.0
2024-11-03,arrival,Zurich,Graz,swiss,Landed,15:35,15:33,2024-11-03 15:35:00,2024-11-03 15:33:00,-2.0
2024-11-03,arrival,Zurich,Hanover,swiss,Landed,15:35,15:21,2024-11-03 15:35:00,2024-11-03 15:21:00,-14.0
2024-11-03,arrival,Zurich,Malaga,swiss,Landed,15:40,15:50,2024-11-03 15:40:00,2024-11-03 15:50:00,10.0
2024-11-03,arrival,Zurich,Stockholm,swiss,Landed,15:40,15:43,2024-11-03 15:40:00,2024-11-03 15:43:00,3.0
2024-11-03,arrival,Zurich,Frankfurt,swiss,Landed,15:40,15:28,2024-11-03 15:40:00,2024-11-03 15:28:00,-12.0
2024-11-03,arrival,Zurich,Athens,swiss,Landed,15:45,15:46,2024-11-03 15:45:00,2024-11-03 15:46:00,1.0
2024-11-03,arrival,Zurich,Geneva,swiss,Landed,15:45,15:36,2024-11-03 15:45:00,2024-11-03 15:36:00,-9.0
2024-11-03,arrival,Zurich,Ljubljana,swiss,Landed,15:45,15:41,2024-11-03 15:45:00,2024-11-03 15:41:00,-4.0
2024-11-03,arrival,Zurich,Gran Canaria,edelweiss,Landed,15:50,15:28,2024-11-03 15:50:00,2024-11-03 15:28:00,-22.0
2024-11-03,arrival,Zurich,Fuerteventura,edelweiss,Landed,15:50,15:54,2024-11-03 15:50:00,2024-11-03 15:54:00,4.0
2024-11-03,arrival,Zurich,London LCY,swiss,Landed,16:00,16:05,2024-11-03 16:00:00,2024-11-03 16:05:00,5.0
2024-11-03,arrival,Zurich,Prague,swiss,Landed,16:05,15:59,2024-11-03 16:05:00,2024-11-03 15:59:00,-6.0
2024-11-03,arrival,Zurich,Milan MXP,swiss,Landed,16:05,16:04,2024-11-03 16:05:00,2024-11-03 16:04:00,-1.0
2024-11-03,arrival,Zurich,Düsseldorf,swiss,Landed,16:05,15:47,2024-11-03 16:05:00,2024-11-03 15:47:00,-18.0
2024-11-03,arrival,Zurich,Florence,swiss,Landed,16:05,16:14,2024-11-03 16:05:00,2024-11-03 16:14:00,9.0
2024-11-03,arrival,Zurich,Venice,swiss,Landed,16:10,16:08,2024-11-03 16:10:00,2024-11-03 16:08:00,-2.0
2024-11-03,arrival,Zurich,Malé,edelweiss,Landed,16:15,16:33,2024-11-03 16:15:00,2024-11-03 16:33:00,18.0
2024-11-03,arrival,Zurich,Paris CDG,swiss,Landed,16:15,16:40,2024-11-03 16:15:00,2024-11-03 16:40:00,25.0
2024-11-03,arrival,Zurich,Cairo,swiss,Landed,16:15,16:12,2024-11-03 16:15:00,2024-11-03 16:12:00,-3.0
2024-11-03,arrival,Zurich,Nice,swiss,Landed,16:15,16:27,2024-11-03 16:15:00,2024-11-03 16:27:00,12.0
2024-11-03,arrival,Zurich,Lisbon,swiss,Landed,16:20,16:28,2024-11-03 16:20:00,2024-11-03 16:28:00,8.0
2024-11-03,arrival,Zurich,Berlin,swiss,Landed,16:20,16:34,2024-11-03 16:20:00,2024-11-03 16:34:00,14.0
2024-11-03,arrival,Zurich,Hamburg,swiss,Landed,16:20,16:54,2024-11-03 16:20:00,2024-11-03 16:54:00,34.0
2024-11-03,arrival,Zurich,Skopje,chair,Landed,16:25,16:24,2024-11-03 16:25:00,2024-11-03 16:24:00,-1.0
2024-11-03,arrival,Zurich,Rome FCO,swiss,Landed,16:25,16:15,2024-11-03 16:25:00,2024-11-03 16:15:00,-10.0
2024-11-03,arrival,Zurich,Vienna,swiss,Landed,16:25,16:27,2024-11-03 16:25:00,2024-11-03 16:27:00,2.0
2024-11-03,arrival,Zurich,Cluj-Napoca,swiss,Landed,16:25,16:19,2024-11-03 16:25:00,2024-11-03 16:19:00,-6.0
2024-11-03,arrival,Zurich,Belgrade,swiss,Landed,16:30,16:28,2024-11-03 16:30:00,2024-11-03 16:28:00,-2.0
2024-11-03,arrival,Zurich,Munich,lufthansa_neu,Landed,16:30,17:08,2024-11-03 16:30:00,2024-11-03 17:08:00,38.0
2024-11-03,arrival,Zurich,Krakow,swiss,Landed,16:30,16:46,2024-11-03 16:30:00,2024-11-03 16:46:00,16.0
2024-11-03,arrival,Zurich,Budapest,swiss,Landed,16:35,16:45,2024-11-03 16:35:00,2024-11-03 16:45:00,10.0
2024-11-03,arrival,Zurich,Bordeaux,swiss,Landed,16:35,16:19,2024-11-03 16:35:00,2024-11-03 16:19:00,-16.0
2024-11-03,arrival,Zurich,Warsaw,swiss,Landed,16:35,16:20,2024-11-03 16:35:00,2024-11-03 16:20:00,-15.0
2024-11-03,arrival,Zurich,Copenhagen,swiss,Landed,16:35,16:31,2024-11-03 16:35:00,2024-11-03 16:31:00,-4.0
2024-11-03,arrival,Zurich,Hurghada,chair,Landed,16:40,16:43,2024-11-03 16:40:00,2024-11-03 16:43:00,3.0
2024-11-03,arrival,Zurich,Barcelona,swiss,Landed,16:40,17:37,2024-11-03 16:40:00,2024-11-03 17:37:00,57.0
2024-11-03,arrival,Zurich,Brussels,swiss,Landed,16:40,16:49,2024-11-03 16:40:00,2024-11-03 16:49:00,9.0
2024-11-03,arrival,Zurich,Tenerife,edelweiss,Landed,16:45,16:58,2024-11-03 16:45:00,2024-11-03 16:58:00,13.0
2024-11-03,arrival,Zurich,London LHR,swiss,Landed,16:45,16:53,2024-11-03 16:45:00,2024-11-03 16:53:00,8.0
2024-11-03,arrival,Zurich,Palma De Mallorca,edelweiss,Landed,16:45,17:04,2024-11-03 16:45:00,2024-11-03 17:04:00,19.0
2024-11-03,arrival,Zurich,Malta,km_malta_airlines,Landed,16:50,16:29,2024-11-03 16:50:00,2024-11-03 16:29:00,-21.0
2024-11-03,arrival,Zurich,Palermo,swiss,Landed,16:50,16:42,2024-11-03 16:50:00,2024-11-03 16:42:00,-8.0
2024-11-03,arrival,Zurich,Amsterdam,swiss,Landed,16:50,16:55,2024-11-03 16:50:00,2024-11-03 16:55:00,5.0
2024-11-03,arrival,Zurich,Gothenburg,swiss,Landed,16:50,16:39,2024-11-03 16:50:00,2024-11-03 16:39:00,-11.0
2024-11-03,arrival,Zurich,Hurghada,edelweiss,Landed,16:55,16:39,2024-11-03 16:55:00,2024-11-03 16:39:00,-16.0
2024-11-03,arrival,Zurich,Istanbul SAW,ajet_logo,Landed,13:10,12:55,2024-11-03 13:10:00,2024-11-03 12:55:00,-15.0
2024-11-03,arrival,Zurich,Izmir,sun,Landed,13:10,12:59,2024-11-03 13:10:00,2024-11-03 12:59:00,-11.0
2024-11-03,arrival,Zurich,Split,edelweiss,Landed,13:20,13:07,2024-11-03 13:20:00,2024-11-03 13:07:00,-13.0
2024-11-03,arrival,Zurich,Amsterdam,klm,Landed,13:35,13:53,2024-11-03 13:35:00,2024-11-03 13:53:00,18.0
2024-11-03,arrival,Zurich,Doha,qatar,Landed,13:40,13:33,2024-11-03 13:40:00,2024-11-03 13:33:00,-7.0
2024-11-03,arrival,Zurich,Frankfurt,lufthansa_neu,Landed,13:45,13:45,2024-11-03 13:45:00,2024-11-03 13:45:00,0.0
2024-11-03,arrival,Zurich,Oslo,sas,Landed,13:50,13:29,2024-11-03 13:50:00,2024-11-03 13:29:00,-21.0
2024-11-03,arrival,Zurich,Istanbul IST,turkish,Landed,13:55,14:38,2024-11-03 13:55:00,2024-11-03 14:38:00,43.0
2024-11-03,arrival,Zurich,Madrid,iberia,Landed,14:10,13:46,2024-11-03 14:10:00,2024-11-03 13:46:00,-24.0
2024-11-03,arrival,Zurich,Belgrade,serbia,Landed,14:15,14:16,2024-11-03 14:15:00,2024-11-03 14:16:00,1.0
2024-11-03,arrival,Zurich,Vienna,austrian,Landed,14:20,14:18,2024-11-03 14:20:00,2024-11-03 14:18:00,-2.0
2024-11-03,arrival,Zurich,Amman,jordanian,Landed,14:25,14:11,2024-11-03 14:25:00,2024-11-03 14:11:00,-14.0
2024-11-03,arrival,Zurich,London LHR,swiss,Landed,14:45,14:54,2024-11-03 14:45:00,2024-11-03 14:54:00,9.0
2024-11-03,arrival,Zurich,Valencia,swiss,Landed,14:45,14:32,2024-11-03 14:45:00,2024-11-03 14:32:00,-13.0
2024-11-03,arrival,Zurich,Palma De Mallorca,swiss,Landed,14:45,15:02,2024-11-03 14:45:00,2024-11-03 15:02:00,17.0
2024-11-03,arrival,Zurich,Istanbul SAW,pegasus,Landed,14:50,14:54,2024-11-03 14:50:00,2024-11-03 14:54:00,4.0
2024-11-03,arrival,Zurich,Düsseldorf,swiss,Landed,11:00,10:44,2024-11-03 11:00:00,2024-11-03 10:44:00,-16.0
2024-11-03,arrival,Zurich,Hamburg,swiss,Cancelled,11:00,11:00,2024-11-03 11:00:00,2024-11-03 11:00:00,0.0
2024-11-03,arrival,Zurich,Geneva,swiss,Landed,11:00,10:59,2024-11-03 11:00:00,2024-11-03 10:59:00,-1.0
2024-11-03,arrival,Zurich,Berlin,swiss,Landed,11:05,11:05,2024-11-03 11:05:00,2024-11-03 11:05:00,0.0
2024-11-03,arrival,Zurich,Amsterdam,klm,Landed,11:05,11:14,2024-11-03 11:05:00,2024-11-03 11:14:00,9.0
2024-11-03,arrival,Zurich,Brussels,swiss,Landed,11:05,10:55,2024-11-03 11:05:00,2024-11-03 10:55:00,-10.0
2024-11-03,arrival,Zurich,Prague,swiss,Landed,11:10,11:21,2024-11-03 11:10:00,2024-11-03 11:21:00,11.0
2024-11-03,arrival,Zurich,Boston,swiss,Landed,11:10,11:02,2024-11-03 11:10:00,2024-11-03 11:02:00,-8.0
2024-11-03,arrival,Zurich,Vienna,swiss,Landed,11:10,11:07,2024-11-03 11:10:00,2024-11-03 11:07:00,-3.0
2024-11-03,arrival,Zurich,Madrid,iberia,Landed,11:10,11:19,2024-11-03 11:10:00,2024-11-03 11:19:00,9.0
2024-11-03,arrival,Zurich,Amsterdam,swiss,Landed,11:15,11:27,2024-11-03 11:15:00,2024-11-03 11:27:00,12.0
2024-11-03,arrival,Zurich,Budapest,swiss,Landed,11:15,11:13,2024-11-03 11:15:00,2024-11-03 11:13:00,-2.0
2024-11-03,arrival,Zurich,Palma De Mallorca,swiss,Landed,11:20,11:24,2024-11-03 11:20:00,2024-11-03 11:24:00,4.0
2024-11-03,arrival,Zurich,Paris CDG,swiss,Landed,11:20,11:18,2024-11-03 11:20:00,2024-11-03 11:18:00,-2.0
2024-11-03,arrival,Zurich,Rome FCO,swiss,Landed,11:20,11:32,2024-11-03 11:20:00,2024-11-03 11:32:00,12.0
2024-11-03,arrival,Zurich,Venice,swiss,Landed,11:20,11:24,2024-11-03 11:20:00,2024-11-03 11:24:00,4.0
2024-11-03,arrival,Zurich,Belgrade,swiss,Landed,11:25,11:11,2024-11-03 11:25:00,2024-11-03 11:11:00,-14.0
2024-11-03,arrival,Zurich,London LGW,easyjet,Landed,11:30,11:42,2024-11-03 11:30:00,2024-11-03 11:42:00,12.0
2024-11-03,arrival,Zurich,Cancun,edelweiss,Landed,11:30,11:51,2024-11-03 11:30:00,2024-11-03 11:51:00,21.0
2024-11-03,arrival,Zurich,Geneva,swiss,Landed,11:30,11:31,2024-11-03 11:30:00,2024-11-03 11:31:00,1.0
2024-11-03,arrival,Zurich,Milan MXP,swiss,Landed,11:35,11:26,2024-11-03 11:35:00,2024-11-03 11:26:00,-9.0
2024-11-03,arrival,Zurich,Copenhagen,swiss,Landed,11:40,11:29,2024-11-03 11:40:00,2024-11-03 11:29:00,-11.0
2024-11-03,arrival,Zurich,Barcelona,swiss,Landed,11:40,12:00,2024-11-03 11:40:00,2024-11-03 12:00:00,20.0
2024-11-03,arrival,Zurich,Newark,swiss,Landed,11:40,11:38,2024-11-03 11:40:00,2024-11-03 11:38:00,-2.0
2024-11-03,arrival,Zurich,Luxembourg,swiss,Landed,11:45,11:43,2024-11-03 11:45:00,2024-11-03 11:43:00,-2.0
2024-11-03,arrival,Zurich,Nice,swiss,Landed,11:45,11:35,2024-11-03 11:45:00,2024-11-03 11:35:00,-10.0
2024-11-03,arrival,Zurich,London LHR,swiss,Landed,11:50,11:47,2024-11-03 11:50:00,2024-11-03 11:47:00,-3.0
2024-11-03,arrival,Zurich,Warsaw,swiss,Landed,11:50,11:41,2024-11-03 11:50:00,2024-11-03 11:41:00,-9.0
2024-11-03,arrival,Zurich,Tirana,swiss,Landed,11:50,11:50,2024-11-03 11:50:00,2024-11-03 11:50:00,0.0
2024-11-03,arrival,Zurich,Pristina,edelweiss,Landed,11:50,11:36,2024-11-03 11:50:00,2024-11-03 11:36:00,-14.0
2024-11-03,arrival,Zurich,Bologna,swiss,Landed,11:55,11:46,2024-11-03 11:55:00,2024-11-03 11:46:00,-9.0
2024-11-03,arrival,Zurich,Manchester,swiss,Landed,11:55,11:54,2024-11-03 11:55:00,2024-11-03 11:54:00,-1.0
2024-11-03,arrival,Zurich,Reykjavík,iceland,Landed,12:05,12:18,2024-11-03 12:05:00,2024-11-03 12:18:00,13.0
2024-11-03,arrival,Zurich,Geneva,swiss,Landed,12:05,12:01,2024-11-03 12:05:00,2024-11-03 12:01:00,-4.0
2024-11-03,arrival,Zurich,Amsterdam,swiss,Landed,12:05,12:01,2024-11-03 12:05:00,2024-11-03 12:01:00,-4.0
2024-11-03,arrival,Zurich,Djerba,edelweiss,Landed,12:05,11:57,2024-11-03 12:05:00,2024-11-03 11:57:00,-8.0
2024-11-03,arrival,Zurich,Malta,swiss,Landed,12:10,12:05,2024-11-03 12:10:00,2024-11-03 12:05:00,-5.0
2024-11-03,arrival,Zurich,Madrid,swiss,Landed,12:10,12:08,2024-11-03 12:10:00,2024-11-03 12:08:00,-2.0
2024-11-03,arrival,Zurich,Berlin,swiss,Landed,12:15,12:05,2024-11-03 12:15:00,2024-11-03 12:05:00,-10.0
2024-11-03,arrival,Zurich,Podgorica,air-montenegro,Landed,12:20,12:06,2024-11-03 12:20:00,2024-11-03 12:06:00,-14.0
2024-11-03,arrival,Zurich,Thessaloniki,swiss,Landed,12:25,12:23,2024-11-03 12:25:00,2024-11-03 12:23:00,-2.0
2024-11-03,arrival,Zurich,Dubai,emirates-neu,Landed,12:25,12:25,2024-11-03 12:25:00,2024-11-03 12:25:00,0.0
2024-11-03,arrival,Zurich,Sofia,swiss,Landed,12:25,12:30,2024-11-03 12:25:00,2024-11-03 12:30:00,5.0
2024-11-03,arrival,Zurich,Heraklion,edelweiss,Landed,12:30,12:36,2024-11-03 12:30:00,2024-11-03 12:36:00,6.0
2024-11-03,arrival,Zurich,Dublin,swiss,Landed,12:30,12:36,2024-11-03 12:30:00,2024-11-03 12:36:00,6.0
2024-11-03,arrival,Zurich,Faro,edelweiss,Landed,12:30,12:25,2024-11-03 12:30:00,2024-11-03 12:25:00,-5.0
2024-11-03,arrival,Zurich,Lisbon,tap,Landed,12:40,12:57,2024-11-03 12:40:00,2024-11-03 12:57:00,17.0
2024-11-03,arrival,Zurich,Antalya,sun,Landed,12:50,12:43,2024-11-03 12:50:00,2024-11-03 12:43:00,-7.0
2024-11-03,arrival,Zurich,Munich,lufthansa_neu,Landed,12:55,12:51,2024-11-03 12:55:00,2024-11-03 12:51:00,-4.0
2024-11-03,arrival,Zurich,Antalya,pegasus,Landed,09:05,08:53,2024-11-03 09:05:00,2024-11-03 08:53:00,-12.0
2024-11-03,arrival,Zurich,Alicante,easyjet,Landed,09:15,09:02,2024-11-03 09:15:00,2024-11-03 09:02:00,-13.0
2024-11-03,arrival,Zurich,Madrid,europa,Landed,09:25,09:05,2024-11-03 09:25:00,2024-11-03 09:05:00,-20.0
2024-11-03,arrival,Zurich,Warsaw,lot,Landed,09:35,10:03,2024-11-03 09:35:00,2024-11-03 10:03:00,28.0
2024-11-03,arrival,Zurich,Copenhagen,sas,Landed,09:45,09:45,2024-11-03 09:45:00,2024-11-03 09:45:00,0.0
2024-11-03,arrival,Zurich,Helsinki,finnair,Landed,09:50,09:31,2024-11-03 09:50:00,2024-11-03 09:31:00,-19.0
2024-11-03,arrival,Zurich,Istanbul IST,turkish,Landed,09:50,09:33,2024-11-03 09:50:00,2024-11-03 09:33:00,-17.0
2024-11-03,arrival,Zurich,Zagreb,croatia_v2,Landed,10:05,10:01,2024-11-03 10:05:00,2024-11-03 10:01:00,-4.0
2024-11-03,arrival,Zurich,Frankfurt,swiss,Landed,10:05,09:51,2024-11-03 10:05:00,2024-11-03 09:51:00,-14.0
2024-11-03,arrival,Zurich,Munich,swiss,Landed,10:10,10:10,2024-11-03 10:10:00,2024-11-03 10:10:00,0.0
2024-11-03,arrival,Zurich,Punta Cana,edelweiss,Landed,10:15,10:27,2024-11-03 10:15:00,2024-11-03 10:27:00,12.0
2024-11-03,arrival,Zurich,Athens,aegan,Landed,10:20,10:20,2024-11-03 10:20:00,2024-11-03 10:20:00,0.0
2024-11-03,arrival,Zurich,Toronto,canada,Landed,10:25,10:13,2024-11-03 10:25:00,2024-11-03 10:13:00,-12.0
2024-11-03,arrival,Zurich,London LHR,british,Landed,10:25,10:09,2024-11-03 10:25:00,2024-11-03 10:09:00,-16.0
2024-11-03,arrival,Zurich,New York,delta,Landed,10:30,10:34,2024-11-03 10:30:00,2024-11-03 10:34:00,4.0
2024-11-03,arrival,Zurich,Buenos Airesvia Sao Paulo,swiss,Landed,10:35,10:23,2024-11-03 10:35:00,2024-11-03 10:23:00,-12.0
2024-11-03,arrival,Zurich,Istanbul SAW,pegasus,Landed,10:35,10:41,2024-11-03 10:35:00,2024-11-03 10:41:00,6.0
2024-11-03,arrival,Zurich,Washington,swiss,Landed,10:35,10:53,2024-11-03 10:35:00,2024-11-03 10:53:00,18.0
2024-11-03,arrival,Zurich,Porto,easyjet,Landed,10:35,10:35,2024-11-03 10:35:00,2024-11-03 10:35:00,0.0
2024-11-03,arrival,Zurich,New York,swiss,Landed,10:40,11:10,2024-11-03 10:40:00,2024-11-03 11:10:00,30.0
2024-11-03,arrival,Zurich,Frankfurt,lufthansa_neu,Landed,10:40,10:40,2024-11-03 10:40:00,2024-11-03 10:40:00,0.0
2024-11-03,arrival,Zurich,Pristina,chair,Landed,10:45,10:38,2024-11-03 10:45:00,2024-11-03 10:38:00,-7.0
2024-11-03,arrival,Zurich,Chicago,swiss,Landed,10:45,10:58,2024-11-03 10:45:00,2024-11-03 10:58:00,13.0
2024-11-03,arrival,Zurich,Miami,swiss,Landed,10:50,10:49,2024-11-03 10:50:00,2024-11-03 10:49:00,-1.0
2024-11-03,arrival,Zurich,Florence,swiss,Landed,10:55,10:37,2024-11-03 10:55:00,2024-11-03 10:37:00,-18.0
2024-11-03,arrival,Zurich,Stuttgart,swiss,Landed,10:55,10:52,2024-11-03 10:55:00,2024-11-03 10:52:00,-3.0
2024-11-03,arrival,Zurich,Doha,qatar,Landed,07:10,06:50,2024-11-03 07:10:00,2024-11-03 06:50:00,-20.0
2024-11-03,arrival,Zurich,Hong Kong,cathay,Landed,07:30,07:07,2024-11-03 07:30:00,2024-11-03 07:07:00,-23.0
2024-11-03,arrival,Zurich,Addis Ababavia Milan,ethiopianairlineslogosvg,Landed,07:40,07:10,2024-11-03 07:40:00,2024-11-03 07:10:00,-30.0
2024-11-03,arrival,Zurich,Newark,united,Landed,07:40,07:40,2024-11-03 07:40:00,2024-11-03 07:40:00,0.0
2024-11-03,arrival,Zurich,Milan MXP,swiss,Landed,07:45,07:32,2024-11-03 07:45:00,2024-11-03 07:32:00,-13.0
2024-11-03,arrival,Zurich,Antalya,sun,Landed,07:45,07:56,2024-11-03 07:45:00,2024-11-03 07:56:00,11.0
2024-11-03,arrival,Zurich,Ljubljana,swiss,Landed,07:45,07:40,2024-11-03 07:45:00,2024-11-03 07:40:00,-5.0
2024-11-03,arrival,Zurich,Singapore,singapore,Landed,07:50,08:02,2024-11-03 07:50:00,2024-11-03 08:02:00,12.0
2024-11-03,arrival,Zurich,Vilnius,swiss,Landed,07:55,07:47,2024-11-03 07:55:00,2024-11-03 07:47:00,-8.0
2024-11-03,arrival,Zurich,Chicago,united,Landed,07:55,11:21,2024-11-03 07:55:00,2024-11-03 11:21:00,206.0
2024-11-03,arrival,Zurich,Budapest,swiss,Landed,07:55,07:53,2024-11-03 07:55:00,2024-11-03 07:53:00,-2.0
2024-11-03,arrival,Zurich,Bucharest,swiss,Landed,08:05,07:49,2024-11-03 08:05:00,2024-11-03 07:49:00,-16.0
2024-11-03,arrival,Zurich,Tallinn,swiss,Landed,08:05,07:35,2024-11-03 08:05:00,2024-11-03 07:35:00,-30.0
2024-11-03,arrival,Zurich,Prague,swiss,Landed,08:10,08:13,2024-11-03 08:10:00,2024-11-03 08:13:00,3.0
2024-11-03,arrival,Zurich,Malaga,swiss,Landed,08:15,07:59,2024-11-03 08:15:00,2024-11-03 07:59:00,-16.0
2024-11-03,arrival,Zurich,Philadelphia,american,Landed,08:15,08:28,2024-11-03 08:15:00,2024-11-03 08:28:00,13.0
2024-11-03,arrival,Zurich,Amsterdam,klm,Landed,08:15,08:16,2024-11-03 08:15:00,2024-11-03 08:16:00,1.0
2024-11-03,arrival,Zurich,Frankfurt,lufthansa_neu,Landed,08:20,08:10,2024-11-03 08:20:00,2024-11-03 08:10:00,-10.0
2024-11-03,arrival,Zurich,Vienna,austrian,Landed,08:25,08:19,2024-11-03 08:25:00,2024-11-03 08:19:00,-6.0
2024-11-03,arrival,Zurich,Amsterdam,swiss,Landed,08:25,08:30,2024-11-03 08:25:00,2024-11-03 08:30:00,5.0
2024-11-03,arrival,Zurich,Barcelona,swiss,Landed,08:30,08:21,2024-11-03 08:30:00,2024-11-03 08:21:00,-9.0
2024-11-03,arrival,Zurich,Berlin,easyjet,Landed,08:30,08:11,2024-11-03 08:30:00,2024-11-03 08:11:00,-19.0
2024-11-03,arrival,Zurich,Geneva,swiss,Landed,08:30,08:26,2024-11-03 08:30:00,2024-11-03 08:26:00,-4.0
2024-11-03,arrival,Zurich,Stockholm,swiss,Landed,08:35,08:38,2024-11-03 08:35:00,2024-11-03 08:38:00,3.0
2024-11-03,arrival,Zurich,Hurghada,edelweiss,Landed,08:35,08:25,2024-11-03 08:35:00,2024-11-03 08:25:00,-10.0
2024-11-03,arrival,Zurich,London LHR,swiss,Landed,08:40,08:44,2024-11-03 08:40:00,2024-11-03 08:44:00,4.0
2024-11-03,arrival,Zurich,Berlin,swiss,Landed,08:45,08:32,2024-11-03 08:45:00,2024-11-03 08:32:00,-13.0
2024-11-03,arrival,Zurich,Paris CDG,swiss,Landed,08:45,08:33,2024-11-03 08:45:00,2024-11-03 08:33:00,-12.0
2024-11-03,arrival,Zurich,Copenhagen,swiss,Landed,08:45,08:36,2024-11-03 08:45:00,2024-11-03 08:36:00,-9.0
2024-11-03,arrival,Zurich,Munich,lufthansa_neu,Landed,08:45,08:52,2024-11-03 08:45:00,2024-11-03 08:52:00,7.0
2024-11-03,arrival,Zurich,Belgrade,serbia,Landed,08:50,08:49,2024-11-03 08:50:00,2024-11-03 08:49:00,-1.0
2024-11-03,arrival,Zurich,Sofia,bulgaria,Landed,08:50,08:42,2024-11-03 08:50:00,2024-11-03 08:42:00,-8.0
2024-11-03,arrival,Zurich,Athens,swiss,Landed,08:55,08:46,2024-11-03 08:55:00,2024-11-03 08:46:00,-9.0
2024-11-03,arrival,Zurich,Barcelona,vueling,Landed,08:55,08:40,2024-11-03 08:55:00,2024-11-03 08:40:00,-15.0
2024-11-03,arrival,Zurich,Mumbai,swiss,Landed,06:10,06:23,2024-11-03 06:10:00,2024-11-03 06:23:00,13.0
2024-11-03,arrival,Zurich,New York,swiss,Landed,06:10,06:21,2024-11-03 06:10:00,2024-11-03 06:21:00,11.0
2024-11-03,arrival,Zurich,Hong Kong,swiss,Landed,06:10,06:12,2024-11-03 06:10:00,2024-11-03 06:12:00,2.0
2024-11-03,arrival,Zurich,Singapore,swiss,Landed,06:10,06:28,2024-11-03 06:10:00,2024-11-03 06:28:00,18.0
2024-11-03,arrival,Zurich,Dubai,swiss,Landed,06:15,06:16,2024-11-03 06:15:00,2024-11-03 06:16:00,1.0
2024-11-03,arrival,Zurich,Johannesburg,swiss,Landed,06:15,06:10,2024-11-03 06:15:00,2024-11-03 06:10:00,-5.0
2024-11-03,arrival,Zurich,Montreal,swiss,Landed,06:15,06:24,2024-11-03 06:15:00,2024-11-03 06:24:00,9.0
2024-11-03,arrival,Zurich,Sal,edelweiss,Landed,06:20,06:33,2024-11-03 06:20:00,2024-11-03 06:33:00,13.0
2024-11-03,arrival,Zurich,Delhi,swiss,Landed,06:20,06:14,2024-11-03 06:20:00,2024-11-03 06:14:00,-6.0
2024-11-03,arrival,Zurich,Tenerife,edelweiss,Landed,06:25,06:19,2024-11-03 06:25:00,2024-11-03 06:19:00,-6.0
2024-11-03,arrival,Zurich,Gran Canaria,edelweiss,Landed,06:30,06:25,2024-11-03 06:30:00,2024-11-03 06:25:00,-5.0
2024-11-03,arrival,Zurich,Larnaca,edelweiss,Landed,06:30,06:33,2024-11-03 06:30:00,2024-11-03 06:33:00,3.0
2024-11-03,arrival,Zurich,Abu Dhabi AUH,etihad,Landed,06:30,06:30,2024-11-03 06:30:00,2024-11-03 06:30:00,0.0
2024-11-03,arrival,Zurich,Boston,swiss,Landed,06:35,06:39,2024-11-03 06:35:00,2024-11-03 06:39:00,4.0
2024-11-03,arrival,Zurich,Washington,united,Landed,06:40,06:40,2024-11-03 06:40:00,2024-11-03 06:40:00,0.0
2024-11-03,arrival,Zurich,Geneva,swiss,Landed,06:45,06:43,2024-11-03 06:45:00,2024-11-03 06:43:00,-2.0
2024-11-03,arrival,Zurich,Bangkok,thai,Landed,06:55,06:36,2024-11-03 06:55:00,2024-11-03 06:36:00,-19.0
2024-11-03,departure,Zurich,Geneva,swiss,Departed,21:00,21:00,2024-11-03 21:00:00,2024-11-03 21:00:00,0.0
2024-11-03,departure,Zurich,Athens,swiss,Departed,21:00,21:00,2024-11-03 21:00:00,2024-11-03 21:00:00,0.0
2024-11-03,departure,Zurich,Prague,swiss,Departed,21:00,21:05,2024-11-03 21:00:00,2024-11-03 21:05:00,5.0
2024-11-03,departure,Zurich,London LHR,british,Departed,21:05,21:18,2024-11-03 21:05:00,2024-11-03 21:18:00,13.0
2024-11-03,departure,Zurich,Bucharest,swiss,Departed,21:05,21:30,2024-11-03 21:05:00,2024-11-03 21:30:00,25.0
2024-11-03,departure,Zurich,Tallinn,swiss,Departed,21:05,21:15,2024-11-03 21:05:00,2024-11-03 21:15:00,10.0
2024-11-03,departure,Zurich,Barcelona,swiss,Departed,21:10,21:45,2024-11-03 21:10:00,2024-11-03 21:45:00,35.0
2024-11-03,departure,Zurich,Budapest,swiss,Departed,21:10,21:10,2024-11-03 21:10:00,2024-11-03 21:10:00,0.0
2024-11-03,departure,Zurich,Tel Aviv,elalisrael,Departed,21:15,21:30,2024-11-03 21:15:00,2024-11-03 21:30:00,15.0
2024-11-03,departure,Zurich,Copenhagen,swiss,Departed,21:15,21:25,2024-11-03 21:15:00,2024-11-03 21:25:00,10.0
2024-11-03,departure,Zurich,Berlin,easyjet,Departed,21:20,21:20,2024-11-03 21:20:00,2024-11-03 21:20:00,0.0
2024-11-03,departure,Zurich,Lisbon,easyjet,Departed,21:20,21:50,2024-11-03 21:20:00,2024-11-03 21:50:00,30.0
2024-11-03,departure,Zurich,Ljubljana,swiss,Departed,21:20,21:27,2024-11-03 21:20:00,2024-11-03 21:27:00,7.0
2024-11-03,departure,Zurich,Barcelona,vueling,Departed,21:25,22:05,2024-11-03 21:25:00,2024-11-03 22:05:00,40.0
2024-11-03,departure,Zurich,London LGW,easyjet,Departed,21:25,21:45,2024-11-03 21:25:00,2024-11-03 21:45:00,20.0
2024-11-03,departure,Zurich,London LTN,easyjet,Departed,21:25,22:05,2024-11-03 21:25:00,2024-11-03 22:05:00,40.0
2024-11-03,departure,Zurich,Cologne Bonn,euro,Departed,21:30,21:40,2024-11-03 21:30:00,2024-11-03 21:40:00,10.0
2024-11-03,departure,Zurich,Belgrade,serbia,Departed,21:30,21:55,2024-11-03 21:30:00,2024-11-03 21:55:00,25.0
2024-11-03,departure,Zurich,Muscat,oman,Departed,21:35,21:30,2024-11-03 21:35:00,2024-11-03 21:30:00,-5.0
2024-11-03,departure,Zurich,Porto,easyjet,Departed,21:40,21:40,2024-11-03 21:40:00,2024-11-03 21:40:00,0.0
2024-11-03,departure,Zurich,Dubai,emirates-neu,Departed,21:50,21:50,2024-11-03 21:50:00,2024-11-03 21:50:00,0.0
2024-11-03,departure,Zurich,Malaga,swiss,Departed,22:25,22:35,2024-11-03 22:25:00,2024-11-03 22:35:00,10.0
2024-11-03,departure,Zurich,Cape Town,edelweiss,Departed,22:30,22:35,2024-11-03 22:30:00,2024-11-03 22:35:00,5.0
2024-11-03,departure,Zurich,Sao Paulo,swiss,Departed,22:40,22:55,2024-11-03 22:40:00,2024-11-03 22:55:00,15.0
2024-11-03,departure,Zurich,Hong Kong,swiss,Departed,22:40,22:50,2024-11-03 22:40:00,2024-11-03 22:50:00,10.0
2024-11-03,departure,Zurich,Singapore,swiss,Departed,22:40,22:50,2024-11-03 22:40:00,2024-11-03 22:50:00,10.0
2024-11-03,departure,Zurich,Geneva,swiss,Departed,22:45,22:55,2024-11-03 22:45:00,2024-11-03 22:55:00,10.0
2024-11-03,departure,Zurich,Johannesburg,swiss,Departed,22:45,22:50,2024-11-03 22:45:00,2024-11-03 22:50:00,5.0
2024-11-03,departure,Zurich,Helsinki,finnair,Departed,19:05,19:05,2024-11-03 19:05:00,2024-11-03 19:05:00,0.0
2024-11-03,departure,Zurich,Munich,swiss,Departed,19:05,19:00,2024-11-03 19:05:00,2024-11-03 19:00:00,-5.0
2024-11-03,departure,Zurich,Amsterdam,klm,Departed,19:10,19:10,2024-11-03 19:10:00,2024-11-03 19:10:00,0.0
2024-11-03,departure,Zurich,London LCY,british,Departed,19:15,19:45,2024-11-03 19:15:00,2024-11-03 19:45:00,30.0
2024-11-03,departure,Zurich,Riga,baltic,Departed,19:20,19:25,2024-11-03 19:20:00,2024-11-03 19:25:00,5.0
2024-11-03,departure,Zurich,Athens,aegan,Departed,19:20,19:20,2024-11-03 19:20:00,2024-11-03 19:20:00,0.0
2024-11-03,departure,Zurich,Vienna,austrian,Departed,19:25,19:30,2024-11-03 19:25:00,2024-11-03 19:30:00,5.0
2024-11-03,departure,Zurich,London LHR,british,Departed,19:40,20:00,2024-11-03 19:40:00,2024-11-03 20:00:00,20.0
2024-11-03,departure,Zurich,Madrid,iberia,Departed,19:40,19:35,2024-11-03 19:40:00,2024-11-03 19:35:00,-5.0
2024-11-03,departure,Zurich,Delhi,air_india_logo,Departed,19:50,21:35,2024-11-03 19:50:00,2024-11-03 21:35:00,105.0
2024-11-03,departure,Zurich,Zagreb,croatia_v2,Departed,19:55,19:55,2024-11-03 19:55:00,2024-11-03 19:55:00,0.0
2024-11-03,departure,Zurich,Warsaw,lot,Departed,19:55,19:55,2024-11-03 19:55:00,2024-11-03 19:55:00,0.0
2024-11-03,departure,Zurich,Frankfurt,lufthansa_neu,Departed,20:05,20:13,2024-11-03 20:05:00,2024-11-03 20:13:00,8.0
2024-11-03,departure,Zurich,Hamburg,euro,Departed,20:10,20:40,2024-11-03 20:10:00,2024-11-03 20:40:00,30.0
2024-11-03,departure,Zurich,Berlin,euro,Departed,20:10,21:15,2024-11-03 20:10:00,2024-11-03 21:15:00,65.0
2024-11-03,departure,Zurich,Munich,lufthansa_neu,Departed,20:15,20:15,2024-11-03 20:15:00,2024-11-03 20:15:00,0.0
2024-11-03,departure,Zurich,Addis Ababavia Milan,ethiopianairlineslogosvg,Departed,20:15,20:15,2024-11-03 20:15:00,2024-11-03 20:15:00,0.0
2024-11-03,departure,Zurich,Copenhagen,sas,Departed,20:20,20:20,2024-11-03 20:20:00,2024-11-03 20:20:00,0.0
2024-11-03,departure,Zurich,Pristina,gp-aviation,Departed,20:20,20:30,2024-11-03 20:20:00,2024-11-03 20:30:00,10.0
2024-11-03,departure,Zurich,Vienna,austrian,Departed,20:45,20:50,2024-11-03 20:45:00,2024-11-03 20:50:00,5.0
2024-11-03,departure,Zurich,Amsterdam,swiss,Departed,20:45,20:45,2024-11-03 20:45:00,2024-11-03 20:45:00,0.0
2024-11-03,departure,Zurich,Milan MXP,swiss,Departed,20:50,20:50,2024-11-03 20:50:00,2024-11-03 20:50:00,0.0
2024-11-03,departure,Zurich,Düsseldorf,euro,Departed,20:50,21:15,2024-11-03 20:50:00,2024-11-03 21:15:00,25.0
2024-11-03,departure,Zurich,London LHR,swiss,Departed,20:55,21:00,2024-11-03 20:55:00,2024-11-03 21:00:00,5.0
2024-11-03,departure,Zurich,Berlin,swiss,Departed,20:55,21:00,2024-11-03 20:55:00,2024-11-03 21:00:00,5.0
2024-11-03,departure,Zurich,Paris CDG,swiss,Departed,20:55,20:55,2024-11-03 20:55:00,2024-11-03 20:55:00,0.0
2024-11-03,departure,Zurich,Stockholm,swiss,Departed,20:55,21:10,2024-11-03 20:55:00,2024-11-03 21:10:00,15.0
2024-11-03,departure,Zurich,Porto,swiss,Departed,17:00,17:05,2024-11-03 17:00:00,2024-11-03 17:05:00,5.0
2024-11-03,departure,Zurich,Warsaw,swiss,Departed,17:00,17:10,2024-11-03 17:00:00,2024-11-03 17:10:00,10.0
2024-11-03,departure,Zurich,London LHR,swiss,Departed,17:00,17:05,2024-11-03 17:00:00,2024-11-03 17:05:00,5.0
2024-11-03,departure,Zurich,Nice,swiss,Departed,17:05,17:10,2024-11-03 17:05:00,2024-11-03 17:10:00,5.0
2024-11-03,departure,Zurich,Manchester,swiss,Departed,17:05,17:35,2024-11-03 17:05:00,2024-11-03 17:35:00,30.0
2024-11-03,departure,Zurich,London LGW,swiss,Departed,17:05,17:10,2024-11-03 17:05:00,2024-11-03 17:10:00,5.0
2024-11-03,departure,Zurich,Milan MXP,swiss,Departed,17:10,17:10,2024-11-03 17:10:00,2024-11-03 17:10:00,0.0
2024-11-03,departure,Zurich,Munich,lufthansa_neu,Departed,17:10,17:50,2024-11-03 17:10:00,2024-11-03 17:50:00,40.0
2024-11-03,departure,Zurich,Newark,swiss,Departed,17:15,17:25,2024-11-03 17:15:00,2024-11-03 17:25:00,10.0
2024-11-03,departure,Zurich,Birmingham,swiss,Departed,17:15,17:15,2024-11-03 17:15:00,2024-11-03 17:15:00,0.0
2024-11-03,departure,Zurich,Skopje,edelweiss,Departed,17:15,17:15,2024-11-03 17:15:00,2024-11-03 17:15:00,0.0
2024-11-03,departure,Zurich,Copenhagen,swiss,Departed,17:15,17:15,2024-11-03 17:15:00,2024-11-03 17:15:00,0.0
2024-11-03,departure,Zurich,Venice,swiss,Departed,17:20,17:25,2024-11-03 17:20:00,2024-11-03 17:25:00,5.0
2024-11-03,departure,Zurich,Alicante,swiss,Departed,17:20,17:30,2024-11-03 17:20:00,2024-11-03 17:30:00,10.0
2024-11-03,departure,Zurich,Palma De Mallorca,chair,Departed,17:20,17:10,2024-11-03 17:20:00,2024-11-03 17:10:00,-10.0
2024-11-03,departure,Zurich,Pristina,chair,Departed,17:25,17:25,2024-11-03 17:25:00,2024-11-03 17:25:00,0.0
2024-11-03,departure,Zurich,Amsterdam,swiss,Departed,17:25,17:30,2024-11-03 17:25:00,2024-11-03 17:30:00,5.0
2024-11-03,departure,Zurich,Belgrade,swiss,Departed,17:25,17:40,2024-11-03 17:25:00,2024-11-03 17:40:00,15.0
2024-11-03,departure,Zurich,Berlin,swiss,Departed,17:25,17:30,2024-11-03 17:25:00,2024-11-03 17:30:00,5.0
2024-11-03,departure,Zurich,Bremen,swiss,Departed,17:30,17:50,2024-11-03 17:30:00,2024-11-03 17:50:00,20.0
2024-11-03,departure,Zurich,Barcelona,swiss,Departed,17:30,18:42,2024-11-03 17:30:00,2024-11-03 18:42:00,72.0
2024-11-03,departure,Zurich,Boston,swiss,Departed,17:30,17:30,2024-11-03 17:30:00,2024-11-03 17:30:00,0.0
2024-11-03,departure,Zurich,Paris CDG,swiss,Departed,17:35,17:45,2024-11-03 17:35:00,2024-11-03 17:45:00,10.0
2024-11-03,departure,Zurich,Rome FCO,swiss,Departed,17:35,17:40,2024-11-03 17:35:00,2024-11-03 17:40:00,5.0
2024-11-03,departure,Zurich,Budapest,swiss,Departed,17:35,17:40,2024-11-03 17:35:00,2024-11-03 17:40:00,5.0
2024-11-03,departure,Zurich,Malta,km_malta_airlines,Departed,17:40,17:25,2024-11-03 17:40:00,2024-11-03 17:25:00,-15.0
2024-11-03,departure,Zurich,Edinburgh,edelweiss,Departed,17:40,17:40,2024-11-03 17:40:00,2024-11-03 17:40:00,0.0
2024-11-03,departure,Zurich,Düsseldorf,swiss,Departed,17:40,17:45,2024-11-03 17:40:00,2024-11-03 17:45:00,5.0
2024-11-03,departure,Zurich,Vienna,swiss,Departed,17:45,17:55,2024-11-03 17:45:00,2024-11-03 17:55:00,10.0
2024-11-03,departure,Zurich,Catania,edelweiss,Departed,17:45,17:45,2024-11-03 17:45:00,2024-11-03 17:45:00,0.0
2024-11-03,departure,Zurich,Hamburg,swiss,Departed,17:50,17:55,2024-11-03 17:50:00,2024-11-03 17:55:00,5.0
2024-11-03,departure,Zurich,Pristina,edelweiss,Departed,17:50,17:50,2024-11-03 17:50:00,2024-11-03 17:50:00,0.0
2024-11-03,departure,Zurich,Prague,swiss,Departed,17:50,17:50,2024-11-03 17:50:00,2024-11-03 17:50:00,0.0
2024-11-03,departure,Zurich,London LCY,swiss,Departed,17:55,17:55,2024-11-03 17:55:00,2024-11-03 17:55:00,0.0
2024-11-03,departure,Zurich,Brussels,swiss,Departed,17:55,18:30,2024-11-03 17:55:00,2024-11-03 18:30:00,35.0
2024-11-03,departure,Zurich,Paris CDG,airfrance,Departed,18:00,18:10,2024-11-03 18:00:00,2024-11-03 18:10:00,10.0
2024-11-03,departure,Zurich,Bangkok,swiss,Departed,18:00,18:20,2024-11-03 18:00:00,2024-11-03 18:20:00,20.0
2024-11-03,departure,Zurich,Geneva,swiss,Departed,18:00,18:00,2024-11-03 18:00:00,2024-11-03 18:00:00,0.0
2024-11-03,departure,Zurich,Istanbul IST,turkish,Departed,18:05,18:30,2024-11-03 18:05:00,2024-11-03 18:30:00,25.0
2024-11-03,departure,Zurich,Frankfurt,lufthansa_neu,Departed,18:05,18:05,2024-11-03 18:05:00,2024-11-03 18:05:00,0.0
2024-11-03,departure,Zurich,Lisbon,tap,Departed,18:05,18:50,2024-11-03 18:05:00,2024-11-03 18:50:00,45.0
2024-11-03,departure,Zurich,Phuket,edelweiss,Departed,18:10,18:20,2024-11-03 18:10:00,2024-11-03 18:20:00,10.0
2024-11-03,departure,Zurich,Hurghada,cairo,Departed,18:25,19:00,2024-11-03 18:25:00,2024-11-03 19:00:00,35.0
2024-11-03,departure,Zurich,Berlin,swiss,Departed,18:25,18:25,2024-11-03 18:25:00,2024-11-03 18:25:00,0.0
2024-11-03,departure,Zurich,London LHR,swiss,Departed,18:25,18:25,2024-11-03 18:25:00,2024-11-03 18:25:00,0.0
2024-11-03,departure,Zurich,Madrid,europa,Departed,18:30,19:10,2024-11-03 18:30:00,2024-11-03 19:10:00,40.0
2024-11-03,departure,Zurich,Frankfurt,swiss,Departed,18:50,18:50,2024-11-03 18:50:00,2024-11-03 18:50:00,0.0
2024-11-03,departure,Zurich,Vienna,austrian,Departed,15:05,15:10,2024-11-03 15:05:00,2024-11-03 15:10:00,5.0
2024-11-03,departure,Zurich,Belgrade,serbia,Departed,15:05,15:05,2024-11-03 15:05:00,2024-11-03 15:05:00,0.0
2024-11-03,departure,Zurich,Doha,qatar,Departed,15:10,15:10,2024-11-03 15:10:00,2024-11-03 15:10:00,0.0
2024-11-03,departure,Zurich,London LHR,swiss,Departed,15:30,15:30,2024-11-03 15:30:00,2024-11-03 15:30:00,0.0
2024-11-03,departure,Zurich,Amman,jordanian,Departed,15:30,15:30,2024-11-03 15:30:00,2024-11-03 15:30:00,0.0
2024-11-03,departure,Zurich,Palma De Mallorca,swiss,Departed,15:35,15:35,2024-11-03 15:35:00,2024-11-03 15:35:00,0.0
2024-11-03,departure,Zurich,Oslo,swiss,Departed,15:45,15:45,2024-11-03 15:45:00,2024-11-03 15:45:00,0.0
2024-11-03,departure,Zurich,Hamburg,euro,Departed,15:45,16:30,2024-11-03 15:45:00,2024-11-03 16:30:00,45.0
2024-11-03,departure,Zurich,Düsseldorf,euro,Departed,15:50,15:55,2024-11-03 15:50:00,2024-11-03 15:55:00,5.0
2024-11-03,departure,Zurich,Istanbul SAW,pegasus,Departed,15:50,15:45,2024-11-03 15:50:00,2024-11-03 15:45:00,-5.0
2024-11-03,departure,Zurich,Madrid,swiss,Departed,16:20,16:30,2024-11-03 16:20:00,2024-11-03 16:30:00,10.0
2024-11-03,departure,Zurich,London LCY,swiss,Departed,16:25,16:25,2024-11-03 16:25:00,2024-11-03 16:25:00,0.0
2024-11-03,departure,Zurich,Berlin,swiss,Departed,16:25,16:25,2024-11-03 16:25:00,2024-11-03 16:25:00,0.0
2024-11-03,departure,Zurich,Hamburg,swiss,Departed,16:25,16:25,2024-11-03 16:25:00,2024-11-03 16:25:00,0.0
2024-11-03,departure,Zurich,Dublin,swiss,Departed,16:30,17:20,2024-11-03 16:30:00,2024-11-03 17:20:00,50.0
2024-11-03,departure,Zurich,London LHR,british,Departed,16:30,16:30,2024-11-03 16:30:00,2024-11-03 16:30:00,0.0
2024-11-03,departure,Zurich,Düsseldorf,swiss,Departed,16:30,16:30,2024-11-03 16:30:00,2024-11-03 16:30:00,0.0
2024-11-03,departure,Zurich,Palermo,swiss,Departed,16:35,16:30,2024-11-03 16:35:00,2024-11-03 16:30:00,-5.0
2024-11-03,departure,Zurich,Dresden,swiss,Departed,16:35,16:35,2024-11-03 16:35:00,2024-11-03 16:35:00,0.0
2024-11-03,departure,Zurich,Menorca,edelweiss,Departed,16:45,16:45,2024-11-03 16:45:00,2024-11-03 16:45:00,0.0
2024-11-03,departure,Zurich,Geneva,swiss,Departed,16:45,16:45,2024-11-03 16:45:00,2024-11-03 16:45:00,0.0
2024-11-03,departure,Zurich,Valencia,swiss,Departed,16:50,16:45,2024-11-03 16:50:00,2024-11-03 16:45:00,-5.0
2024-11-03,departure,Zurich,Hanover,swiss,Departed,16:50,16:50,2024-11-03 16:50:00,2024-11-03 16:50:00,0.0
2024-11-03,departure,Zurich,Florence,swiss,Departed,16:55,16:55,2024-11-03 16:55:00,2024-11-03 16:55:00,0.0
2024-11-03,departure,Zurich,Seville,edelweiss,Departed,16:55,16:55,2024-11-03 16:55:00,2024-11-03 16:55:00,0.0
2024-11-03,departure,Zurich,Reykjavík,iceland,Departed,13:00,13:05,2024-11-03 13:00:00,2024-11-03 13:05:00,5.0
2024-11-03,departure,Zurich,Nice,swiss,Departed,13:00,13:05,2024-11-03 13:00:00,2024-11-03 13:05:00,5.0
2024-11-03,departure,Zurich,Podgorica,air-montenegro,Departed,13:00,13:00,2024-11-03 13:00:00,2024-11-03 13:00:00,0.0
2024-11-03,departure,Zurich,Dubai,swiss,Departed,13:05,13:05,2024-11-03 13:05:00,2024-11-03 13:05:00,0.0
2024-11-03,departure,Zurich,Venice,swiss,Departed,13:05,13:05,2024-11-03 13:05:00,2024-11-03 13:05:00,0.0
2024-11-03,departure,Zurich,Washington,swiss,Departed,13:05,13:08,2024-11-03 13:05:00,2024-11-03 13:08:00,3.0
2024-11-03,departure,Zurich,Tokyo,swiss,Departed,13:05,13:05,2024-11-03 13:05:00,2024-11-03 13:05:00,0.0
2024-11-03,departure,Zurich,Los Angeles,swiss,Departed,13:10,13:20,2024-11-03 13:10:00,2024-11-03 13:20:00,10.0
2024-11-03,departure,Zurich,Chicago,swiss,Departed,13:10,13:14,2024-11-03 13:10:00,2024-11-03 13:14:00,4.0
2024-11-03,departure,Zurich,Shanghai,swiss,Departed,13:10,13:15,2024-11-03 13:10:00,2024-11-03 13:15:00,5.0
2024-11-03,departure,Zurich,Boston,swiss,Departed,13:15,13:34,2024-11-03 13:15:00,2024-11-03 13:34:00,19.0
2024-11-03,departure,Zurich,Bangkok,thai,Departed,13:15,13:15,2024-11-03 13:15:00,2024-11-03 13:15:00,0.0
2024-11-03,departure,Zurich,New York,swiss,Departed,13:15,13:18,2024-11-03 13:15:00,2024-11-03 13:18:00,3.0
2024-11-03,departure,Zurich,San Francisco,swiss,Departed,13:15,13:31,2024-11-03 13:15:00,2024-11-03 13:31:00,16.0
2024-11-03,departure,Zurich,Lanzarote,edelweiss,Departed,13:20,13:20,2024-11-03 13:20:00,2024-11-03 13:20:00,0.0
2024-11-03,departure,Zurich,Brussels,swiss,Departed,13:20,13:20,2024-11-03 13:20:00,2024-11-03 13:20:00,0.0
2024-11-03,departure,Zurich,Milan MXP,swiss,Departed,13:20,13:20,2024-11-03 13:20:00,2024-11-03 13:20:00,0.0
2024-11-03,departure,Zurich,Toronto,canada,Departed,13:20,13:20,2024-11-03 13:20:00,2024-11-03 13:20:00,0.0
2024-11-03,departure,Zurich,Lisbon,tap,Departed,13:30,13:40,2024-11-03 13:30:00,2024-11-03 13:40:00,10.0
2024-11-03,departure,Zurich,New York,delta,Departed,13:30,13:20,2024-11-03 13:30:00,2024-11-03 13:20:00,-10.0
2024-11-03,departure,Zurich,Berlin,swiss,Departed,13:30,13:40,2024-11-03 13:30:00,2024-11-03 13:40:00,10.0
2024-11-03,departure,Zurich,Munich,lufthansa_neu,Departed,13:35,13:35,2024-11-03 13:35:00,2024-11-03 13:35:00,0.0
2024-11-03,departure,Zurich,Tampa,edelweiss,Departed,13:45,14:25,2024-11-03 13:45:00,2024-11-03 14:25:00,40.0
2024-11-03,departure,Zurich,Antalya,sun,Departed,13:45,13:45,2024-11-03 13:45:00,2024-11-03 13:45:00,0.0
2024-11-03,departure,Zurich,Izmir,sun,Departed,14:00,14:00,2024-11-03 14:00:00,2024-11-03 14:00:00,0.0
2024-11-03,departure,Zurich,Istanbul SAW,ajet_logo,Departed,14:10,14:10,2024-11-03 14:10:00,2024-11-03 14:10:00,0.0
2024-11-03,departure,Zurich,Larnaca,edelweiss,Departed,14:15,14:20,2024-11-03 14:15:00,2024-11-03 14:20:00,5.0
2024-11-03,departure,Zurich,Amsterdam,klm,Departed,14:15,14:25,2024-11-03 14:15:00,2024-11-03 14:25:00,10.0
2024-11-03,departure,Zurich,Heraklion,edelweiss,Departed,14:25,14:25,2024-11-03 14:25:00,2024-11-03 14:25:00,0.0
2024-11-03,departure,Zurich,Oslo,sas,Departed,14:30,14:20,2024-11-03 14:30:00,2024-11-03 14:20:00,-10.0
2024-11-03,departure,Zurich,Dubai,emirates-neu,Departed,14:35,14:35,2024-11-03 14:35:00,2024-11-03 14:35:00,0.0
2024-11-03,departure,Zurich,Frankfurt,lufthansa_neu,Departed,14:45,14:45,2024-11-03 14:45:00,2024-11-03 14:45:00,0.0
2024-11-03,departure,Zurich,Istanbul IST,turkish,Departed,14:50,15:25,2024-11-03 14:50:00,2024-11-03 15:25:00,35.0
2024-11-03,departure,Zurich,Madrid,iberia,Departed,14:55,17:55,2024-11-03 14:55:00,2024-11-03 17:55:00,180.0
2024-11-03,departure,Zurich,Zagreb,croatia_v2,Departed,11:05,11:00,2024-11-03 11:05:00,2024-11-03 11:00:00,-5.0
2024-11-03,departure,Zurich,Porto,easyjet,Departed,11:10,11:20,2024-11-03 11:10:00,2024-11-03 11:20:00,10.0
2024-11-03,departure,Zurich,London LHR,british,Departed,11:15,11:20,2024-11-03 11:15:00,2024-11-03 11:20:00,5.0
2024-11-03,departure,Zurich,Istanbul IST,turkish,Departed,11:15,11:15,2024-11-03 11:15:00,2024-11-03 11:15:00,0.0
2024-11-03,departure,Zurich,Athens,aegan,Departed,11:20,11:20,2024-11-03 11:20:00,2024-11-03 11:20:00,0.0
2024-11-03,departure,Zurich,Frankfurt,lufthansa_neu,Departed,11:20,11:35,2024-11-03 11:20:00,2024-11-03 11:35:00,15.0
2024-11-03,departure,Zurich,Cluj-Napoca,swiss,Departed,11:30,11:35,2024-11-03 11:30:00,2024-11-03 11:35:00,5.0
2024-11-03,departure,Zurich,Skopje,chair,Departed,11:30,11:35,2024-11-03 11:30:00,2024-11-03 11:35:00,5.0
2024-11-03,departure,Zurich,Istanbul SAW,pegasus,Departed,11:40,11:50,2024-11-03 11:40:00,2024-11-03 11:50:00,10.0
2024-11-03,departure,Zurich,Gothenburg,swiss,Departed,11:45,11:50,2024-11-03 11:45:00,2024-11-03 11:50:00,5.0
2024-11-03,departure,Zurich,Washington,united,Departed,11:45,13:20,2024-11-03 11:45:00,2024-11-03 13:20:00,95.0
2024-11-03,departure,Zurich,Amsterdam,klm,Departed,11:50,12:05,2024-11-03 11:50:00,2024-11-03 12:05:00,15.0
2024-11-03,departure,Zurich,Warsaw,swiss,Departed,11:55,11:55,2024-11-03 11:55:00,2024-11-03 11:55:00,0.0
2024-11-03,departure,Zurich,Madrid,iberia,Departed,11:55,12:05,2024-11-03 11:55:00,2024-11-03 12:05:00,10.0
2024-11-03,departure,Zurich,London LCY,swiss,Departed,11:55,12:00,2024-11-03 11:55:00,2024-11-03 12:00:00,5.0
2024-11-03,departure,Zurich,Hong Kong,cathay,Departed,11:55,12:05,2024-11-03 11:55:00,2024-11-03 12:05:00,10.0
2024-11-03,departure,Zurich,Delhi,swiss,Departed,12:00,12:14,2024-11-03 12:00:00,2024-11-03 12:14:00,14.0
2024-11-03,departure,Zurich,Geneva,swiss,Departed,12:00,12:05,2024-11-03 12:00:00,2024-11-03 12:05:00,5.0
2024-11-03,departure,Zurich,Hanover,swiss,Departed,12:00,12:00,2024-11-03 12:00:00,2024-11-03 12:00:00,0.0
2024-11-03,departure,Zurich,London LGW,easyjet,Departed,12:05,12:40,2024-11-03 12:05:00,2024-11-03 12:40:00,35.0
2024-11-03,departure,Zurich,Belgrade,swiss,Departed,12:05,12:05,2024-11-03 12:05:00,2024-11-03 12:05:00,0.0
2024-11-03,departure,Zurich,Palermo,swiss,Departed,12:05,12:05,2024-11-03 12:05:00,2024-11-03 12:05:00,0.0
2024-11-03,departure,Zurich,London LHR,swiss,Departed,12:10,12:25,2024-11-03 12:10:00,2024-11-03 12:25:00,15.0
2024-11-03,departure,Zurich,Frankfurt,swiss,Departed,12:10,12:35,2024-11-03 12:10:00,2024-11-03 12:35:00,25.0
2024-11-03,departure,Zurich,Malaga,swiss,Departed,12:10,12:20,2024-11-03 12:10:00,2024-11-03 12:20:00,10.0
2024-11-03,departure,Zurich,Palma De Mallorca,edelweiss,Departed,12:10,12:15,2024-11-03 12:10:00,2024-11-03 12:15:00,5.0
2024-11-03,departure,Zurich,Copenhagen,swiss,Departed,12:15,12:15,2024-11-03 12:15:00,2024-11-03 12:15:00,0.0
2024-11-03,departure,Zurich,Cartagenavia Bogotá,edelweiss,Departed,12:15,12:25,2024-11-03 12:15:00,2024-11-03 12:25:00,10.0
2024-11-03,departure,Zurich,Stockholm,swiss,Departed,12:15,12:25,2024-11-03 12:15:00,2024-11-03 12:25:00,10.0
2024-11-03,departure,Zurich,Barcelona,swiss,Departed,12:20,12:50,2024-11-03 12:20:00,2024-11-03 12:50:00,30.0
2024-11-03,departure,Zurich,Krakow,swiss,Departed,12:20,12:30,2024-11-03 12:20:00,2024-11-03 12:30:00,10.0
2024-11-03,departure,Zurich,Bordeaux,swiss,Departed,12:25,12:30,2024-11-03 12:25:00,2024-11-03 12:30:00,5.0
2024-11-03,departure,Zurich,Rome FCO,swiss,Departed,12:25,12:25,2024-11-03 12:25:00,2024-11-03 12:25:00,0.0
2024-11-03,departure,Zurich,Graz,swiss,Departed,12:25,12:30,2024-11-03 12:25:00,2024-11-03 12:30:00,5.0
2024-11-03,departure,Zurich,Budapest,swiss,Departed,12:25,12:35,2024-11-03 12:25:00,2024-11-03 12:35:00,10.0
2024-11-03,departure,Zurich,Ljubljana,swiss,Departed,12:30,12:30,2024-11-03 12:30:00,2024-11-03 12:30:00,0.0
2024-11-03,departure,Zurich,Naples,swiss,Departed,12:30,12:40,2024-11-03 12:30:00,2024-11-03 12:40:00,10.0
2024-11-03,departure,Zurich,Bucharest,swiss,Departed,12:30,12:30,2024-11-03 12:30:00,2024-11-03 12:30:00,0.0
2024-11-03,departure,Zurich,Hamburg,swiss,Departed,12:30,13:05,2024-11-03 12:30:00,2024-11-03 13:05:00,35.0
2024-11-03,departure,Zurich,Düsseldorf,swiss,Departed,12:35,12:40,2024-11-03 12:35:00,2024-11-03 12:40:00,5.0
2024-11-03,departure,Zurich,Prague,swiss,Departed,12:35,12:45,2024-11-03 12:35:00,2024-11-03 12:45:00,10.0
2024-11-03,departure,Zurich,Lisbon,swiss,Departed,12:35,12:35,2024-11-03 12:35:00,2024-11-03 12:35:00,0.0
2024-11-03,departure,Zurich,Vienna,swiss,Departed,12:40,13:00,2024-11-03 12:40:00,2024-11-03 13:00:00,20.0
2024-11-03,departure,Zurich,Berlin,swiss,Departed,12:40,13:00,2024-11-03 12:40:00,2024-11-03 13:00:00,20.0
2024-11-03,departure,Zurich,Hurghada,edelweiss,Departed,12:40,12:50,2024-11-03 12:40:00,2024-11-03 12:50:00,10.0
2024-11-03,departure,Zurich,Brindisi,swiss,Departed,12:45,12:45,2024-11-03 12:45:00,2024-11-03 12:45:00,0.0
2024-11-03,departure,Zurich,Amsterdam,swiss,Departed,12:45,12:55,2024-11-03 12:45:00,2024-11-03 12:55:00,10.0
2024-11-03,departure,Zurich,Montreal,swiss,Departed,12:45,13:00,2024-11-03 12:45:00,2024-11-03 13:00:00,15.0
2024-11-03,departure,Zurich,Florence,swiss,Departed,12:50,13:00,2024-11-03 12:50:00,2024-11-03 13:00:00,10.0
2024-11-03,departure,Zurich,Paris CDG,swiss,Departed,12:50,13:15,2024-11-03 12:50:00,2024-11-03 13:15:00,25.0
2024-11-03,departure,Zurich,Miami,swiss,Departed,12:50,13:04,2024-11-03 12:50:00,2024-11-03 13:04:00,14.0
2024-11-03,departure,Zurich,Geneva,swiss,Departed,12:55,13:00,2024-11-03 12:55:00,2024-11-03 13:00:00,5.0
2024-11-03,departure,Zurich,Athens,swiss,Departed,12:55,13:23,2024-11-03 12:55:00,2024-11-03 13:23:00,28.0
2024-11-03,departure,Zurich,Gran Canaria,edelweiss,Departed,12:55,12:55,2024-11-03 12:55:00,2024-11-03 12:55:00,0.0
2024-11-03,departure,Zurich,Amsterdam,klm,Departed,09:00,09:00,2024-11-03 09:00:00,2024-11-03 09:00:00,0.0
2024-11-03,departure,Zurich,Frankfurt,lufthansa_neu,Departed,09:00,09:00,2024-11-03 09:00:00,2024-11-03 09:00:00,0.0
2024-11-03,departure,Zurich,Tenerifevia La Palma,edelweiss,Departed,09:00,09:00,2024-11-03 09:00:00,2024-11-03 09:00:00,0.0
2024-11-03,departure,Zurich,Vienna,austrian,Departed,09:10,09:15,2024-11-03 09:10:00,2024-11-03 09:15:00,5.0
2024-11-03,departure,Zurich,Athens,swiss,Departed,09:15,09:25,2024-11-03 09:15:00,2024-11-03 09:25:00,10.0
2024-11-03,departure,Zurich,Berlin,easyjet,Departed,09:20,09:15,2024-11-03 09:20:00,2024-11-03 09:15:00,-5.0
2024-11-03,departure,Zurich,Munich,lufthansa_neu,Departed,09:25,09:40,2024-11-03 09:25:00,2024-11-03 09:40:00,15.0
2024-11-03,departure,Zurich,Malaga,swiss,Departed,09:25,09:35,2024-11-03 09:25:00,2024-11-03 09:35:00,10.0
2024-11-03,departure,Zurich,Sofia,bulgaria,Departed,09:30,09:30,2024-11-03 09:30:00,2024-11-03 09:30:00,0.0
2024-11-03,departure,Zurich,Porto,swiss,Departed,09:30,09:30,2024-11-03 09:30:00,2024-11-03 09:30:00,0.0
2024-11-03,departure,Zurich,Split,edelweiss,Departed,09:35,09:35,2024-11-03 09:35:00,2024-11-03 09:35:00,0.0
2024-11-03,departure,Zurich,Belgrade,serbia,Departed,09:35,09:35,2024-11-03 09:35:00,2024-11-03 09:35:00,0.0
2024-11-03,departure,Zurich,Valencia,swiss,Departed,09:40,09:35,2024-11-03 09:40:00,2024-11-03 09:35:00,-5.0
2024-11-03,departure,Zurich,Oslo,swiss,Departed,09:40,09:40,2024-11-03 09:40:00,2024-11-03 09:40:00,0.0
2024-11-03,departure,Zurich,Barcelona,vueling,Departed,09:40,09:35,2024-11-03 09:40:00,2024-11-03 09:35:00,-5.0
2024-11-03,departure,Zurich,Chicago,united,Departed,09:40,09:40,2024-11-03 09:40:00,2024-11-03 09:40:00,0.0
2024-11-03,departure,Zurich,Lisbon,swiss,Departed,09:45,09:50,2024-11-03 09:45:00,2024-11-03 09:50:00,5.0
2024-11-03,departure,Zurich,Mumbai,swiss,Departed,09:45,09:40,2024-11-03 09:45:00,2024-11-03 09:40:00,-5.0
2024-11-03,departure,Zurich,New York,swiss,Departed,09:50,09:50,2024-11-03 09:50:00,2024-11-03 09:50:00,0.0
2024-11-03,departure,Zurich,Alicante,easyjet,Departed,09:50,09:45,2024-11-03 09:50:00,2024-11-03 09:45:00,-5.0
2024-11-03,departure,Zurich,Antalya,pegasus,Departed,09:55,09:55,2024-11-03 09:55:00,2024-11-03 09:55:00,0.0
2024-11-03,departure,Zurich,Stockholm,swiss,Departed,09:55,09:55,2024-11-03 09:55:00,2024-11-03 09:55:00,0.0
2024-11-03,departure,Zurich,Palma De Mallorca,swiss,Departed,10:00,10:00,2024-11-03 10:00:00,2024-11-03 10:00:00,0.0
2024-11-03,departure,Zurich,Madrid,europa,Departed,10:10,10:10,2024-11-03 10:10:00,2024-11-03 10:10:00,0.0
2024-11-03,departure,Zurich,London LHR,swiss,Departed,10:15,10:25,2024-11-03 10:15:00,2024-11-03 10:25:00,10.0
2024-11-03,departure,Zurich,Philadelphia,american,Departed,10:15,10:15,2024-11-03 10:15:00,2024-11-03 10:15:00,0.0
2024-11-03,departure,Zurich,Newark,united,Departed,10:20,10:20,2024-11-03 10:20:00,2024-11-03 10:20:00,0.0
2024-11-03,departure,Zurich,Copenhagen,sas,Departed,10:25,10:25,2024-11-03 10:25:00,2024-11-03 10:25:00,0.0
2024-11-03,departure,Zurich,Warsaw,lot,Departed,10:25,10:45,2024-11-03 10:25:00,2024-11-03 10:45:00,20.0
2024-11-03,departure,Zurich,Abu Dhabi AUH,etihad,Departed,10:25,10:25,2024-11-03 10:25:00,2024-11-03 10:25:00,0.0
2024-11-03,departure,Zurich,Helsinki,finnair,Departed,10:35,10:35,2024-11-03 10:35:00,2024-11-03 10:35:00,0.0
2024-11-03,departure,Zurich,Singapore,singapore,Departed,10:35,10:35,2024-11-03 10:35:00,2024-11-03 10:35:00,0.0
2024-11-03,departure,Zurich,Warsaw,swiss,Departed,07:00,07:00,2024-11-03 07:00:00,2024-11-03 07:00:00,0.0
2024-11-03,departure,Zurich,Manchester,swiss,Departed,07:00,07:05,2024-11-03 07:00:00,2024-11-03 07:05:00,5.0
2024-11-03,departure,Zurich,Dublin,swiss,Departed,07:00,07:00,2024-11-03 07:00:00,2024-11-03 07:00:00,0.0
2024-11-03,departure,Zurich,Frankfurt,swiss,Departed,07:00,07:00,2024-11-03 07:00:00,2024-11-03 07:00:00,0.0
2024-11-03,departure,Zurich,Sofia,swiss,Departed,07:05,07:05,2024-11-03 07:05:00,2024-11-03 07:05:00,0.0
2024-11-03,departure,Zurich,Cairo,swiss,Departed,07:05,07:05,2024-11-03 07:05:00,2024-11-03 07:05:00,0.0
2024-11-03,departure,Zurich,Copenhagen,swiss,Departed,07:05,07:05,2024-11-03 07:05:00,2024-11-03 07:05:00,0.0
2024-11-03,departure,Zurich,London LHR,swiss,Departed,07:05,07:20,2024-11-03 07:05:00,2024-11-03 07:20:00,15.0
2024-11-03,departure,Zurich,Florence,swiss,Departed,07:10,07:20,2024-11-03 07:10:00,2024-11-03 07:20:00,10.0
2024-11-03,departure,Zurich,Budapest,swiss,Departed,07:10,07:15,2024-11-03 07:10:00,2024-11-03 07:15:00,5.0
2024-11-03,departure,Zurich,Hamburg,swiss,Departed,07:10,07:25,2024-11-03 07:10:00,2024-11-03 07:25:00,15.0
2024-11-03,departure,Zurich,Munich,swiss,Departed,07:10,07:15,2024-11-03 07:10:00,2024-11-03 07:15:00,5.0
2024-11-03,departure,Zurich,Berlin,swiss,Departed,07:15,07:20,2024-11-03 07:15:00,2024-11-03 07:20:00,5.0
2024-11-03,departure,Zurich,Amsterdam,swiss,Departed,07:15,07:20,2024-11-03 07:15:00,2024-11-03 07:20:00,5.0
2024-11-03,departure,Zurich,Venice,swiss,Departed,07:15,07:20,2024-11-03 07:15:00,2024-11-03 07:20:00,5.0
2024-11-03,departure,Zurich,Barcelona,swiss,Departed,07:15,07:25,2024-11-03 07:15:00,2024-11-03 07:25:00,10.0
2024-11-03,departure,Zurich,Rome FCO,swiss,Departed,07:20,07:30,2024-11-03 07:20:00,2024-11-03 07:30:00,10.0
2024-11-03,departure,Zurich,Vienna,swiss,Departed,07:20,07:25,2024-11-03 07:20:00,2024-11-03 07:25:00,5.0
2024-11-03,departure,Zurich,Düsseldorf,swiss,Departed,07:20,07:20,2024-11-03 07:20:00,2024-11-03 07:20:00,0.0
2024-11-03,departure,Zurich,Prague,swiss,Departed,07:20,07:25,2024-11-03 07:20:00,2024-11-03 07:25:00,5.0
2024-11-03,departure,Zurich,Paris CDG,swiss,Departed,07:25,07:25,2024-11-03 07:25:00,2024-11-03 07:25:00,0.0
2024-11-03,departure,Zurich,Geneva,swiss,Departed,07:25,07:50,2024-11-03 07:25:00,2024-11-03 07:50:00,25.0
2024-11-03,departure,Zurich,Brussels,swiss,Departed,07:25,07:35,2024-11-03 07:25:00,2024-11-03 07:35:00,10.0
2024-11-03,departure,Zurich,Madrid,iberia,Departed,07:30,07:40,2024-11-03 07:30:00,2024-11-03 07:40:00,10.0
2024-11-03,departure,Zurich,Antalya,edelweiss,Departed,07:40,07:40,2024-11-03 07:40:00,2024-11-03 07:40:00,0.0
2024-11-03,departure,Zurich,Amsterdam,swiss,Departed,08:10,08:10,2024-11-03 08:10:00,2024-11-03 08:10:00,0.0
2024-11-03,departure,Zurich,Nice,swiss,Departed,08:30,08:30,2024-11-03 08:30:00,2024-11-03 08:30:00,0.0
2024-11-03,departure,Zurich,Berlin,swiss,Departed,08:30,08:30,2024-11-03 08:30:00,2024-11-03 08:30:00,0.0
2024-11-03,departure,Zurich,Antalya,sun,Departed,08:35,08:45,2024-11-03 08:35:00,2024-11-03 08:45:00,10.0
2024-11-03,departure,Zurich,Stuttgart,swiss,Departed,08:40,08:40,2024-11-03 08:40:00,2024-11-03 08:40:00,0.0
2024-11-03,departure,Zurich,Doha,qatar,Departed,08:45,08:45,2024-11-03 08:45:00,2024-11-03 08:45:00,0.0
2024-11-03,departure,Zurich,Milan MXP,swiss,Departed,08:45,08:45,2024-11-03 08:45:00,2024-11-03 08:45:00,0.0
2024-11-03,departure,Zurich,Bologna,swiss,Departed,08:50,08:50,2024-11-03 08:50:00,2024-11-03 08:50:00,0.0
2024-11-03,departure,Zurich,Geneva,swiss,Departed,08:55,09:00,2024-11-03 08:55:00,2024-11-03 09:00:00,5.0
2024-11-03,departure,Zurich,Luxembourg,swiss,Departed,08:55,08:55,2024-11-03 08:55:00,2024-11-03 08:55:00,0.0
2024-11-03,departure,Zurich,Heraklion,edelweiss,Departed,05:45,05:45,2024-11-03 05:45:00,2024-11-03 05:45:00,0.0
2024-11-03,departure,Zurich,Pristina,chair,Departed,05:45,05:55,2024-11-03 05:45:00,2024-11-03 05:55:00,10.0
2024-11-03,departure,Zurich,Gran Canaria,edelweiss,Departed,06:00,06:00,2024-11-03 06:00:00,2024-11-03 06:00:00,0.0
2024-11-03,departure,Zurich,Faro,edelweiss,Departed,06:00,06:00,2024-11-03 06:00:00,2024-11-03 06:00:00,0.0
2024-11-03,departure,Zurich,Lisbon,tap,Departed,06:10,06:10,2024-11-03 06:10:00,2024-11-03 06:10:00,0.0
2024-11-03,departure,Zurich,Djerba,edelweiss,Departed,06:20,06:20,2024-11-03 06:20:00,2024-11-03 06:20:00,0.0
2024-11-03,departure,Zurich,Palma De Mallorca,swiss,Departed,06:25,06:25,2024-11-03 06:25:00,2024-11-03 06:25:00,0.0
2024-11-03,departure,Zurich,Fuerteventura,edelweiss,Departed,06:25,06:25,2024-11-03 06:25:00,2024-11-03 06:25:00,0.0
2024-11-03,departure,Zurich,Marsa Alam,edelweiss,Departed,06:30,06:40,2024-11-03 06:30:00,2024-11-03 06:40:00,10.0
2024-11-03,departure,Zurich,Paris CDG,airfrance,Departed,06:30,06:30,2024-11-03 06:30:00,2024-11-03 06:30:00,0.0
2024-11-03,departure,Zurich,Madrid,swiss,Departed,06:35,06:35,2024-11-03 06:35:00,2024-11-03 06:35:00,0.0
2024-11-03,departure,Zurich,London LHR,british,Departed,06:40,06:45,2024-11-03 06:40:00,2024-11-03 06:45:00,5.0
2024-11-03,departure,Zurich,Hurghada,edelweiss,Departed,06:40,06:45,2024-11-03 06:40:00,2024-11-03 06:45:00,5.0
2024-11-03,departure,Zurich,Tenerife,edelweiss,Departed,06:45,06:45,2024-11-03 06:45:00,2024-11-03 06:45:00,0.0
2024-11-03,departure,Zurich,Istanbul IST,turkish,Departed,06:45,06:45,2024-11-03 06:45:00,2024-11-03 06:45:00,0.0
2024-11-03,departure,Zurich,Hurghada,chair,Departed,06:45,06:45,2024-11-03 06:45:00,2024-11-03 06:45:00,0.0
2024-11-03,departure,Zurich,Pristina,edelweiss,Departed,06:45,06:45,2024-11-03 06:45:00,2024-11-03 06:45:00,0.0
2024-11-03,departure,Zurich,Malta,swiss,Departed,06:50,06:50,2024-11-03 06:50:00,2024-11-03 06:50:00,0.0
2024-11-03,departure,Zurich,Tirana,swiss,Departed,06:55,06:55,2024-11-03 06:55:00,2024-11-03 06:55:00,0.0
2024-11-03,departure,Zurich,Amsterdam,klm,Departed,06:55,06:55,2024-11-03 06:55:00,2024-11-03 06:55:00,0.0
2024-11-03,departure,Zurich,Thessaloniki,swiss,Departed,06:55,06:55,2024-11-03 06:55:00,2024-11-03 06:55:00,0.0
2024-11-03,departure,Zurich,Belgrade,swiss,Departed,06:55,06:55,2024-11-03 06:55:00,2024-11-03 06:55:00,0.0
2024-11-05,arrival,Zurich,Berlin,swiss,Landed,21:05,20:58,2024-11-05 21:05:00,2024-11-05 20:58:00,-7.0
2024-11-05,arrival,Zurich,Geneva,swiss,Landed,21:05,21:00,2024-11-05 21:05:00,2024-11-05 21:00:00,-5.0
2024-11-05,arrival,Zurich,Paris CDG,swiss,Landed,21:10,20:58,2024-11-05 21:10:00,2024-11-05 20:58:00,-12.0
2024-11-05,arrival,Zurich,Düsseldorf,swiss,Landed,21:15,21:11,2024-11-05 21:15:00,2024-11-05 21:11:00,-4.0
2024-11-05,arrival,Zurich,Warsaw,swiss,Landed,21:15,21:03,2024-11-05 21:15:00,2024-11-05 21:03:00,-12.0
2024-11-05,arrival,Zurich,Brussels,swiss,Landed,21:20,21:10,2024-11-05 21:20:00,2024-11-05 21:10:00,-10.0
2024-11-05,arrival,Zurich,Nice,swiss,Landed,21:20,21:04,2024-11-05 21:20:00,2024-11-05 21:04:00,-16.0
2024-11-05,arrival,Zurich,Prague,swiss,Landed,21:20,21:06,2024-11-05 21:20:00,2024-11-05 21:06:00,-14.0
2024-11-05,arrival,Zurich,Palma De Mallorca,swiss,Landed,21:25,21:23,2024-11-05 21:25:00,2024-11-05 21:23:00,-2.0
2024-11-05,arrival,Zurich,Venice,swiss,Landed,21:25,21:17,2024-11-05 21:25:00,2024-11-05 21:17:00,-8.0
2024-11-05,arrival,Zurich,London LGW,swiss,Landed,21:25,21:21,2024-11-05 21:25:00,2024-11-05 21:21:00,-4.0
2024-11-05,arrival,Zurich,London LHR,swiss,Landed,21:30,21:19,2024-11-05 21:30:00,2024-11-05 21:19:00,-11.0
2024-11-05,arrival,Zurich,Hanover,swiss,Landed,21:30,21:15,2024-11-05 21:30:00,2024-11-05 21:15:00,-15.0
2024-11-05,arrival,Zurich,Amsterdam,swiss,Landed,21:30,21:15,2024-11-05 21:30:00,2024-11-05 21:15:00,-15.0
2024-11-05,arrival,Zurich,Krakow,swiss,Landed,21:35,21:29,2024-11-05 21:35:00,2024-11-05 21:29:00,-6.0
2024-11-05,arrival,Zurich,Hamburg,swiss,Landed,21:35,21:31,2024-11-05 21:35:00,2024-11-05 21:31:00,-4.0
2024-11-05,arrival,Zurich,Rome FCO,swiss,Landed,21:35,21:26,2024-11-05 21:35:00,2024-11-05 21:26:00,-9.0
2024-11-05,arrival,Zurich,Budapest,swiss,Landed,21:40,21:35,2024-11-05 21:40:00,2024-11-05 21:35:00,-5.0
2024-11-05,arrival,Zurich,Vienna,swiss,Landed,21:40,21:43,2024-11-05 21:40:00,2024-11-05 21:43:00,3.0
2024-11-05,arrival,Zurich,Manchester,swiss,Landed,21:45,21:50,2024-11-05 21:45:00,2024-11-05 21:50:00,5.0
2024-11-05,arrival,Zurich,Copenhagen,swiss,Landed,21:45,21:26,2024-11-05 21:45:00,2024-11-05 21:26:00,-19.0
2024-11-05,arrival,Zurich,Munich,swiss,Landed,21:45,21:38,2024-11-05 21:45:00,2024-11-05 21:38:00,-7.0
2024-11-05,arrival,Zurich,Dublin,swiss,Landed,21:50,21:48,2024-11-05 21:50:00,2024-11-05 21:48:00,-2.0
2024-11-05,arrival,Zurich,Frankfurt,swiss,Landed,21:50,21:43,2024-11-05 21:50:00,2024-11-05 21:43:00,-7.0
2024-11-05,arrival,Zurich,Barcelona,swiss,Landed,21:50,22:05,2024-11-05 21:50:00,2024-11-05 22:05:00,15.0
2024-11-05,arrival,Zurich,Madrid,swiss,Landed,21:55,21:49,2024-11-05 21:55:00,2024-11-05 21:49:00,-6.0
2024-11-05,arrival,Zurich,London LCY,swiss,Landed,21:55,21:42,2024-11-05 21:55:00,2024-11-05 21:42:00,-13.0
2024-11-05,arrival,Zurich,Valencia,swiss,Landed,22:00,21:45,2024-11-05 22:00:00,2024-11-05 21:45:00,-15.0
2024-11-05,arrival,Zurich,Alicante,swiss,Landed,22:00,22:04,2024-11-05 22:00:00,2024-11-05 22:04:00,4.0
2024-11-05,arrival,Zurich,Belgrade,swiss,Landed,22:00,21:57,2024-11-05 22:00:00,2024-11-05 21:57:00,-3.0
2024-11-05,arrival,Zurich,London LHR,british,Landed,22:00,21:36,2024-11-05 22:00:00,2024-11-05 21:36:00,-24.0
2024-11-05,arrival,Zurich,Larnaca,edelweiss,Landed,22:05,22:02,2024-11-05 22:05:00,2024-11-05 22:02:00,-3.0
2024-11-05,arrival,Zurich,Palermo,swiss,Landed,22:10,21:56,2024-11-05 22:10:00,2024-11-05 21:56:00,-14.0
2024-11-05,arrival,Zurich,Berlin,swiss,Landed,22:10,21:59,2024-11-05 22:10:00,2024-11-05 21:59:00,-11.0
2024-11-05,arrival,Zurich,Madrid,iberia,Landed,22:20,22:00,2024-11-05 22:20:00,2024-11-05 22:00:00,-20.0
2024-11-05,arrival,Zurich,Pristina,chair,Landed,22:20,22:10,2024-11-05 22:20:00,2024-11-05 22:10:00,-10.0
2024-11-05,arrival,Zurich,Istanbul IST,turkish,Landed,22:20,21:53,2024-11-05 22:20:00,2024-11-05 21:53:00,-27.0
2024-11-05,arrival,Zurich,Paris CDG,airfrance,Landed,22:30,22:14,2024-11-05 22:30:00,2024-11-05 22:14:00,-16.0
2024-11-05,arrival,Zurich,Amsterdam,klm,Landed,22:30,22:40,2024-11-05 22:30:00,2024-11-05 22:40:00,10.0
2024-11-05,arrival,Zurich,Lisbon,tap,Landed,22:35,22:40,2024-11-05 22:35:00,2024-11-05 22:40:00,5.0
2024-11-05,arrival,Zurich,London LHR,swiss,Landed,22:45,22:30,2024-11-05 22:45:00,2024-11-05 22:30:00,-15.0
2024-11-05,arrival,Zurich,Pristina,edelweiss,Landed,22:55,22:34,2024-11-05 22:55:00,2024-11-05 22:34:00,-21.0
2024-11-05,arrival,Zurich,Shanghai,swiss,Landed,19:00,19:10,2024-11-05 19:00:00,2024-11-05 19:10:00,10.0
2024-11-05,arrival,Zurich,Madeira,edelweiss,Landed,19:00,19:00,2024-11-05 19:00:00,2024-11-05 19:00:00,0.0
2024-11-05,arrival,Zurich,Delhi,air_india_logo,Landed,19:00,18:47,2024-11-05 19:00:00,2024-11-05 18:47:00,-13.0
2024-11-05,arrival,Zurich,Warsaw,lot,Landed,19:05,19:12,2024-11-05 19:05:00,2024-11-05 19:12:00,7.0
2024-11-05,arrival,Zurich,Fuerteventura,edelweiss,Landed,19:10,18:58,2024-11-05 19:10:00,2024-11-05 18:58:00,-12.0
2024-11-05,arrival,Zurich,Lanzarote,edelweiss,Landed,19:10,19:04,2024-11-05 19:10:00,2024-11-05 19:04:00,-6.0
2024-11-05,arrival,Zurich,Frankfurt,lufthansa_neu,Landed,19:10,19:07,2024-11-05 19:10:00,2024-11-05 19:07:00,-3.0
2024-11-05,arrival,Zurich,Gran Canaria,edelweiss,Landed,19:15,19:19,2024-11-05 19:15:00,2024-11-05 19:19:00,4.0
2024-11-05,arrival,Zurich,Tenerife,edelweiss,Landed,19:15,19:21,2024-11-05 19:15:00,2024-11-05 19:21:00,6.0
2024-11-05,arrival,Zurich,Zagreb,croatia_v2,Landed,19:15,19:21,2024-11-05 19:15:00,2024-11-05 19:21:00,6.0
2024-11-05,arrival,Zurich,Lisbon,swiss,Landed,19:15,19:32,2024-11-05 19:15:00,2024-11-05 19:32:00,17.0
2024-11-05,arrival,Zurich,Pristina,gp-aviation,Landed,19:20,19:27,2024-11-05 19:20:00,2024-11-05 19:27:00,7.0
2024-11-05,arrival,Zurich,Bangkok,swiss,Landed,19:25,19:45,2024-11-05 19:25:00,2024-11-05 19:45:00,20.0
2024-11-05,arrival,Zurich,Berlin,euro,Landed,19:30,19:48,2024-11-05 19:30:00,2024-11-05 19:48:00,18.0
2024-11-05,arrival,Zurich,Hamburg,euro,Landed,19:30,19:28,2024-11-05 19:30:00,2024-11-05 19:28:00,-2.0
2024-11-05,arrival,Zurich,Cologne Bonn,euro,Landed,19:30,19:22,2024-11-05 19:30:00,2024-11-05 19:22:00,-8.0
2024-11-05,arrival,Zurich,Athens,swiss,Landed,19:35,19:37,2024-11-05 19:35:00,2024-11-05 19:37:00,2.0
2024-11-05,arrival,Zurich,London LGW,easyjet,Landed,19:35,19:15,2024-11-05 19:35:00,2024-11-05 19:15:00,-20.0
2024-11-05,arrival,Zurich,Munich,lufthansa_neu,Landed,19:35,19:56,2024-11-05 19:35:00,2024-11-05 19:56:00,21.0
2024-11-05,arrival,Zurich,Copenhagen,sas,Landed,19:45,19:44,2024-11-05 19:45:00,2024-11-05 19:44:00,-1.0
2024-11-05,arrival,Zurich,Düsseldorf,swiss,Landed,19:45,19:34,2024-11-05 19:45:00,2024-11-05 19:34:00,-11.0
2024-11-05,arrival,Zurich,Dubai,emirates-neu,Landed,19:50,19:34,2024-11-05 19:50:00,2024-11-05 19:34:00,-16.0
2024-11-05,arrival,Zurich,Vienna,austrian,Landed,19:50,19:47,2024-11-05 19:50:00,2024-11-05 19:47:00,-3.0
2024-11-05,arrival,Zurich,Brussels,swiss,Landed,19:50,20:17,2024-11-05 19:50:00,2024-11-05 20:17:00,27.0
2024-11-05,arrival,Zurich,Luxembourg,swiss,Landed,19:55,20:09,2024-11-05 19:55:00,2024-11-05 20:09:00,14.0
2024-11-05,arrival,Zurich,Geneva,swiss,Landed,19:55,19:52,2024-11-05 19:55:00,2024-11-05 19:52:00,-3.0
2024-11-05,arrival,Zurich,Belgrade,serbia,Landed,19:55,19:49,2024-11-05 19:55:00,2024-11-05 19:49:00,-6.0
2024-11-05,arrival,Zurich,Hurghada,edelweiss,Landed,19:55,19:39,2024-11-05 19:55:00,2024-11-05 19:39:00,-16.0
2024-11-05,arrival,Zurich,London LHR,swiss,Landed,20:00,19:39,2024-11-05 20:00:00,2024-11-05 19:39:00,-21.0
2024-11-05,arrival,Zurich,Milan MXP,swiss,Landed,20:00,20:50,2024-11-05 20:00:00,2024-11-05 20:50:00,50.0
2024-11-05,arrival,Zurich,Stuttgart,swiss,Landed,20:05,19:55,2024-11-05 20:05:00,2024-11-05 19:55:00,-10.0
2024-11-05,arrival,Zurich,Berlin,swiss,Landed,20:05,20:01,2024-11-05 20:05:00,2024-11-05 20:01:00,-4.0
2024-11-05,arrival,Zurich,Marsa Alam,edelweiss,Landed,20:05,19:53,2024-11-05 20:05:00,2024-11-05 19:53:00,-12.0
2024-11-05,arrival,Zurich,Hamburg,swiss,Landed,20:10,20:06,2024-11-05 20:10:00,2024-11-05 20:06:00,-4.0
2024-11-05,arrival,Zurich,Düsseldorf,euro,Landed,20:10,20:02,2024-11-05 20:10:00,2024-11-05 20:02:00,-8.0
2024-11-05,arrival,Zurich,Barcelona,vueling,Landed,20:10,19:52,2024-11-05 20:10:00,2024-11-05 19:52:00,-18.0
2024-11-05,arrival,Zurich,Florence,swiss,Landed,20:10,20:00,2024-11-05 20:10:00,2024-11-05 20:00:00,-10.0
2024-11-05,arrival,Zurich,Palma De Mallorca,swiss,Landed,20:15,20:09,2024-11-05 20:15:00,2024-11-05 20:09:00,-6.0
2024-11-05,arrival,Zurich,London LCY,swiss,Landed,20:20,20:12,2024-11-05 20:20:00,2024-11-05 20:12:00,-8.0
2024-11-05,arrival,Zurich,Berlin,easyjet,Landed,20:25,20:12,2024-11-05 20:25:00,2024-11-05 20:12:00,-13.0
2024-11-05,arrival,Zurich,Sal,edelweiss,Landed,20:55,20:56,2024-11-05 20:55:00,2024-11-05 20:56:00,1.0
2024-11-05,arrival,Zurich,Antalya,edelweiss,Landed,17:00,17:09,2024-11-05 17:00:00,2024-11-05 17:09:00,9.0
2024-11-05,arrival,Zurich,Istanbul IST,turkish,Landed,17:10,17:04,2024-11-05 17:10:00,2024-11-05 17:04:00,-6.0
2024-11-05,arrival,Zurich,Lisbon,tap,Landed,17:10,17:37,2024-11-05 17:10:00,2024-11-05 17:37:00,27.0
2024-11-05,arrival,Zurich,Madrid,europa,Landed,17:15,17:12,2024-11-05 17:15:00,2024-11-05 17:12:00,-3.0
2024-11-05,arrival,Zurich,Berlin,swiss,Landed,17:15,16:57,2024-11-05 17:15:00,2024-11-05 16:57:00,-18.0
2024-11-05,arrival,Zurich,Frankfurt,lufthansa_neu,Landed,17:15,17:33,2024-11-05 17:15:00,2024-11-05 17:33:00,18.0
2024-11-05,arrival,Zurich,Stockholm ARN,swiss,Landed,17:55,17:39,2024-11-05 17:55:00,2024-11-05 17:39:00,-16.0
2024-11-05,arrival,Zurich,Paris CDG,airfrance,Landed,17:55,18:02,2024-11-05 17:55:00,2024-11-05 18:02:00,7.0
2024-11-05,arrival,Zurich,Hurghada,cairo,Landed,18:05,17:48,2024-11-05 18:05:00,2024-11-05 17:48:00,-17.0
2024-11-05,arrival,Zurich,Bucharest,swiss,Landed,18:20,19:03,2024-11-05 18:20:00,2024-11-05 19:03:00,43.0
2024-11-05,arrival,Zurich,Helsinki,finnair,Landed,18:20,18:23,2024-11-05 18:20:00,2024-11-05 18:23:00,3.0
2024-11-05,arrival,Zurich,Amsterdam,klm,Landed,18:25,18:14,2024-11-05 18:25:00,2024-11-05 18:14:00,-11.0
2024-11-05,arrival,Zurich,Tokyo,swiss,Landed,18:30,18:30,2024-11-05 18:30:00,2024-11-05 18:30:00,0.0
2024-11-05,arrival,Zurich,London LCY,british,Landed,18:35,18:36,2024-11-05 18:35:00,2024-11-05 18:36:00,1.0
2024-11-05,arrival,Zurich,Vienna,austrian,Landed,18:40,18:21,2024-11-05 18:40:00,2024-11-05 18:21:00,-19.0
2024-11-05,arrival,Zurich,Malaga,swiss,Landed,18:40,18:26,2024-11-05 18:40:00,2024-11-05 18:26:00,-14.0
2024-11-05,arrival,Zurich,Madrid,iberia,Landed,18:55,18:43,2024-11-05 18:55:00,2024-11-05 18:43:00,-12.0
2024-11-05,arrival,Zurich,Cairo,swiss,Landed,18:55,18:46,2024-11-05 18:55:00,2024-11-05 18:46:00,-9.0
2024-11-05,arrival,Zurich,Valencia,swiss,Landed,15:00,14:56,2024-11-05 15:00:00,2024-11-05 14:56:00,-4.0
2024-11-05,arrival,Zurich,Porto,tap,Landed,15:05,14:53,2024-11-05 15:05:00,2024-11-05 14:53:00,-12.0
2024-11-05,arrival,Zurich,Düsseldorf,euro,Landed,15:10,15:03,2024-11-05 15:10:00,2024-11-05 15:03:00,-7.0
2024-11-05,arrival,Zurich,Los Angeles,swiss,Landed,15:15,15:14,2024-11-05 15:15:00,2024-11-05 15:14:00,-1.0
2024-11-05,arrival,Zurich,Porto,swiss,Landed,15:30,15:34,2024-11-05 15:30:00,2024-11-05 15:34:00,4.0
2024-11-05,arrival,Zurich,Oslo,swiss,Landed,15:30,15:21,2024-11-05 15:30:00,2024-11-05 15:21:00,-9.0
2024-11-05,arrival,Zurich,San Francisco,swiss,Landed,15:30,15:19,2024-11-05 15:30:00,2024-11-05 15:19:00,-11.0
2024-11-05,arrival,Zurich,Thessaloniki,swiss,Landed,15:35,15:30,2024-11-05 15:35:00,2024-11-05 15:30:00,-5.0
2024-11-05,arrival,Zurich,Hanover,swiss,Landed,15:35,15:25,2024-11-05 15:35:00,2024-11-05 15:25:00,-10.0
2024-11-05,arrival,Zurich,Milan MXP,swiss,Landed,15:35,15:39,2024-11-05 15:35:00,2024-11-05 15:39:00,4.0
2024-11-05,arrival,Zurich,Malaga,swiss,Landed,15:40,15:28,2024-11-05 15:40:00,2024-11-05 15:28:00,-12.0
2024-11-05,arrival,Zurich,Stockholm ARN,swiss,Landed,15:40,15:44,2024-11-05 15:40:00,2024-11-05 15:44:00,4.0
2024-11-05,arrival,Zurich,London LHR,british,Landed,15:40,15:30,2024-11-05 15:40:00,2024-11-05 15:30:00,-10.0
2024-11-05,arrival,Zurich,Frankfurt,swiss,Landed,15:40,15:37,2024-11-05 15:40:00,2024-11-05 15:37:00,-3.0
2024-11-05,arrival,Zurich,Athens,swiss,Landed,15:45,15:32,2024-11-05 15:45:00,2024-11-05 15:32:00,-13.0
2024-11-05,arrival,Zurich,Geneva,swiss,Landed,15:45,15:44,2024-11-05 15:45:00,2024-11-05 15:44:00,-1.0
2024-11-05,arrival,Zurich,Luxembourg,swiss,Landed,15:45,15:44,2024-11-05 15:45:00,2024-11-05 15:44:00,-1.0
2024-11-05,arrival,Zurich,Florence,swiss,Landed,15:55,15:41,2024-11-05 15:55:00,2024-11-05 15:41:00,-14.0
2024-11-05,arrival,Zurich,Düsseldorf,swiss,Landed,16:00,15:54,2024-11-05 16:00:00,2024-11-05 15:54:00,-6.0
2024-11-05,arrival,Zurich,Nice,swiss,Landed,16:05,15:57,2024-11-05 16:05:00,2024-11-05 15:57:00,-8.0
2024-11-05,arrival,Zurich,Dublin,swiss,Landed,16:05,15:57,2024-11-05 16:05:00,2024-11-05 15:57:00,-8.0
2024-11-05,arrival,Zurich,London LCY,swiss,Landed,16:05,15:48,2024-11-05 16:05:00,2024-11-05 15:48:00,-17.0
2024-11-05,arrival,Zurich,Bologna,swiss,Landed,16:10,16:24,2024-11-05 16:10:00,2024-11-05 16:24:00,14.0
2024-11-05,arrival,Zurich,Ljubljana,swiss,Landed,16:10,16:00,2024-11-05 16:10:00,2024-11-05 16:00:00,-10.0
2024-11-05,arrival,Zurich,Prague,swiss,Landed,16:10,16:00,2024-11-05 16:10:00,2024-11-05 16:00:00,-10.0
2024-11-05,arrival,Zurich,Munich,lufthansa_neu,Landed,16:10,16:24,2024-11-05 16:10:00,2024-11-05 16:24:00,14.0
2024-11-05,arrival,Zurich,Hamburg,swiss,Landed,16:15,16:12,2024-11-05 16:15:00,2024-11-05 16:12:00,-3.0
2024-11-05,arrival,Zurich,Paris CDG,swiss,Landed,16:15,16:07,2024-11-05 16:15:00,2024-11-05 16:07:00,-8.0
2024-11-05,arrival,Zurich,Malé,edelweiss,Landed,16:15,16:13,2024-11-05 16:15:00,2024-11-05 16:13:00,-2.0
2024-11-05,arrival,Zurich,Vienna,swiss,Landed,16:20,16:19,2024-11-05 16:20:00,2024-11-05 16:19:00,-1.0
2024-11-05,arrival,Zurich,Lisbon,swiss,Landed,16:20,16:39,2024-11-05 16:20:00,2024-11-05 16:39:00,19.0
2024-11-05,arrival,Zurich,Berlin,swiss,Landed,16:20,16:40,2024-11-05 16:20:00,2024-11-05 16:40:00,20.0
2024-11-05,arrival,Zurich,Venice,swiss,Landed,16:25,16:15,2024-11-05 16:25:00,2024-11-05 16:15:00,-10.0
2024-11-05,arrival,Zurich,Rome FCO,swiss,Landed,16:25,16:37,2024-11-05 16:25:00,2024-11-05 16:37:00,12.0
2024-11-05,arrival,Zurich,Bordeaux,swiss,Landed,16:25,16:18,2024-11-05 16:25:00,2024-11-05 16:18:00,-7.0
2024-11-05,arrival,Zurich,Brussels,swiss,Landed,16:25,16:35,2024-11-05 16:25:00,2024-11-05 16:35:00,10.0
2024-11-05,arrival,Zurich,Sarajevo,swiss,Landed,16:30,16:22,2024-11-05 16:30:00,2024-11-05 16:22:00,-8.0
2024-11-05,arrival,Zurich,Belgrade,swiss,Landed,16:30,16:42,2024-11-05 16:30:00,2024-11-05 16:42:00,12.0
2024-11-05,arrival,Zurich,Warsaw,swiss,Landed,16:35,16:28,2024-11-05 16:35:00,2024-11-05 16:28:00,-7.0
2024-11-05,arrival,Zurich,Tirana,swiss,Landed,16:35,16:28,2024-11-05 16:35:00,2024-11-05 16:28:00,-7.0
2024-11-05,arrival,Zurich,Budapest,swiss,Landed,16:35,16:47,2024-11-05 16:35:00,2024-11-05 16:47:00,12.0
2024-11-05,arrival,Zurich,Kosvia Rhodes,edelweiss,Landed,16:40,16:34,2024-11-05 16:40:00,2024-11-05 16:34:00,-6.0
2024-11-05,arrival,Zurich,Copenhagen,swiss,Landed,16:40,16:29,2024-11-05 16:40:00,2024-11-05 16:29:00,-11.0
2024-11-05,arrival,Zurich,Barcelona,swiss,Landed,16:40,16:54,2024-11-05 16:40:00,2024-11-05 16:54:00,14.0
2024-11-05,arrival,Zurich,Amsterdam,klm,Landed,16:45,16:51,2024-11-05 16:45:00,2024-11-05 16:51:00,6.0
2024-11-05,arrival,Zurich,London LHR,swiss,Landed,16:45,16:40,2024-11-05 16:45:00,2024-11-05 16:40:00,-5.0
2024-11-05,arrival,Zurich,Amsterdam,swiss,Landed,16:50,16:45,2024-11-05 16:50:00,2024-11-05 16:45:00,-5.0
2024-11-05,arrival,Zurich,Malta,km_malta_airlines,Landed,16:50,16:48,2024-11-05 16:50:00,2024-11-05 16:48:00,-2.0
2024-11-05,arrival,Zurich,Naples NAP,swiss,Landed,16:55,16:43,2024-11-05 16:55:00,2024-11-05 16:43:00,-12.0
2024-11-05,arrival,Zurich,Istanbul SAW,ajet_logo,Landed,13:10,12:59,2024-11-05 13:10:00,2024-11-05 12:59:00,-11.0
2024-11-05,arrival,Zurich,Izmir,sun,Landed,13:10,13:41,2024-11-05 13:10:00,2024-11-05 13:41:00,31.0
2024-11-05,arrival,Zurich,Amsterdam,klm,Landed,13:35,13:39,2024-11-05 13:35:00,2024-11-05 13:39:00,4.0
2024-11-05,arrival,Zurich,Doha,qatar,Landed,13:40,13:04,2024-11-05 13:40:00,2024-11-05 13:04:00,-36.0
2024-11-05,arrival,Zurich,Istanbul IST,turkish,Landed,13:55,14:01,2024-11-05 13:55:00,2024-11-05 14:01:00,6.0
2024-11-05,arrival,Zurich,Vilnius,swiss,Landed,14:00,13:49,2024-11-05 14:00:00,2024-11-05 13:49:00,-11.0
2024-11-05,arrival,Zurich,Frankfurt,lufthansa_neu,Landed,14:05,14:15,2024-11-05 14:05:00,2024-11-05 14:15:00,10.0
2024-11-05,arrival,Zurich,London LCY,british,Landed,14:10,14:06,2024-11-05 14:10:00,2024-11-05 14:06:00,-4.0
2024-11-05,arrival,Zurich,London LHR,british,Landed,14:10,14:17,2024-11-05 14:10:00,2024-11-05 14:17:00,7.0
2024-11-05,arrival,Zurich,Madrid,iberia,Landed,14:10,14:08,2024-11-05 14:10:00,2024-11-05 14:08:00,-2.0
2024-11-05,arrival,Zurich,Istanbul SAW,pegasus,Landed,14:15,14:28,2024-11-05 14:15:00,2024-11-05 14:28:00,13.0
2024-11-05,arrival,Zurich,Vienna,austrian,Landed,14:20,14:19,2024-11-05 14:20:00,2024-11-05 14:19:00,-1.0
2024-11-05,arrival,Zurich,Zagreb,helvetic-airways,Landed,14:25,14:22,2024-11-05 14:25:00,2024-11-05 14:22:00,-3.0
2024-11-05,arrival,Zurich,London LHR,swiss,Landed,14:45,14:55,2024-11-05 14:45:00,2024-11-05 14:55:00,10.0
2024-11-05,arrival,Zurich,Hamburg,euro,Landed,14:55,14:48,2024-11-05 14:55:00,2024-11-05 14:48:00,-7.0
2024-11-05,arrival,Zurich,Hamburg,swiss,Landed,11:00,11:05,2024-11-05 11:00:00,2024-11-05 11:05:00,5.0
2024-11-05,arrival,Zurich,Düsseldorf,swiss,Landed,11:00,10:55,2024-11-05 11:00:00,2024-11-05 10:55:00,-5.0
2024-11-05,arrival,Zurich,Geneva,swiss,Landed,11:00,10:55,2024-11-05 11:00:00,2024-11-05 10:55:00,-5.0
2024-11-05,arrival,Zurich,Brussels,swiss,Landed,11:05,11:04,2024-11-05 11:05:00,2024-11-05 11:04:00,-1.0
2024-11-05,arrival,Zurich,Luxembourg,swiss,Landed,11:05,11:08,2024-11-05 11:05:00,2024-11-05 11:08:00,3.0
2024-11-05,arrival,Zurich,Amsterdam,klm,Landed,11:05,10:59,2024-11-05 11:05:00,2024-11-05 10:59:00,-6.0
2024-11-05,arrival,Zurich,Berlin,swiss,Landed,11:05,10:52,2024-11-05 11:05:00,2024-11-05 10:52:00,-13.0
2024-11-05,arrival,Zurich,Vienna,swiss,Landed,11:10,11:01,2024-11-05 11:10:00,2024-11-05 11:01:00,-9.0
2024-11-05,arrival,Zurich,Madrid,iberia,Landed,11:10,11:17,2024-11-05 11:10:00,2024-11-05 11:17:00,7.0
2024-11-05,arrival,Zurich,Boston,swiss,Landed,11:10,11:25,2024-11-05 11:10:00,2024-11-05 11:25:00,15.0
2024-11-05,arrival,Zurich,Prague,swiss,Landed,11:10,10:53,2024-11-05 11:10:00,2024-11-05 10:53:00,-17.0
2024-11-05,arrival,Zurich,Budapest,swiss,Landed,11:15,11:22,2024-11-05 11:15:00,2024-11-05 11:22:00,7.0
2024-11-05,arrival,Zurich,Dresden,swiss,Landed,11:15,11:10,2024-11-05 11:15:00,2024-11-05 11:10:00,-5.0
2024-11-05,arrival,Zurich,Amsterdam,swiss,Landed,11:15,11:12,2024-11-05 11:15:00,2024-11-05 11:12:00,-3.0
2024-11-05,arrival,Zurich,Paris CDG,swiss,Landed,11:20,11:39,2024-11-05 11:20:00,2024-11-05 11:39:00,19.0
2024-11-05,arrival,Zurich,Rome FCO,swiss,Landed,11:20,11:47,2024-11-05 11:20:00,2024-11-05 11:47:00,27.0
2024-11-05,arrival,Zurich,Nice,swiss,Landed,11:20,11:11,2024-11-05 11:20:00,2024-11-05 11:11:00,-9.0
2024-11-05,arrival,Zurich,Bologna,swiss,Landed,11:25,11:10,2024-11-05 11:25:00,2024-11-05 11:10:00,-15.0
2024-11-05,arrival,Zurich,Stuttgart,swiss,Landed,11:25,11:14,2024-11-05 11:25:00,2024-11-05 11:14:00,-11.0
2024-11-05,arrival,Zurich,Pristina,chair,Landed,11:30,11:25,2024-11-05 11:30:00,2024-11-05 11:25:00,-5.0
2024-11-05,arrival,Zurich,Birmingham,swiss,Landed,11:35,11:18,2024-11-05 11:35:00,2024-11-05 11:18:00,-17.0
2024-11-05,arrival,Zurich,Geneva,swiss,Landed,11:35,11:36,2024-11-05 11:35:00,2024-11-05 11:36:00,1.0
2024-11-05,arrival,Zurich,London LHR,british,Landed,11:40,11:31,2024-11-05 11:40:00,2024-11-05 11:31:00,-9.0
2024-11-05,arrival,Zurich,Barcelona,swiss,Landed,11:40,12:28,2024-11-05 11:40:00,2024-11-05 12:28:00,48.0
2024-11-05,arrival,Zurich,Copenhagen,swiss,Landed,11:40,11:30,2024-11-05 11:40:00,2024-11-05 11:30:00,-10.0
2024-11-05,arrival,Zurich,Newark,swiss,Landed,11:40,11:33,2024-11-05 11:40:00,2024-11-05 11:33:00,-7.0
2024-11-05,arrival,Zurich,Milan MXP,swiss,Landed,11:45,11:28,2024-11-05 11:45:00,2024-11-05 11:28:00,-17.0
2024-11-05,arrival,Zurich,London LCY,swiss,Landed,11:50,11:43,2024-11-05 11:50:00,2024-11-05 11:43:00,-7.0
2024-11-05,arrival,Zurich,London LHR,swiss,Landed,11:50,11:37,2024-11-05 11:50:00,2024-11-05 11:37:00,-13.0
2024-11-05,arrival,Zurich,Warsaw,swiss,Landed,11:50,11:45,2024-11-05 11:50:00,2024-11-05 11:45:00,-5.0
2024-11-05,arrival,Zurich,Pristina,edelweiss,Landed,11:50,11:39,2024-11-05 11:50:00,2024-11-05 11:39:00,-11.0
2024-11-05,arrival,Zurich,San Josevia Liberia,edelweiss,Landed,11:55,11:48,2024-11-05 11:55:00,2024-11-05 11:48:00,-7.0
2024-11-05,arrival,Zurich,Manchester,swiss,Landed,11:55,11:58,2024-11-05 11:55:00,2024-11-05 11:58:00,3.0
2024-11-05,arrival,Zurich,Amsterdam,swiss,Landed,12:05,11:55,2024-11-05 12:05:00,2024-11-05 11:55:00,-10.0
2024-11-05,arrival,Zurich,Geneva,swiss,Landed,12:05,11:50,2024-11-05 12:05:00,2024-11-05 11:50:00,-15.0
2024-11-05,arrival,Zurich,Oslo,sas,Landed,12:10,12:07,2024-11-05 12:10:00,2024-11-05 12:07:00,-3.0
2024-11-05,arrival,Zurich,Gothenburg,swiss,Landed,12:10,11:55,2024-11-05 12:10:00,2024-11-05 11:55:00,-15.0
2024-11-05,arrival,Zurich,Berlin,swiss,Landed,12:15,12:19,2024-11-05 12:15:00,2024-11-05 12:19:00,4.0
2024-11-05,arrival,Zurich,Malta,swiss,Landed,12:15,12:30,2024-11-05 12:15:00,2024-11-05 12:30:00,15.0
2024-11-05,arrival,Zurich,Madrid,swiss,Landed,12:20,12:24,2024-11-05 12:20:00,2024-11-05 12:24:00,4.0
2024-11-05,arrival,Zurich,Hamburg,swiss,Landed,12:20,11:59,2024-11-05 12:20:00,2024-11-05 11:59:00,-21.0
2024-11-05,arrival,Zurich,Dubai,emirates-neu,Landed,12:25,12:13,2024-11-05 12:25:00,2024-11-05 12:13:00,-12.0
2024-11-05,arrival,Zurich,Lisbon,tap,Landed,12:40,12:35,2024-11-05 12:40:00,2024-11-05 12:35:00,-5.0
2024-11-05,arrival,Zurich,Antalya,sun,Landed,12:50,12:57,2024-11-05 12:50:00,2024-11-05 12:57:00,7.0
2024-11-05,arrival,Zurich,Munich,lufthansa_neu,Landed,12:55,12:55,2024-11-05 12:55:00,2024-11-05 12:55:00,0.0
2024-11-05,arrival,Zurich,Hamburg,euro,Landed,09:05,09:17,2024-11-05 09:05:00,2024-11-05 09:17:00,12.0
2024-11-05,arrival,Zurich,London LHR,british,Landed,09:25,09:29,2024-11-05 09:25:00,2024-11-05 09:29:00,4.0
2024-11-05,arrival,Zurich,London LCY,british,Landed,09:30,09:24,2024-11-05 09:30:00,2024-11-05 09:24:00,-6.0
2024-11-05,arrival,Zurich,Warsaw,lot,Landed,09:35,09:32,2024-11-05 09:35:00,2024-11-05 09:32:00,-3.0
2024-11-05,arrival,Zurich,Copenhagen,sas,Landed,09:45,09:47,2024-11-05 09:45:00,2024-11-05 09:47:00,2.0
2024-11-05,arrival,Zurich,Madrid,europa,Landed,09:45,09:42,2024-11-05 09:45:00,2024-11-05 09:42:00,-3.0
2024-11-05,arrival,Zurich,Paris CDG,airfrance,Landed,09:50,09:50,2024-11-05 09:50:00,2024-11-05 09:50:00,0.0
2024-11-05,arrival,Zurich,Vienna,austrian,Landed,09:50,09:40,2024-11-05 09:50:00,2024-11-05 09:40:00,-10.0
2024-11-05,arrival,Zurich,Helsinki,finnair,Landed,09:50,09:57,2024-11-05 09:50:00,2024-11-05 09:57:00,7.0
2024-11-05,arrival,Zurich,Porto,easyjet,Landed,09:50,09:40,2024-11-05 09:50:00,2024-11-05 09:40:00,-10.0
2024-11-05,arrival,Zurich,Malévia Dubai,beond_logo,Landed,09:55,09:24,2024-11-05 09:55:00,2024-11-05 09:24:00,-31.0
2024-11-05,arrival,Zurich,Frankfurt,swiss,Landed,10:05,10:11,2024-11-05 10:05:00,2024-11-05 10:11:00,6.0
2024-11-05,arrival,Zurich,Zagreb,croatia_v2,Landed,10:05,10:49,2024-11-05 10:05:00,2024-11-05 10:49:00,44.0
2024-11-05,arrival,Zurich,Istanbul IST,turkish,Landed,10:10,09:59,2024-11-05 10:10:00,2024-11-05 09:59:00,-11.0
2024-11-05,arrival,Zurich,Munich,swiss,Landed,10:10,10:20,2024-11-05 10:10:00,2024-11-05 10:20:00,10.0
2024-11-05,arrival,Zurich,Punta Cana,edelweiss,Landed,10:15,10:40,2024-11-05 10:15:00,2024-11-05 10:40:00,25.0
2024-11-05,arrival,Zurich,Athens,aegan,Landed,10:20,10:18,2024-11-05 10:20:00,2024-11-05 10:18:00,-2.0
2024-11-05,arrival,Zurich,New York,delta,Landed,10:30,10:48,2024-11-05 10:30:00,2024-11-05 10:48:00,18.0
2024-11-05,arrival,Zurich,Frankfurt,lufthansa_neu,Landed,10:30,10:47,2024-11-05 10:30:00,2024-11-05 10:47:00,17.0
2024-11-05,arrival,Zurich,Sao Paulo,swiss,Landed,10:35,10:30,2024-11-05 10:35:00,2024-11-05 10:30:00,-5.0
2024-11-05,arrival,Zurich,Istanbul SAW,pegasus,Landed,10:35,10:33,2024-11-05 10:35:00,2024-11-05 10:33:00,-2.0
2024-11-05,arrival,Zurich,New York,swiss,Landed,10:40,10:35,2024-11-05 10:40:00,2024-11-05 10:35:00,-5.0
2024-11-05,arrival,Zurich,London LCY,swiss,Landed,10:45,10:38,2024-11-05 10:45:00,2024-11-05 10:38:00,-7.0
2024-11-05,arrival,Zurich,Chicago,swiss,Landed,10:45,11:02,2024-11-05 10:45:00,2024-11-05 11:02:00,17.0
2024-11-05,arrival,Zurich,Miami,swiss,Landed,10:50,11:18,2024-11-05 10:50:00,2024-11-05 11:18:00,28.0
2024-11-05,arrival,Zurich,Florence,swiss,Landed,10:55,10:42,2024-11-05 10:55:00,2024-11-05 10:42:00,-13.0
2024-11-05,arrival,Zurich,Hanover,swiss,Landed,10:55,10:58,2024-11-05 10:55:00,2024-11-05 10:58:00,3.0
2024-11-05,arrival,Zurich,Venice,swiss,Landed,10:55,10:44,2024-11-05 10:55:00,2024-11-05 10:44:00,-11.0
2024-11-05,arrival,Zurich,Doha,qatar,Landed,07:10,06:48,2024-11-05 07:10:00,2024-11-05 06:48:00,-22.0
2024-11-05,arrival,Zurich,Hong Kong,cathay,Landed,07:30,07:53,2024-11-05 07:30:00,2024-11-05 07:53:00,23.0
2024-11-05,arrival,Zurich,Washington,united,Landed,07:40,07:40,2024-11-05 07:40:00,2024-11-05 07:40:00,0.0
2024-11-05,arrival,Zurich,Addis Ababavia Milan,ethiopianairlineslogosvg,Landed,07:40,07:06,2024-11-05 07:40:00,2024-11-05 07:06:00,-34.0
2024-11-05,arrival,Zurich,Cologne Bonn,euro,Landed,07:45,07:47,2024-11-05 07:45:00,2024-11-05 07:47:00,2.0
2024-11-05,arrival,Zurich,Milan MXP,swiss,Landed,07:45,07:30,2024-11-05 07:45:00,2024-11-05 07:30:00,-15.0
2024-11-05,arrival,Zurich,Antalya,sun,Landed,07:45,07:46,2024-11-05 07:45:00,2024-11-05 07:46:00,1.0
2024-11-05,arrival,Zurich,Singapore,singapore,Landed,07:50,08:04,2024-11-05 07:50:00,2024-11-05 08:04:00,14.0
2024-11-05,arrival,Zurich,Ljubljana,swiss,Landed,07:50,08:07,2024-11-05 07:50:00,2024-11-05 08:07:00,17.0
2024-11-05,arrival,Zurich,Chicago,united,Landed,07:55,07:32,2024-11-05 07:55:00,2024-11-05 07:32:00,-23.0
2024-11-05,arrival,Zurich,Brussels,brussels_airlines_logo,Landed,07:55,07:52,2024-11-05 07:55:00,2024-11-05 07:52:00,-3.0
2024-11-05,arrival,Zurich,Budapest,swiss,Landed,07:55,07:57,2024-11-05 07:55:00,2024-11-05 07:57:00,2.0
2024-11-05,arrival,Zurich,Düsseldorf,euro,Landed,07:55,13:22,2024-11-05 07:55:00,2024-11-05 13:22:00,327.0
2024-11-05,arrival,Zurich,Bucharest,swiss,Landed,08:05,07:50,2024-11-05 08:05:00,2024-11-05 07:50:00,-15.0
2024-11-05,arrival,Zurich,Prague,swiss,Landed,08:10,07:52,2024-11-05 08:10:00,2024-11-05 07:52:00,-18.0
2024-11-05,arrival,Zurich,Malaga,swiss,Landed,08:15,08:11,2024-11-05 08:15:00,2024-11-05 08:11:00,-4.0
2024-11-05,arrival,Zurich,Berlin,euro,Landed,08:15,08:02,2024-11-05 08:15:00,2024-11-05 08:02:00,-13.0
2024-11-05,arrival,Zurich,Philadelphia,american,Landed,08:15,08:11,2024-11-05 08:15:00,2024-11-05 08:11:00,-4.0
2024-11-05,arrival,Zurich,Amsterdam,klm,Landed,08:15,08:09,2024-11-05 08:15:00,2024-11-05 08:09:00,-6.0
2024-11-05,arrival,Zurich,Frankfurt,lufthansa_neu,Landed,08:20,08:14,2024-11-05 08:20:00,2024-11-05 08:14:00,-6.0
2024-11-05,arrival,Zurich,Vienna,austrian,Landed,08:25,08:15,2024-11-05 08:25:00,2024-11-05 08:15:00,-10.0
2024-11-05,arrival,Zurich,Amsterdam,swiss,Landed,08:25,08:19,2024-11-05 08:25:00,2024-11-05 08:19:00,-6.0
2024-11-05,arrival,Zurich,Geneva,swiss,Landed,08:30,08:22,2024-11-05 08:30:00,2024-11-05 08:22:00,-8.0
2024-11-05,arrival,Zurich,Barcelona,swiss,Landed,08:30,08:38,2024-11-05 08:30:00,2024-11-05 08:38:00,8.0
2024-11-05,arrival,Zurich,Stockholm ARN,swiss,Landed,08:35,08:39,2024-11-05 08:35:00,2024-11-05 08:39:00,4.0
2024-11-05,arrival,Zurich,Newark,united,Landed,08:40,08:46,2024-11-05 08:40:00,2024-11-05 08:46:00,6.0
2024-11-05,arrival,Zurich,London LHR,swiss,Landed,08:40,08:30,2024-11-05 08:40:00,2024-11-05 08:30:00,-10.0
2024-11-05,arrival,Zurich,Paris CDG,swiss,Landed,08:45,08:30,2024-11-05 08:45:00,2024-11-05 08:30:00,-15.0
2024-11-05,arrival,Zurich,Munich,lufthansa_neu,Landed,08:45,09:05,2024-11-05 08:45:00,2024-11-05 09:05:00,20.0
2024-11-05,arrival,Zurich,Berlin,swiss,Landed,08:45,08:52,2024-11-05 08:45:00,2024-11-05 08:52:00,7.0
2024-11-05,arrival,Zurich,Copenhagen,swiss,Landed,08:45,08:25,2024-11-05 08:45:00,2024-11-05 08:25:00,-20.0
2024-11-05,arrival,Zurich,Belgrade,serbia,Landed,08:50,08:53,2024-11-05 08:50:00,2024-11-05 08:53:00,3.0
2024-11-05,arrival,Zurich,Athens,swiss,Landed,08:55,08:46,2024-11-05 08:55:00,2024-11-05 08:46:00,-9.0
2024-11-05,arrival,Zurich,Barcelona,vueling,Landed,08:55,09:09,2024-11-05 08:55:00,2024-11-05 09:09:00,14.0
2024-11-05,arrival,Zurich,Singapore,swiss,Landed,06:10,06:19,2024-11-05 06:10:00,2024-11-05 06:19:00,9.0
2024-11-05,arrival,Zurich,Mumbai,swiss,Landed,06:10,06:17,2024-11-05 06:10:00,2024-11-05 06:17:00,7.0
2024-11-05,arrival,Zurich,New York,swiss,Landed,06:10,06:21,2024-11-05 06:10:00,2024-11-05 06:21:00,11.0
2024-11-05,arrival,Zurich,Hong Kong,swiss,Landed,06:10,06:12,2024-11-05 06:10:00,2024-11-05 06:12:00,2.0
2024-11-05,arrival,Zurich,Dubai,swiss,Landed,06:15,06:23,2024-11-05 06:15:00,2024-11-05 06:23:00,8.0
2024-11-05,arrival,Zurich,Johannesburg,swiss,Landed,06:15,06:14,2024-11-05 06:15:00,2024-11-05 06:14:00,-1.0
2024-11-05,arrival,Zurich,Montreal,swiss,Landed,06:15,06:26,2024-11-05 06:15:00,2024-11-05 06:26:00,11.0
2024-11-05,arrival,Zurich,Cape Town,edelweiss,Landed,06:20,06:10,2024-11-05 06:20:00,2024-11-05 06:10:00,-10.0
2024-11-05,arrival,Zurich,Delhi,swiss,Landed,06:20,06:35,2024-11-05 06:20:00,2024-11-05 06:35:00,15.0
2024-11-05,arrival,Zurich,Abu Dhabi AUH,etihad,Landed,06:30,06:55,2024-11-05 06:30:00,2024-11-05 06:55:00,25.0
2024-11-05,arrival,Zurich,Boston,swiss,Landed,06:35,07:18,2024-11-05 06:35:00,2024-11-05 07:18:00,43.0
2024-11-05,arrival,Zurich,Geneva,swiss,Landed,06:45,06:38,2024-11-05 06:45:00,2024-11-05 06:38:00,-7.0
2024-11-05,arrival,Zurich,Bangkok,thai,Landed,06:55,07:15,2024-11-05 06:55:00,2024-11-05 07:15:00,20.0
2024-11-05,departure,Zurich,Paris CDG,swiss,Departed,21:00,21:10,2024-11-05 21:00:00,2024-11-05 21:10:00,10.0
2024-11-05,departure,Zurich,Geneva,swiss,Departed,21:00,21:05,2024-11-05 21:00:00,2024-11-05 21:05:00,5.0
2024-11-05,departure,Zurich,Athens,swiss,Departed,21:00,21:00,2024-11-05 21:00:00,2024-11-05 21:00:00,0.0
2024-11-05,departure,Zurich,Prague,swiss,Departed,21:05,21:00,2024-11-05 21:05:00,2024-11-05 21:00:00,-5.0
2024-11-05,departure,Zurich,Berlin,easyjet,Departed,21:05,20:55,2024-11-05 21:05:00,2024-11-05 20:55:00,-10.0
2024-11-05,departure,Zurich,Budapest,swiss,Departed,21:10,21:10,2024-11-05 21:10:00,2024-11-05 21:10:00,0.0
2024-11-05,departure,Zurich,Barcelona,swiss,Departed,21:10,21:10,2024-11-05 21:10:00,2024-11-05 21:10:00,0.0
2024-11-05,departure,Zurich,Bucharest,swiss,Departed,21:10,21:10,2024-11-05 21:10:00,2024-11-05 21:10:00,0.0
2024-11-05,departure,Zurich,Ljubljana,swiss,Departed,21:15,21:35,2024-11-05 21:15:00,2024-11-05 21:35:00,20.0
2024-11-05,departure,Zurich,Copenhagen,swiss,Departed,21:15,21:15,2024-11-05 21:15:00,2024-11-05 21:15:00,0.0
2024-11-05,departure,Zurich,Milan MXP,swiss,Departed,21:20,21:20,2024-11-05 21:20:00,2024-11-05 21:20:00,0.0
2024-11-05,departure,Zurich,Dubai,emirates-neu,Departed,21:50,21:40,2024-11-05 21:50:00,2024-11-05 21:40:00,-10.0
2024-11-05,departure,Zurich,Malaga,swiss,Departed,22:25,22:20,2024-11-05 22:25:00,2024-11-05 22:20:00,-5.0
2024-11-05,departure,Zurich,Singapore,swiss,Departed,22:40,22:40,2024-11-05 22:40:00,2024-11-05 22:40:00,0.0
2024-11-05,departure,Zurich,Buenos Airesvia Sao Paulo,swiss,Departed,22:40,22:50,2024-11-05 22:40:00,2024-11-05 22:50:00,10.0
2024-11-05,departure,Zurich,Hong Kong,swiss,Departed,22:40,22:40,2024-11-05 22:40:00,2024-11-05 22:40:00,0.0
2024-11-05,departure,Zurich,Johannesburg,swiss,Departed,22:45,22:40,2024-11-05 22:45:00,2024-11-05 22:40:00,-5.0
2024-11-05,departure,Zurich,Helsinki,finnair,Departed,19:05,19:00,2024-11-05 19:05:00,2024-11-05 19:00:00,-5.0
2024-11-05,departure,Zurich,Munich,swiss,Departed,19:05,19:05,2024-11-05 19:05:00,2024-11-05 19:05:00,0.0
2024-11-05,departure,Zurich,Hurghada,cairo,Departed,19:05,18:55,2024-11-05 19:05:00,2024-11-05 18:55:00,-10.0
2024-11-05,departure,Zurich,Amsterdam,klm,Departed,19:10,19:00,2024-11-05 19:10:00,2024-11-05 19:00:00,-10.0
2024-11-05,departure,Zurich,London LCY,british,Departed,19:15,19:15,2024-11-05 19:15:00,2024-11-05 19:15:00,0.0
2024-11-05,departure,Zurich,Vienna,austrian,Departed,19:25,19:20,2024-11-05 19:25:00,2024-11-05 19:20:00,-5.0
2024-11-05,departure,Zurich,Madrid,iberia,Departed,19:40,19:40,2024-11-05 19:40:00,2024-11-05 19:40:00,0.0
2024-11-05,departure,Zurich,Warsaw,lot,Departed,19:55,20:00,2024-11-05 19:55:00,2024-11-05 20:00:00,5.0
2024-11-05,departure,Zurich,Zagreb,croatia_v2,Departed,19:55,20:00,2024-11-05 19:55:00,2024-11-05 20:00:00,5.0
2024-11-05,departure,Zurich,Milan MXP,air_india_logo,Cancelled,20:00,20:00,2024-11-05 20:00:00,2024-11-05 20:00:00,0.0
2024-11-05,departure,Zurich,Frankfurt,lufthansa_neu,Departed,20:05,20:00,2024-11-05 20:05:00,2024-11-05 20:00:00,-5.0
2024-11-05,departure,Zurich,Hamburg,euro,Departed,20:10,20:05,2024-11-05 20:10:00,2024-11-05 20:05:00,-5.0
2024-11-05,departure,Zurich,Berlin,euro,Departed,20:10,20:25,2024-11-05 20:10:00,2024-11-05 20:25:00,15.0
2024-11-05,departure,Zurich,Cologne Bonn,euro,Departed,20:10,20:00,2024-11-05 20:10:00,2024-11-05 20:00:00,-10.0
2024-11-05,departure,Zurich,London LGW,easyjet,Departed,20:15,20:15,2024-11-05 20:15:00,2024-11-05 20:15:00,0.0
2024-11-05,departure,Zurich,Addis Ababavia Milan,ethiopianairlineslogosvg,Departed,20:15,20:35,2024-11-05 20:15:00,2024-11-05 20:35:00,20.0
2024-11-05,departure,Zurich,Munich,lufthansa_neu,Departed,20:15,20:35,2024-11-05 20:15:00,2024-11-05 20:35:00,20.0
2024-11-05,departure,Zurich,Pristina,gp-aviation,Departed,20:20,20:20,2024-11-05 20:20:00,2024-11-05 20:20:00,0.0
2024-11-05,departure,Zurich,Copenhagen,sas,Departed,20:25,20:20,2024-11-05 20:25:00,2024-11-05 20:20:00,-5.0
2024-11-05,departure,Zurich,Belgrade,serbia,Departed,20:40,20:40,2024-11-05 20:40:00,2024-11-05 20:40:00,0.0
2024-11-05,departure,Zurich,Amsterdam,swiss,Departed,20:45,20:35,2024-11-05 20:45:00,2024-11-05 20:35:00,-10.0
2024-11-05,departure,Zurich,Vienna,austrian,Departed,20:45,20:45,2024-11-05 20:45:00,2024-11-05 20:45:00,0.0
2024-11-05,departure,Zurich,Düsseldorf,euro,Departed,20:50,20:50,2024-11-05 20:50:00,2024-11-05 20:50:00,0.0
2024-11-05,departure,Zurich,Barcelona,vueling,Departed,20:55,20:45,2024-11-05 20:55:00,2024-11-05 20:45:00,-10.0
2024-11-05,departure,Zurich,Berlin,swiss,Departed,20:55,21:05,2024-11-05 20:55:00,2024-11-05 21:05:00,10.0
2024-11-05,departure,Zurich,London LHR,swiss,Departed,20:55,20:55,2024-11-05 20:55:00,2024-11-05 20:55:00,0.0
2024-11-05,departure,Zurich,Stockholm ARN,swiss,Departed,20:55,21:05,2024-11-05 20:55:00,2024-11-05 21:05:00,10.0
2024-11-05,departure,Zurich,London LHR,swiss,Departed,17:00,17:00,2024-11-05 17:00:00,2024-11-05 17:00:00,0.0
2024-11-05,departure,Zurich,Florence,swiss,Departed,17:00,17:00,2024-11-05 17:00:00,2024-11-05 17:00:00,0.0
2024-11-05,departure,Zurich,London LGW,swiss,Departed,17:05,17:05,2024-11-05 17:05:00,2024-11-05 17:05:00,0.0
2024-11-05,departure,Zurich,Manchester,swiss,Departed,17:05,17:05,2024-11-05 17:05:00,2024-11-05 17:05:00,0.0
2024-11-05,departure,Zurich,Palermo,swiss,Departed,17:10,17:10,2024-11-05 17:10:00,2024-11-05 17:10:00,0.0
2024-11-05,departure,Zurich,Copenhagen,swiss,Departed,17:15,17:15,2024-11-05 17:15:00,2024-11-05 17:15:00,0.0
2024-11-05,departure,Zurich,Luxembourg,swiss,Departed,17:15,17:25,2024-11-05 17:15:00,2024-11-05 17:25:00,10.0
2024-11-05,departure,Zurich,Newark,swiss,Departed,17:15,17:35,2024-11-05 17:15:00,2024-11-05 17:35:00,20.0
2024-11-05,departure,Zurich,Berlin,swiss,Departed,17:20,17:20,2024-11-05 17:20:00,2024-11-05 17:20:00,0.0
2024-11-05,departure,Zurich,Krakow,swiss,Departed,17:20,17:20,2024-11-05 17:20:00,2024-11-05 17:20:00,0.0
2024-11-05,departure,Zurich,Milan MXP,swiss,Departed,17:20,17:20,2024-11-05 17:20:00,2024-11-05 17:20:00,0.0
2024-11-05,departure,Zurich,Stuttgart,swiss,Departed,17:25,17:25,2024-11-05 17:25:00,2024-11-05 17:25:00,0.0
2024-11-05,departure,Zurich,Belgrade,swiss,Departed,17:25,17:30,2024-11-05 17:25:00,2024-11-05 17:30:00,5.0
2024-11-05,departure,Zurich,Amsterdam,swiss,Departed,17:25,17:25,2024-11-05 17:25:00,2024-11-05 17:25:00,0.0
2024-11-05,departure,Zurich,Barcelona,swiss,Departed,17:30,17:30,2024-11-05 17:30:00,2024-11-05 17:30:00,0.0
2024-11-05,departure,Zurich,Amsterdam,klm,Departed,17:30,17:30,2024-11-05 17:30:00,2024-11-05 17:30:00,0.0
2024-11-05,departure,Zurich,Boston,swiss,Departed,17:30,17:50,2024-11-05 17:30:00,2024-11-05 17:50:00,20.0
2024-11-05,departure,Zurich,Paris CDG,swiss,Departed,17:35,17:35,2024-11-05 17:35:00,2024-11-05 17:35:00,0.0
2024-11-05,departure,Zurich,Rome FCO,swiss,Departed,17:35,17:35,2024-11-05 17:35:00,2024-11-05 17:35:00,0.0
2024-11-05,departure,Zurich,Budapest,swiss,Departed,17:35,17:30,2024-11-05 17:35:00,2024-11-05 17:30:00,-5.0
2024-11-05,departure,Zurich,Malta,km_malta_airlines,Departed,17:40,17:45,2024-11-05 17:40:00,2024-11-05 17:45:00,5.0
2024-11-05,departure,Zurich,Prague,swiss,Departed,17:40,17:40,2024-11-05 17:40:00,2024-11-05 17:40:00,0.0
2024-11-05,departure,Zurich,Nice,swiss,Departed,17:40,17:40,2024-11-05 17:40:00,2024-11-05 17:40:00,0.0
2024-11-05,departure,Zurich,Hanover,swiss,Departed,17:45,17:45,2024-11-05 17:45:00,2024-11-05 17:45:00,0.0
2024-11-05,departure,Zurich,Pristina,chair,Departed,17:45,17:45,2024-11-05 17:45:00,2024-11-05 17:45:00,0.0
2024-11-05,departure,Zurich,Düsseldorf,swiss,Departed,17:45,17:50,2024-11-05 17:45:00,2024-11-05 17:50:00,5.0
2024-11-05,departure,Zurich,Vienna,swiss,Departed,17:45,17:55,2024-11-05 17:45:00,2024-11-05 17:55:00,10.0
2024-11-05,departure,Zurich,Venice,swiss,Departed,17:50,17:50,2024-11-05 17:50:00,2024-11-05 17:50:00,0.0
2024-11-05,departure,Zurich,Hamburg,swiss,Departed,17:50,17:50,2024-11-05 17:50:00,2024-11-05 17:50:00,0.0
2024-11-05,departure,Zurich,Pristina,edelweiss,Departed,17:50,17:50,2024-11-05 17:50:00,2024-11-05 17:50:00,0.0
2024-11-05,departure,Zurich,Brussels,swiss,Departed,17:55,17:55,2024-11-05 17:55:00,2024-11-05 17:55:00,0.0
2024-11-05,departure,Zurich,London LCY,swiss,Departed,17:55,17:55,2024-11-05 17:55:00,2024-11-05 17:55:00,0.0
2024-11-05,departure,Zurich,Geneva,swiss,Departed,18:00,18:00,2024-11-05 18:00:00,2024-11-05 18:00:00,0.0
2024-11-05,departure,Zurich,Lisbon,tap,Departed,18:00,18:30,2024-11-05 18:00:00,2024-11-05 18:30:00,30.0
2024-11-05,departure,Zurich,Bangkok,swiss,Departed,18:00,18:05,2024-11-05 18:00:00,2024-11-05 18:05:00,5.0
2024-11-05,departure,Zurich,Istanbul IST,turkish,Departed,18:05,18:05,2024-11-05 18:05:00,2024-11-05 18:05:00,0.0
2024-11-05,departure,Zurich,Frankfurt,lufthansa_neu,Departed,18:05,18:10,2024-11-05 18:05:00,2024-11-05 18:10:00,5.0
2024-11-05,departure,Zurich,Mauritius,edelweiss,Departed,18:10,18:10,2024-11-05 18:10:00,2024-11-05 18:10:00,0.0
2024-11-05,departure,Zurich,London LHR,swiss,Departed,18:25,18:20,2024-11-05 18:25:00,2024-11-05 18:20:00,-5.0
2024-11-05,departure,Zurich,Berlin,swiss,Departed,18:25,18:25,2024-11-05 18:25:00,2024-11-05 18:25:00,0.0
2024-11-05,departure,Zurich,Madrid,europa,Departed,18:30,18:20,2024-11-05 18:30:00,2024-11-05 18:20:00,-10.0
2024-11-05,departure,Zurich,Frankfurt,swiss,Departed,18:50,18:50,2024-11-05 18:50:00,2024-11-05 18:50:00,0.0
2024-11-05,departure,Zurich,Paris CDG,airfrance,Departed,18:50,18:50,2024-11-05 18:50:00,2024-11-05 18:50:00,0.0
2024-11-05,departure,Zurich,Vienna,austrian,Departed,15:05,15:10,2024-11-05 15:05:00,2024-11-05 15:10:00,5.0
2024-11-05,departure,Zurich,London LHR,british,Departed,15:05,14:55,2024-11-05 15:05:00,2024-11-05 14:55:00,-10.0
2024-11-05,departure,Zurich,Doha,qatar,Departed,15:10,15:05,2024-11-05 15:10:00,2024-11-05 15:05:00,-5.0
2024-11-05,departure,Zurich,Istanbul SAW,pegasus,Departed,15:25,15:25,2024-11-05 15:25:00,2024-11-05 15:25:00,0.0
2024-11-05,departure,Zurich,London LHR,swiss,Departed,15:30,15:40,2024-11-05 15:30:00,2024-11-05 15:40:00,10.0
2024-11-05,departure,Zurich,Hamburg,euro,Departed,15:35,15:30,2024-11-05 15:35:00,2024-11-05 15:30:00,-5.0
2024-11-05,departure,Zurich,Palma De Mallorca,swiss,Departed,15:40,15:40,2024-11-05 15:40:00,2024-11-05 15:40:00,0.0
2024-11-05,departure,Zurich,Düsseldorf,euro,Departed,15:50,15:50,2024-11-05 15:50:00,2024-11-05 15:50:00,0.0
2024-11-05,departure,Zurich,Toronto,canada,Departed,16:00,16:10,2024-11-05 16:00:00,2024-11-05 16:10:00,10.0
2024-11-05,departure,Zurich,Madrid,swiss,Departed,16:20,16:20,2024-11-05 16:20:00,2024-11-05 16:20:00,0.0
2024-11-05,departure,Zurich,Porto,tap,Departed,16:20,16:15,2024-11-05 16:20:00,2024-11-05 16:15:00,-5.0
2024-11-05,departure,Zurich,Berlin,swiss,Departed,16:25,16:25,2024-11-05 16:25:00,2024-11-05 16:25:00,0.0
2024-11-05,departure,Zurich,London LCY,swiss,Departed,16:25,16:25,2024-11-05 16:25:00,2024-11-05 16:25:00,0.0
2024-11-05,departure,Zurich,Warsaw,swiss,Departed,16:25,16:25,2024-11-05 16:25:00,2024-11-05 16:25:00,0.0
2024-11-05,departure,Zurich,Hamburg,swiss,Departed,16:25,16:25,2024-11-05 16:25:00,2024-11-05 16:25:00,0.0
2024-11-05,departure,Zurich,Dublin,swiss,Departed,16:30,16:35,2024-11-05 16:30:00,2024-11-05 16:35:00,5.0
2024-11-05,departure,Zurich,Düsseldorf,swiss,Departed,16:30,16:30,2024-11-05 16:30:00,2024-11-05 16:30:00,0.0
2024-11-05,departure,Zurich,Brussels,swiss,Departed,16:30,16:30,2024-11-05 16:30:00,2024-11-05 16:30:00,0.0
2024-11-05,departure,Zurich,London LHR,british,Departed,16:35,16:30,2024-11-05 16:35:00,2024-11-05 16:30:00,-5.0
2024-11-05,departure,Zurich,Malévia Dubai,beond_logo,Departed,16:35,16:35,2024-11-05 16:35:00,2024-11-05 16:35:00,0.0
2024-11-05,departure,Zurich,Palma De Mallorca,swiss,Departed,16:40,16:40,2024-11-05 16:40:00,2024-11-05 16:40:00,0.0
2024-11-05,departure,Zurich,Alicante,swiss,Departed,16:40,16:40,2024-11-05 16:40:00,2024-11-05 16:40:00,0.0
2024-11-05,departure,Zurich,Geneva,swiss,Departed,16:45,16:45,2024-11-05 16:45:00,2024-11-05 16:45:00,0.0
2024-11-05,departure,Zurich,Valencia,swiss,Departed,16:50,16:45,2024-11-05 16:50:00,2024-11-05 16:45:00,-5.0
2024-11-05,departure,Zurich,Munich,lufthansa_neu,Departed,16:50,16:55,2024-11-05 16:50:00,2024-11-05 16:55:00,5.0
2024-11-05,departure,Zurich,Athens,swiss,Departed,13:00,12:55,2024-11-05 13:00:00,2024-11-05 12:55:00,-5.0
2024-11-05,departure,Zurich,Oslo,sas,Departed,13:00,13:00,2024-11-05 13:00:00,2024-11-05 13:00:00,0.0
2024-11-05,departure,Zurich,Dubai,swiss,Departed,13:05,13:15,2024-11-05 13:05:00,2024-11-05 13:15:00,10.0
2024-11-05,departure,Zurich,Venice,swiss,Departed,13:05,13:05,2024-11-05 13:05:00,2024-11-05 13:05:00,0.0
2024-11-05,departure,Zurich,Bologna,swiss,Departed,13:05,13:05,2024-11-05 13:05:00,2024-11-05 13:05:00,0.0
2024-11-05,departure,Zurich,Shanghai,swiss,Departed,13:10,13:10,2024-11-05 13:10:00,2024-11-05 13:10:00,0.0
2024-11-05,departure,Zurich,Chicago,swiss,Departed,13:10,13:15,2024-11-05 13:10:00,2024-11-05 13:15:00,5.0
2024-11-05,departure,Zurich,Los Angeles,swiss,Departed,13:10,13:30,2024-11-05 13:10:00,2024-11-05 13:30:00,20.0
2024-11-05,departure,Zurich,Bangkok,thai,Departed,13:15,13:15,2024-11-05 13:15:00,2024-11-05 13:15:00,0.0
2024-11-05,departure,Zurich,New York,swiss,Departed,13:15,13:15,2024-11-05 13:15:00,2024-11-05 13:15:00,0.0
2024-11-05,departure,Zurich,San Francisco,swiss,Departed,13:15,13:20,2024-11-05 13:15:00,2024-11-05 13:20:00,5.0
2024-11-05,departure,Zurich,Boston,swiss,Departed,13:20,13:20,2024-11-05 13:20:00,2024-11-05 13:20:00,0.0
2024-11-05,departure,Zurich,Berlin,swiss,Departed,13:30,13:30,2024-11-05 13:30:00,2024-11-05 13:30:00,0.0
2024-11-05,departure,Zurich,New York,delta,Departed,13:30,13:20,2024-11-05 13:30:00,2024-11-05 13:20:00,-10.0
2024-11-05,departure,Zurich,Lisbon,tap,Departed,13:30,13:35,2024-11-05 13:30:00,2024-11-05 13:35:00,5.0
2024-11-05,departure,Zurich,Larnaca,edelweiss,Departed,13:35,13:35,2024-11-05 13:35:00,2024-11-05 13:35:00,0.0
2024-11-05,departure,Zurich,Munich,lufthansa_neu,Departed,13:35,13:35,2024-11-05 13:35:00,2024-11-05 13:35:00,0.0
2024-11-05,departure,Zurich,Antalya,sun,Departed,13:45,13:45,2024-11-05 13:45:00,2024-11-05 13:45:00,0.0
2024-11-05,departure,Zurich,Izmir,sun,Departed,14:00,14:35,2024-11-05 14:00:00,2024-11-05 14:35:00,35.0
2024-11-05,departure,Zurich,Istanbul SAW,ajet_logo,Departed,14:10,14:00,2024-11-05 14:10:00,2024-11-05 14:00:00,-10.0
2024-11-05,departure,Zurich,Amsterdam,klm,Departed,14:15,14:15,2024-11-05 14:15:00,2024-11-05 14:15:00,0.0
2024-11-05,departure,Zurich,Dubai,emirates-neu,Departed,14:35,14:35,2024-11-05 14:35:00,2024-11-05 14:35:00,0.0
2024-11-05,departure,Zurich,Frankfurt,lufthansa_neu,Departed,14:45,14:50,2024-11-05 14:45:00,2024-11-05 14:50:00,5.0
2024-11-05,departure,Zurich,Istanbul IST,turkish,Departed,14:50,14:50,2024-11-05 14:50:00,2024-11-05 14:50:00,0.0
2024-11-05,departure,Zurich,London LCY,british,Departed,14:50,14:50,2024-11-05 14:50:00,2024-11-05 14:50:00,0.0
2024-11-05,departure,Zurich,Madrid,iberia,Departed,14:55,14:55,2024-11-05 14:55:00,2024-11-05 14:55:00,0.0
2024-11-05,departure,Zurich,Zagreb,helvetic-airways,Departed,11:00,10:55,2024-11-05 11:00:00,2024-11-05 10:55:00,-5.0
2024-11-05,departure,Zurich,Istanbul IST,turkish,Departed,11:05,11:05,2024-11-05 11:05:00,2024-11-05 11:05:00,0.0
2024-11-05,departure,Zurich,Zagreb,croatia_v2,Departed,11:05,11:30,2024-11-05 11:05:00,2024-11-05 11:30:00,25.0
2024-11-05,departure,Zurich,Frankfurt,lufthansa_neu,Departed,11:15,11:25,2024-11-05 11:15:00,2024-11-05 11:25:00,10.0
2024-11-05,departure,Zurich,Athens,aegan,Departed,11:20,11:20,2024-11-05 11:20:00,2024-11-05 11:20:00,0.0
2024-11-05,departure,Zurich,Tirana,swiss,Departed,11:40,11:40,2024-11-05 11:40:00,2024-11-05 11:40:00,0.0
2024-11-05,departure,Zurich,Istanbul SAW,pegasus,Departed,11:40,11:40,2024-11-05 11:40:00,2024-11-05 11:40:00,0.0
2024-11-05,departure,Zurich,Washington,united,Departed,11:45,11:45,2024-11-05 11:45:00,2024-11-05 11:45:00,0.0
2024-11-05,departure,Zurich,Amsterdam,klm,Departed,11:50,11:45,2024-11-05 11:50:00,2024-11-05 11:45:00,-5.0
2024-11-05,departure,Zurich,Warsaw,swiss,Departed,11:55,11:55,2024-11-05 11:55:00,2024-11-05 11:55:00,0.0
2024-11-05,departure,Zurich,Hong Kong,cathay,Departed,11:55,11:55,2024-11-05 11:55:00,2024-11-05 11:55:00,0.0
2024-11-05,departure,Zurich,Madrid,iberia,Departed,11:55,12:15,2024-11-05 11:55:00,2024-11-05 12:15:00,20.0
2024-11-05,departure,Zurich,Hanover,swiss,Departed,12:00,11:55,2024-11-05 12:00:00,2024-11-05 11:55:00,-5.0
2024-11-05,departure,Zurich,Delhi,swiss,Departed,12:00,12:55,2024-11-05 12:00:00,2024-11-05 12:55:00,55.0
2024-11-05,departure,Zurich,Malaga,swiss,Departed,12:05,12:05,2024-11-05 12:05:00,2024-11-05 12:05:00,0.0
2024-11-05,departure,Zurich,Geneva,swiss,Departed,12:05,12:05,2024-11-05 12:05:00,2024-11-05 12:05:00,0.0
2024-11-05,departure,Zurich,Belgrade,swiss,Departed,12:05,12:15,2024-11-05 12:05:00,2024-11-05 12:15:00,10.0
2024-11-05,departure,Zurich,London LHR,swiss,Departed,12:10,12:16,2024-11-05 12:10:00,2024-11-05 12:16:00,6.0
2024-11-05,departure,Zurich,London LCY,swiss,Departed,12:10,12:10,2024-11-05 12:10:00,2024-11-05 12:10:00,0.0
2024-11-05,departure,Zurich,Naples NAP,swiss,Departed,12:15,12:10,2024-11-05 12:15:00,2024-11-05 12:10:00,-5.0
2024-11-05,departure,Zurich,Copenhagen,swiss,Departed,12:15,12:15,2024-11-05 12:15:00,2024-11-05 12:15:00,0.0
2024-11-05,departure,Zurich,Stockholm ARN,swiss,Departed,12:15,12:10,2024-11-05 12:15:00,2024-11-05 12:10:00,-5.0
2024-11-05,departure,Zurich,Frankfurt,swiss,Departed,12:15,12:15,2024-11-05 12:15:00,2024-11-05 12:15:00,0.0
2024-11-05,departure,Zurich,Cancun,edelweiss,Departed,12:20,12:30,2024-11-05 12:20:00,2024-11-05 12:30:00,10.0
2024-11-05,departure,Zurich,Barcelona,swiss,Departed,12:20,12:45,2024-11-05 12:20:00,2024-11-05 12:45:00,25.0
2024-11-05,departure,Zurich,Budapest,swiss,Departed,12:25,12:25,2024-11-05 12:25:00,2024-11-05 12:25:00,0.0
2024-11-05,departure,Zurich,Rome FCO,swiss,Departed,12:25,12:30,2024-11-05 12:25:00,2024-11-05 12:30:00,5.0
2024-11-05,departure,Zurich,Sarajevo,swiss,Departed,12:25,12:25,2024-11-05 12:25:00,2024-11-05 12:25:00,0.0
2024-11-05,departure,Zurich,Bordeaux,swiss,Departed,12:25,12:25,2024-11-05 12:25:00,2024-11-05 12:25:00,0.0
2024-11-05,departure,Zurich,Bucharest,swiss,Departed,12:30,13:05,2024-11-05 12:30:00,2024-11-05 13:05:00,35.0
2024-11-05,departure,Zurich,Hamburg,swiss,Departed,12:30,12:30,2024-11-05 12:30:00,2024-11-05 12:30:00,0.0
2024-11-05,departure,Zurich,Florence,swiss,Departed,12:30,12:35,2024-11-05 12:30:00,2024-11-05 12:35:00,5.0
2024-11-05,departure,Zurich,London LHR,british,Departed,12:30,12:25,2024-11-05 12:30:00,2024-11-05 12:25:00,-5.0
2024-11-05,departure,Zurich,Düsseldorf,swiss,Departed,12:35,12:35,2024-11-05 12:35:00,2024-11-05 12:35:00,0.0
2024-11-05,departure,Zurich,Prague,swiss,Departed,12:35,12:35,2024-11-05 12:35:00,2024-11-05 12:35:00,0.0
2024-11-05,departure,Zurich,Lisbon,swiss,Departed,12:35,12:35,2024-11-05 12:35:00,2024-11-05 12:35:00,0.0
2024-11-05,departure,Zurich,Vienna,swiss,Departed,12:40,12:40,2024-11-05 12:40:00,2024-11-05 12:40:00,0.0
2024-11-05,departure,Zurich,Luxembourg,swiss,Departed,12:40,12:45,2024-11-05 12:40:00,2024-11-05 12:45:00,5.0
2024-11-05,departure,Zurich,Berlin,swiss,Departed,12:40,13:15,2024-11-05 12:40:00,2024-11-05 13:15:00,35.0
2024-11-05,departure,Zurich,Nice,swiss,Departed,12:45,12:45,2024-11-05 12:45:00,2024-11-05 12:45:00,0.0
2024-11-05,departure,Zurich,Amsterdam,swiss,Departed,12:45,12:55,2024-11-05 12:45:00,2024-11-05 12:55:00,10.0
2024-11-05,departure,Zurich,Montreal,swiss,Departed,12:45,12:45,2024-11-05 12:45:00,2024-11-05 12:45:00,0.0
2024-11-05,departure,Zurich,Milan MXP,swiss,Departed,12:50,12:50,2024-11-05 12:50:00,2024-11-05 12:50:00,0.0
2024-11-05,departure,Zurich,Paris CDG,swiss,Departed,12:50,12:50,2024-11-05 12:50:00,2024-11-05 12:50:00,0.0
2024-11-05,departure,Zurich,Miami,swiss,Departed,12:50,13:00,2024-11-05 12:50:00,2024-11-05 13:00:00,10.0
2024-11-05,departure,Zurich,Ljubljana,swiss,Departed,12:55,13:00,2024-11-05 12:55:00,2024-11-05 13:00:00,5.0
2024-11-05,departure,Zurich,Geneva,swiss,Departed,12:55,12:55,2024-11-05 12:55:00,2024-11-05 12:55:00,0.0
2024-11-05,departure,Zurich,Washington,swiss,Departed,12:55,13:00,2024-11-05 12:55:00,2024-11-05 13:00:00,5.0
2024-11-05,departure,Zurich,Brussels,swiss,Departed,12:55,13:00,2024-11-05 12:55:00,2024-11-05 13:00:00,5.0
2024-11-05,departure,Zurich,Geneva,swiss,Departed,09:00,09:00,2024-11-05 09:00:00,2024-11-05 09:00:00,0.0
2024-11-05,departure,Zurich,Amsterdam,klm,Departed,09:00,09:00,2024-11-05 09:00:00,2024-11-05 09:00:00,0.0
2024-11-05,departure,Zurich,Frankfurt,lufthansa_neu,Departed,09:00,09:10,2024-11-05 09:00:00,2024-11-05 09:10:00,10.0
2024-11-05,departure,Zurich,Berlin,euro,Departed,09:05,09:05,2024-11-05 09:05:00,2024-11-05 09:05:00,0.0
2024-11-05,departure,Zurich,Stuttgart,swiss,Departed,09:10,09:05,2024-11-05 09:10:00,2024-11-05 09:05:00,-5.0
2024-11-05,departure,Zurich,Vienna,austrian,Departed,09:10,09:10,2024-11-05 09:10:00,2024-11-05 09:10:00,0.0
2024-11-05,departure,Zurich,Athens,swiss,Departed,09:15,09:15,2024-11-05 09:15:00,2024-11-05 09:15:00,0.0
2024-11-05,departure,Zurich,Gran Canaria,edelweiss,Departed,09:25,09:25,2024-11-05 09:25:00,2024-11-05 09:25:00,0.0
2024-11-05,departure,Zurich,Munich,lufthansa_neu,Departed,09:25,09:40,2024-11-05 09:25:00,2024-11-05 09:40:00,15.0
2024-11-05,departure,Zurich,Tenerife,edelweiss,Departed,09:25,09:35,2024-11-05 09:25:00,2024-11-05 09:35:00,10.0
2024-11-05,departure,Zurich,Malaga,swiss,Departed,09:25,09:35,2024-11-05 09:25:00,2024-11-05 09:35:00,10.0
2024-11-05,departure,Zurich,Antalya,edelweiss,Departed,09:30,09:30,2024-11-05 09:30:00,2024-11-05 09:30:00,0.0
2024-11-05,departure,Zurich,Porto,swiss,Departed,09:30,09:30,2024-11-05 09:30:00,2024-11-05 09:30:00,0.0
2024-11-05,departure,Zurich,Marsa Alam,edelweiss,Departed,09:30,09:30,2024-11-05 09:30:00,2024-11-05 09:30:00,0.0
2024-11-05,departure,Zurich,Zanzibarvia Kilimanjaro,edelweiss,Departed,09:30,09:50,2024-11-05 09:30:00,2024-11-05 09:50:00,20.0
2024-11-05,departure,Zurich,Fuerteventura,edelweiss,Departed,09:35,09:35,2024-11-05 09:35:00,2024-11-05 09:35:00,0.0
2024-11-05,departure,Zurich,Belgrade,serbia,Departed,09:35,09:40,2024-11-05 09:35:00,2024-11-05 09:40:00,5.0
2024-11-05,departure,Zurich,Hurghada,edelweiss,Departed,09:35,09:35,2024-11-05 09:35:00,2024-11-05 09:35:00,0.0
2024-11-05,departure,Zurich,Oslo,swiss,Departed,09:40,09:40,2024-11-05 09:40:00,2024-11-05 09:40:00,0.0
2024-11-05,departure,Zurich,Barcelona,vueling,Departed,09:40,09:55,2024-11-05 09:40:00,2024-11-05 09:55:00,15.0
2024-11-05,departure,Zurich,Chicago,united,Departed,09:40,09:40,2024-11-05 09:40:00,2024-11-05 09:40:00,0.0
2024-11-05,departure,Zurich,Mumbai,swiss,Departed,09:45,09:45,2024-11-05 09:45:00,2024-11-05 09:45:00,0.0
2024-11-05,departure,Zurich,Hamburg,euro,Departed,09:45,09:55,2024-11-05 09:45:00,2024-11-05 09:55:00,10.0
2024-11-05,departure,Zurich,Lisbon,swiss,Departed,09:45,09:55,2024-11-05 09:45:00,2024-11-05 09:55:00,10.0
2024-11-05,departure,Zurich,Cairo,swiss,Departed,09:45,09:50,2024-11-05 09:45:00,2024-11-05 09:50:00,5.0
2024-11-05,departure,Zurich,Madeira,edelweiss,Departed,09:50,10:00,2024-11-05 09:50:00,2024-11-05 10:00:00,10.0
2024-11-05,departure,Zurich,New York,swiss,Departed,09:50,09:45,2024-11-05 09:50:00,2024-11-05 09:45:00,-5.0
2024-11-05,departure,Zurich,Stockholm ARN,swiss,Departed,09:55,09:55,2024-11-05 09:55:00,2024-11-05 09:55:00,0.0
2024-11-05,departure,Zurich,Valencia,swiss,Departed,09:55,10:00,2024-11-05 09:55:00,2024-11-05 10:00:00,5.0
2024-11-05,departure,Zurich,Lanzarote,edelweiss,Departed,09:55,09:55,2024-11-05 09:55:00,2024-11-05 09:55:00,0.0
2024-11-05,departure,Zurich,Thessaloniki,swiss,Departed,10:00,09:50,2024-11-05 10:00:00,2024-11-05 09:50:00,-10.0
2024-11-05,departure,Zurich,London LCY,british,Departed,10:10,10:10,2024-11-05 10:10:00,2024-11-05 10:10:00,0.0
2024-11-05,departure,Zurich,London LHR,swiss,Departed,10:15,10:20,2024-11-05 10:15:00,2024-11-05 10:20:00,5.0
2024-11-05,departure,Zurich,London LHR,british,Departed,10:15,10:15,2024-11-05 10:15:00,2024-11-05 10:15:00,0.0
2024-11-05,departure,Zurich,Philadelphia,american,Departed,10:15,10:05,2024-11-05 10:15:00,2024-11-05 10:05:00,-10.0
2024-11-05,departure,Zurich,Newark,united,Departed,10:20,10:20,2024-11-05 10:20:00,2024-11-05 10:20:00,0.0
2024-11-05,departure,Zurich,Warsaw,lot,Departed,10:25,10:25,2024-11-05 10:25:00,2024-11-05 10:25:00,0.0
2024-11-05,departure,Zurich,Copenhagen,sas,Departed,10:25,10:25,2024-11-05 10:25:00,2024-11-05 10:25:00,0.0
2024-11-05,departure,Zurich,Abu Dhabi AUH,etihad,Departed,10:25,10:25,2024-11-05 10:25:00,2024-11-05 10:25:00,0.0
2024-11-05,departure,Zurich,Porto,easyjet,Departed,10:25,10:25,2024-11-05 10:25:00,2024-11-05 10:25:00,0.0
2024-11-05,departure,Zurich,Dublin,swiss,Departed,10:35,10:35,2024-11-05 10:35:00,2024-11-05 10:35:00,0.0
2024-11-05,departure,Zurich,Helsinki,finnair,Departed,10:35,10:40,2024-11-05 10:35:00,2024-11-05 10:40:00,5.0
2024-11-05,departure,Zurich,Singapore,singapore,Departed,10:35,10:35,2024-11-05 10:35:00,2024-11-05 10:35:00,0.0
2024-11-05,departure,Zurich,Madrid,europa,Departed,10:35,10:35,2024-11-05 10:35:00,2024-11-05 10:35:00,0.0
2024-11-05,departure,Zurich,Vienna,austrian,Departed,10:40,10:40,2024-11-05 10:40:00,2024-11-05 10:40:00,0.0
2024-11-05,departure,Zurich,Paris CDG,airfrance,Departed,10:50,11:00,2024-11-05 10:50:00,2024-11-05 11:00:00,10.0
2024-11-05,departure,Zurich,Frankfurt,swiss,Departed,07:00,07:00,2024-11-05 07:00:00,2024-11-05 07:00:00,0.0
2024-11-05,departure,Zurich,Warsaw,swiss,Departed,07:00,07:00,2024-11-05 07:00:00,2024-11-05 07:00:00,0.0
2024-11-05,departure,Zurich,Birmingham,swiss,Departed,07:00,07:10,2024-11-05 07:00:00,2024-11-05 07:10:00,10.0
2024-11-05,departure,Zurich,Manchester,swiss,Departed,07:00,07:05,2024-11-05 07:00:00,2024-11-05 07:05:00,5.0
2024-11-05,departure,Zurich,London LHR,swiss,Departed,07:05,07:10,2024-11-05 07:05:00,2024-11-05 07:10:00,5.0
2024-11-05,departure,Zurich,Gothenburg,swiss,Departed,07:05,07:05,2024-11-05 07:05:00,2024-11-05 07:05:00,0.0
2024-11-05,departure,Zurich,Copenhagen,swiss,Departed,07:05,07:05,2024-11-05 07:05:00,2024-11-05 07:05:00,0.0
2024-11-05,departure,Zurich,Budapest,swiss,Departed,07:10,07:10,2024-11-05 07:10:00,2024-11-05 07:10:00,0.0
2024-11-05,departure,Zurich,Dresden,swiss,Departed,07:10,07:10,2024-11-05 07:10:00,2024-11-05 07:10:00,0.0
2024-11-05,departure,Zurich,Hamburg,swiss,Departed,07:10,07:10,2024-11-05 07:10:00,2024-11-05 07:10:00,0.0
2024-11-05,departure,Zurich,Munich,swiss,Departed,07:10,07:10,2024-11-05 07:10:00,2024-11-05 07:10:00,0.0
2024-11-05,departure,Zurich,Berlin,swiss,Departed,07:15,07:15,2024-11-05 07:15:00,2024-11-05 07:15:00,0.0
2024-11-05,departure,Zurich,Amsterdam,swiss,Departed,07:15,07:15,2024-11-05 07:15:00,2024-11-05 07:15:00,0.0
2024-11-05,departure,Zurich,Barcelona,swiss,Departed,07:15,07:25,2024-11-05 07:15:00,2024-11-05 07:25:00,10.0
2024-11-05,departure,Zurich,Hanover,swiss,Departed,07:20,07:20,2024-11-05 07:20:00,2024-11-05 07:20:00,0.0
2024-11-05,departure,Zurich,Vienna,swiss,Departed,07:20,07:25,2024-11-05 07:20:00,2024-11-05 07:25:00,5.0
2024-11-05,departure,Zurich,Rome FCO,swiss,Departed,07:20,07:20,2024-11-05 07:20:00,2024-11-05 07:20:00,0.0
2024-11-05,departure,Zurich,Düsseldorf,swiss,Departed,07:20,07:20,2024-11-05 07:20:00,2024-11-05 07:20:00,0.0
2024-11-05,departure,Zurich,Paris CDG,swiss,Departed,07:25,07:40,2024-11-05 07:25:00,2024-11-05 07:40:00,15.0
2024-11-05,departure,Zurich,Nice,swiss,Departed,07:25,07:25,2024-11-05 07:25:00,2024-11-05 07:25:00,0.0
2024-11-05,departure,Zurich,Prague,swiss,Departed,07:25,07:30,2024-11-05 07:25:00,2024-11-05 07:30:00,5.0
2024-11-05,departure,Zurich,Florence,swiss,Departed,07:30,07:30,2024-11-05 07:30:00,2024-11-05 07:30:00,0.0
2024-11-05,departure,Zurich,Madrid,iberia,Departed,07:30,07:30,2024-11-05 07:30:00,2024-11-05 07:30:00,0.0
2024-11-05,departure,Zurich,Brussels,swiss,Departed,07:30,07:30,2024-11-05 07:30:00,2024-11-05 07:30:00,0.0
2024-11-05,departure,Zurich,Geneva,swiss,Departed,07:30,07:30,2024-11-05 07:30:00,2024-11-05 07:30:00,0.0
2024-11-05,departure,Zurich,Venice,swiss,Departed,07:35,07:35,2024-11-05 07:35:00,2024-11-05 07:35:00,0.0
2024-11-05,departure,Zurich,Bologna,swiss,Departed,07:35,07:35,2024-11-05 07:35:00,2024-11-05 07:35:00,0.0
2024-11-05,departure,Zurich,Luxembourg,swiss,Departed,07:35,07:45,2024-11-05 07:35:00,2024-11-05 07:45:00,10.0
2024-11-05,departure,Zurich,London LCY,swiss,Departed,07:55,07:55,2024-11-05 07:55:00,2024-11-05 07:55:00,0.0
2024-11-05,departure,Zurich,Vilnius,swiss,Departed,08:10,08:10,2024-11-05 08:10:00,2024-11-05 08:10:00,0.0
2024-11-05,departure,Zurich,Amsterdam,swiss,Departed,08:10,08:10,2024-11-05 08:10:00,2024-11-05 08:10:00,0.0
2024-11-05,departure,Zurich,Cologne Bonn,euro,Departed,08:30,08:30,2024-11-05 08:30:00,2024-11-05 08:30:00,0.0
2024-11-05,departure,Zurich,Berlin,swiss,Departed,08:30,08:45,2024-11-05 08:30:00,2024-11-05 08:45:00,15.0
2024-11-05,departure,Zurich,Düsseldorf,euro,Departed,08:35,13:55,2024-11-05 08:35:00,2024-11-05 13:55:00,320.0
2024-11-05,departure,Zurich,Hamburg,swiss,Departed,08:35,08:35,2024-11-05 08:35:00,2024-11-05 08:35:00,0.0
2024-11-05,departure,Zurich,Rhodesvia Kos,edelweiss,Departed,08:45,08:45,2024-11-05 08:45:00,2024-11-05 08:45:00,0.0
2024-11-05,departure,Zurich,Brussels,brussels_airlines_logo,Departed,08:45,08:45,2024-11-05 08:45:00,2024-11-05 08:45:00,0.0
2024-11-05,departure,Zurich,Doha,qatar,Departed,08:45,08:35,2024-11-05 08:45:00,2024-11-05 08:35:00,-10.0
2024-11-05,departure,Zurich,Milan MXP,swiss,Departed,08:55,08:55,2024-11-05 08:55:00,2024-11-05 08:55:00,0.0
2024-11-05,departure,Zurich,Pristina,chair,Departed,06:00,06:05,2024-11-05 06:00:00,2024-11-05 06:05:00,5.0
2024-11-05,departure,Zurich,Lisbon,tap,Departed,06:10,06:10,2024-11-05 06:10:00,2024-11-05 06:10:00,0.0
2024-11-05,departure,Zurich,Pristina,chair,Departed,06:30,06:30,2024-11-05 06:30:00,2024-11-05 06:30:00,0.0
2024-11-05,departure,Zurich,Paris CDG,airfrance,Departed,06:30,06:30,2024-11-05 06:30:00,2024-11-05 06:30:00,0.0
2024-11-05,departure,Zurich,Istanbul IST,turkish,Departed,06:45,06:45,2024-11-05 06:45:00,2024-11-05 06:45:00,0.0
2024-11-05,departure,Zurich,Pristina,edelweiss,Departed,06:45,06:45,2024-11-05 06:45:00,2024-11-05 06:45:00,0.0
2024-11-05,departure,Zurich,London LHR,british,Departed,06:50,06:45,2024-11-05 06:50:00,2024-11-05 06:45:00,-5.0
2024-11-05,departure,Zurich,London LCY,swiss,Departed,06:50,06:55,2024-11-05 06:50:00,2024-11-05 06:55:00,5.0
2024-11-05,departure,Zurich,Malta,swiss,Departed,06:55,07:15,2024-11-05 06:55:00,2024-11-05 07:15:00,20.0
2024-11-05,departure,Zurich,Madrid,swiss,Departed,06:55,07:00,2024-11-05 06:55:00,2024-11-05 07:00:00,5.0
2024-11-05,departure,Zurich,Amsterdam,klm,Departed,06:55,06:55,2024-11-05 06:55:00,2024-11-05 06:55:00,0.0
2024-11-11,arrival,Zurich,Geneva,swiss,Landed,21:05,20:48,2024-11-11 21:05:00,2024-11-11 20:48:00,-17.0
2024-11-11,arrival,Zurich,Berlin,swiss,Landed,21:05,20:58,2024-11-11 21:05:00,2024-11-11 20:58:00,-7.0
2024-11-11,arrival,Zurich,Paris CDG,swiss,Landed,21:10,21:26,2024-11-11 21:10:00,2024-11-11 21:26:00,16.0
2024-11-11,arrival,Zurich,Venice,swiss,Landed,21:15,21:05,2024-11-11 21:15:00,2024-11-11 21:05:00,-10.0
2024-11-11,arrival,Zurich,Prague,swiss,Landed,21:20,21:22,2024-11-11 21:20:00,2024-11-11 21:22:00,2.0
2024-11-11,arrival,Zurich,Brussels,swiss,Landed,21:20,21:19,2024-11-11 21:20:00,2024-11-11 21:19:00,-1.0
2024-11-11,arrival,Zurich,Nice,swiss,Landed,21:20,21:17,2024-11-11 21:20:00,2024-11-11 21:17:00,-3.0
2024-11-11,arrival,Zurich,Hanover,swiss,Landed,21:25,21:16,2024-11-11 21:25:00,2024-11-11 21:16:00,-9.0
2024-11-11,arrival,Zurich,London LGW,swiss,Landed,21:25,21:30,2024-11-11 21:25:00,2024-11-11 21:30:00,5.0
2024-11-11,arrival,Zurich,Košice,swiss,Landed,21:25,21:13,2024-11-11 21:25:00,2024-11-11 21:13:00,-12.0
2024-11-11,arrival,Zurich,London LHR,swiss,Landed,21:30,21:02,2024-11-11 21:30:00,2024-11-11 21:02:00,-28.0
2024-11-11,arrival,Zurich,Düsseldorf,swiss,Landed,21:30,21:29,2024-11-11 21:30:00,2024-11-11 21:29:00,-1.0
2024-11-11,arrival,Zurich,Amsterdam,swiss,Landed,21:30,21:41,2024-11-11 21:30:00,2024-11-11 21:41:00,11.0
2024-11-11,arrival,Zurich,Rome FCO,swiss,Landed,21:35,21:35,2024-11-11 21:35:00,2024-11-11 21:35:00,0.0
2024-11-11,arrival,Zurich,Hamburg,swiss,Landed,21:35,21:45,2024-11-11 21:35:00,2024-11-11 21:45:00,10.0
2024-11-11,arrival,Zurich,Budapest,swiss,Landed,21:40,21:56,2024-11-11 21:40:00,2024-11-11 21:56:00,16.0
2024-11-11,arrival,Zurich,Vienna,swiss,Landed,21:40,21:40,2024-11-11 21:40:00,2024-11-11 21:40:00,0.0
2024-11-11,arrival,Zurich,Munich,swiss,Landed,21:45,21:58,2024-11-11 21:45:00,2024-11-11 21:58:00,13.0
2024-11-11,arrival,Zurich,Manchester,swiss,Landed,21:45,22:05,2024-11-11 21:45:00,2024-11-11 22:05:00,20.0
2024-11-11,arrival,Zurich,Copenhagen,swiss,Landed,21:45,21:38,2024-11-11 21:45:00,2024-11-11 21:38:00,-7.0
2024-11-11,arrival,Zurich,Barcelona,swiss,Landed,21:50,21:53,2024-11-11 21:50:00,2024-11-11 21:53:00,3.0
2024-11-11,arrival,Zurich,Dublin,swiss,Landed,21:50,22:07,2024-11-11 21:50:00,2024-11-11 22:07:00,17.0
2024-11-11,arrival,Zurich,Frankfurt,swiss,Landed,21:50,22:14,2024-11-11 21:50:00,2024-11-11 22:14:00,24.0
2024-11-11,arrival,Zurich,Warsaw,swiss,Landed,21:50,21:54,2024-11-11 21:50:00,2024-11-11 21:54:00,4.0
2024-11-11,arrival,Zurich,Madrid,swiss,Landed,21:55,22:21,2024-11-11 21:55:00,2024-11-11 22:21:00,26.0
2024-11-11,arrival,Zurich,Oslo,swiss,Landed,21:55,21:33,2024-11-11 21:55:00,2024-11-11 21:33:00,-22.0
2024-11-11,arrival,Zurich,Gothenburg,swiss,Landed,22:00,21:50,2024-11-11 22:00:00,2024-11-11 21:50:00,-10.0
2024-11-11,arrival,Zurich,London LCY,swiss,Landed,22:00,22:20,2024-11-11 22:00:00,2024-11-11 22:20:00,20.0
2024-11-11,arrival,Zurich,Cairo,swiss,Landed,22:00,22:16,2024-11-11 22:00:00,2024-11-11 22:16:00,16.0
2024-11-11,arrival,Zurich,London LHR,british,Landed,22:00,22:10,2024-11-11 22:00:00,2024-11-11 22:10:00,10.0
2024-11-11,arrival,Zurich,Valencia,swiss,Landed,22:05,22:08,2024-11-11 22:05:00,2024-11-11 22:08:00,3.0
2024-11-11,arrival,Zurich,Luxorvia Sharm El Sheikh,edelweiss,Landed,22:10,22:37,2024-11-11 22:10:00,2024-11-11 22:37:00,27.0
2024-11-11,arrival,Zurich,Berlin,swiss,Landed,22:10,22:15,2024-11-11 22:10:00,2024-11-11 22:15:00,5.0
2024-11-11,arrival,Zurich,Skopje,chair,Landed,22:15,22:27,2024-11-11 22:15:00,2024-11-11 22:27:00,12.0
2024-11-11,arrival,Zurich,Pristina,chair,Landed,22:20,22:23,2024-11-11 22:20:00,2024-11-11 22:23:00,3.0
2024-11-11,arrival,Zurich,Istanbul IST,turkish,Landed,22:20,22:00,2024-11-11 22:20:00,2024-11-11 22:00:00,-20.0
2024-11-11,arrival,Zurich,Madrid,iberia,Landed,22:20,22:30,2024-11-11 22:20:00,2024-11-11 22:30:00,10.0
2024-11-11,arrival,Zurich,Malta,swiss,Landed,22:30,23:03,2024-11-11 22:30:00,2024-11-11 23:03:00,33.0
2024-11-11,arrival,Zurich,Paris CDG,airfrance,Landed,22:30,22:25,2024-11-11 22:30:00,2024-11-11 22:25:00,-5.0
2024-11-11,arrival,Zurich,Amsterdam,klm,Landed,22:30,23:13,2024-11-11 22:30:00,2024-11-11 23:13:00,43.0
2024-11-11,arrival,Zurich,Lisbon,tap,Landed,22:35,22:58,2024-11-11 22:35:00,2024-11-11 22:58:00,23.0
2024-11-11,arrival,Zurich,London LHR,swiss,Landed,22:45,22:40,2024-11-11 22:45:00,2024-11-11 22:40:00,-5.0
2024-11-11,arrival,Zurich,Lamezia Terme,edelweiss,Landed,22:50,22:35,2024-11-11 22:50:00,2024-11-11 22:35:00,-15.0
2024-11-11,arrival,Zurich,Pristina,edelweiss,Landed,22:55,22:44,2024-11-11 22:55:00,2024-11-11 22:44:00,-11.0
2024-11-11,arrival,Zurich,Palma De Mallorca,edelweiss,Landed,22:55,22:52,2024-11-11 22:55:00,2024-11-11 22:52:00,-3.0
2024-11-11,arrival,Zurich,Shanghai,swiss,Landed,19:00,18:55,2024-11-11 19:00:00,2024-11-11 18:55:00,-5.0
2024-11-11,arrival,Zurich,Warsaw,lot,Landed,19:05,19:01,2024-11-11 19:05:00,2024-11-11 19:01:00,-4.0
2024-11-11,arrival,Zurich,Muscat,oman,Landed,19:05,18:33,2024-11-11 19:05:00,2024-11-11 18:33:00,-32.0
2024-11-11,arrival,Zurich,Ponta Delgada,edelweiss,Landed,19:10,19:01,2024-11-11 19:10:00,2024-11-11 19:01:00,-9.0
2024-11-11,arrival,Zurich,Frankfurt,lufthansa_neu,Landed,19:10,19:03,2024-11-11 19:10:00,2024-11-11 19:03:00,-7.0
2024-11-11,arrival,Zurich,Gran Canaria,edelweiss,Landed,19:15,19:08,2024-11-11 19:15:00,2024-11-11 19:08:00,-7.0
2024-11-11,arrival,Zurich,Zagreb,croatia_v2,Landed,19:15,19:23,2024-11-11 19:15:00,2024-11-11 19:23:00,8.0
2024-11-11,arrival,Zurich,Lisbon,swiss,Landed,19:15,19:55,2024-11-11 19:15:00,2024-11-11 19:55:00,40.0
2024-11-11,arrival,Zurich,Tenerife,edelweiss,Landed,19:15,19:10,2024-11-11 19:15:00,2024-11-11 19:10:00,-5.0
2024-11-11,arrival,Zurich,Pristina,gp-aviation,Landed,19:20,19:38,2024-11-11 19:20:00,2024-11-11 19:38:00,18.0
2024-11-11,arrival,Zurich,Berlin,euro,Landed,19:25,19:30,2024-11-11 19:25:00,2024-11-11 19:30:00,5.0
2024-11-11,arrival,Zurich,Bangkok,swiss,Landed,19:25,19:34,2024-11-11 19:25:00,2024-11-11 19:34:00,9.0
2024-11-11,arrival,Zurich,Cologne Bonn,euro,Landed,19:30,19:28,2024-11-11 19:30:00,2024-11-11 19:28:00,-2.0
2024-11-11,arrival,Zurich,Hamburg,euro,Landed,19:30,19:26,2024-11-11 19:30:00,2024-11-11 19:26:00,-4.0
2024-11-11,arrival,Zurich,Athens,swiss,Landed,19:35,19:45,2024-11-11 19:35:00,2024-11-11 19:45:00,10.0
2024-11-11,arrival,Zurich,Seville,edelweiss,Landed,19:35,19:33,2024-11-11 19:35:00,2024-11-11 19:33:00,-2.0
2024-11-11,arrival,Zurich,Munich,lufthansa_neu,Landed,19:35,19:23,2024-11-11 19:35:00,2024-11-11 19:23:00,-12.0
2024-11-11,arrival,Zurich,Copenhagen,sas,Landed,19:45,19:54,2024-11-11 19:45:00,2024-11-11 19:54:00,9.0
2024-11-11,arrival,Zurich,Düsseldorf,swiss,Landed,19:45,19:48,2024-11-11 19:45:00,2024-11-11 19:48:00,3.0
2024-11-11,arrival,Zurich,Dubai DXB,emirates-neu,Landed,19:50,19:37,2024-11-11 19:50:00,2024-11-11 19:37:00,-13.0
2024-11-11,arrival,Zurich,Vienna,austrian,Landed,19:50,19:57,2024-11-11 19:50:00,2024-11-11 19:57:00,7.0
2024-11-11,arrival,Zurich,Phuket,edelweiss,Landed,19:55,19:56,2024-11-11 19:55:00,2024-11-11 19:56:00,1.0
2024-11-11,arrival,Zurich,Geneva,swiss,Landed,19:55,19:42,2024-11-11 19:55:00,2024-11-11 19:42:00,-13.0
2024-11-11,arrival,Zurich,Hurghada,edelweiss,Landed,19:55,19:47,2024-11-11 19:55:00,2024-11-11 19:47:00,-8.0
2024-11-11,arrival,Zurich,Belgrade,serbia,Landed,19:55,20:13,2024-11-11 19:55:00,2024-11-11 20:13:00,18.0
2024-11-11,arrival,Zurich,Milan MXP,swiss,Landed,20:00,20:01,2024-11-11 20:00:00,2024-11-11 20:01:00,1.0
2024-11-11,arrival,Zurich,Brussels,swiss,Landed,20:00,19:42,2024-11-11 20:00:00,2024-11-11 19:42:00,-18.0
2024-11-11,arrival,Zurich,London LHR,swiss,Landed,20:00,19:51,2024-11-11 20:00:00,2024-11-11 19:51:00,-9.0
2024-11-11,arrival,Zurich,Luxembourg,swiss,Landed,20:00,19:52,2024-11-11 20:00:00,2024-11-11 19:52:00,-8.0
2024-11-11,arrival,Zurich,Berlin,swiss,Landed,20:05,20:17,2024-11-11 20:05:00,2024-11-11 20:17:00,12.0
2024-11-11,arrival,Zurich,London LHR,british,Landed,20:05,20:08,2024-11-11 20:05:00,2024-11-11 20:08:00,3.0
2024-11-11,arrival,Zurich,Bologna,swiss,Landed,20:10,20:12,2024-11-11 20:10:00,2024-11-11 20:12:00,2.0
2024-11-11,arrival,Zurich,Stuttgart,swiss,Landed,20:10,20:18,2024-11-11 20:10:00,2024-11-11 20:18:00,8.0
2024-11-11,arrival,Zurich,Düsseldorf,euro,Landed,20:10,20:04,2024-11-11 20:10:00,2024-11-11 20:04:00,-6.0
2024-11-11,arrival,Zurich,Hamburg,swiss,Landed,20:10,20:08,2024-11-11 20:10:00,2024-11-11 20:08:00,-2.0
2024-11-11,arrival,Zurich,Palma De Mallorca,swiss,Landed,20:15,20:10,2024-11-11 20:15:00,2024-11-11 20:10:00,-5.0
2024-11-11,arrival,Zurich,London LCY,swiss,Landed,20:20,20:05,2024-11-11 20:20:00,2024-11-11 20:05:00,-15.0
2024-11-11,arrival,Zurich,Tel Aviv,elalisrael,Landed,20:20,21:23,2024-11-11 20:20:00,2024-11-11 21:23:00,63.0
2024-11-11,arrival,Zurich,Berlin,easyjet,Landed,20:35,20:24,2024-11-11 20:35:00,2024-11-11 20:24:00,-11.0
2024-11-11,arrival,Zurich,Barcelona,vueling,Landed,20:40,20:20,2024-11-11 20:40:00,2024-11-11 20:20:00,-20.0
2024-11-11,arrival,Zurich,Porto,easyjet,Landed,20:40,20:33,2024-11-11 20:40:00,2024-11-11 20:33:00,-7.0
2024-11-11,arrival,Zurich,Catania,edelweiss,Landed,17:05,17:17,2024-11-11 17:05:00,2024-11-11 17:17:00,12.0
2024-11-11,arrival,Zurich,Istanbul IST,turkish,Landed,17:05,16:53,2024-11-11 17:05:00,2024-11-11 16:53:00,-12.0
2024-11-11,arrival,Zurich,Manchester,swiss,Landed,17:10,17:00,2024-11-11 17:10:00,2024-11-11 17:00:00,-10.0
2024-11-11,arrival,Zurich,Lisbon,tap,Landed,17:10,20:38,2024-11-11 17:10:00,2024-11-11 20:38:00,208.0
2024-11-11,arrival,Zurich,Berlin,swiss,Landed,17:15,17:23,2024-11-11 17:15:00,2024-11-11 17:23:00,8.0
2024-11-11,arrival,Zurich,Madrid,europa,Landed,17:15,17:45,2024-11-11 17:15:00,2024-11-11 17:45:00,30.0
2024-11-11,arrival,Zurich,Frankfurt,lufthansa_neu,Landed,17:15,17:32,2024-11-11 17:15:00,2024-11-11 17:32:00,17.0
2024-11-11,arrival,Zurich,Edinburgh,edelweiss,Landed,17:35,17:34,2024-11-11 17:35:00,2024-11-11 17:34:00,-1.0
2024-11-11,arrival,Zurich,Stockholm,swiss,Landed,17:55,17:53,2024-11-11 17:55:00,2024-11-11 17:53:00,-2.0
2024-11-11,arrival,Zurich,Paris CDG,airfrance,Landed,17:55,18:02,2024-11-11 17:55:00,2024-11-11 18:02:00,7.0
2024-11-11,arrival,Zurich,Delhi,air_india_logo,Landed,18:15,18:06,2024-11-11 18:15:00,2024-11-11 18:06:00,-9.0
2024-11-11,arrival,Zurich,Bucharest,swiss,Landed,18:15,18:24,2024-11-11 18:15:00,2024-11-11 18:24:00,9.0
2024-11-11,arrival,Zurich,Helsinki,finnair,Landed,18:20,18:28,2024-11-11 18:20:00,2024-11-11 18:28:00,8.0
2024-11-11,arrival,Zurich,Malaga,swiss,Landed,18:20,18:21,2024-11-11 18:20:00,2024-11-11 18:21:00,1.0
2024-11-11,arrival,Zurich,Tokyo,swiss,Landed,18:30,18:31,2024-11-11 18:30:00,2024-11-11 18:31:00,1.0
2024-11-11,arrival,Zurich,London LCY,british,Landed,18:35,18:24,2024-11-11 18:35:00,2024-11-11 18:24:00,-11.0
2024-11-11,arrival,Zurich,Vienna,austrian,Landed,18:40,18:42,2024-11-11 18:40:00,2024-11-11 18:42:00,2.0
2024-11-11,arrival,Zurich,London LHR,british,Landed,18:40,18:32,2024-11-11 18:40:00,2024-11-11 18:32:00,-8.0
2024-11-11,arrival,Zurich,Madrid,iberia,Landed,18:55,20:02,2024-11-11 18:55:00,2024-11-11 20:02:00,67.0
2024-11-11,arrival,Zurich,Valencia,swiss,Landed,15:00,14:53,2024-11-11 15:00:00,2024-11-11 14:53:00,-7.0
2024-11-11,arrival,Zurich,Düsseldorf,euro,Landed,15:10,15:09,2024-11-11 15:10:00,2024-11-11 15:09:00,-1.0
2024-11-11,arrival,Zurich,Los Angeles,swiss,Landed,15:15,15:04,2024-11-11 15:15:00,2024-11-11 15:04:00,-11.0
2024-11-11,arrival,Zurich,Paris CDG,airfrance,Landed,15:15,15:16,2024-11-11 15:15:00,2024-11-11 15:16:00,1.0
2024-11-11,arrival,Zurich,Porto,swiss,Landed,15:30,15:38,2024-11-11 15:30:00,2024-11-11 15:38:00,8.0
2024-11-11,arrival,Zurich,London LHR,british,Landed,15:30,15:14,2024-11-11 15:30:00,2024-11-11 15:14:00,-16.0
2024-11-11,arrival,Zurich,Oslo,swiss,Landed,15:30,15:01,2024-11-11 15:30:00,2024-11-11 15:01:00,-29.0
2024-11-11,arrival,Zurich,San Francisco,swiss,Landed,15:30,15:07,2024-11-11 15:30:00,2024-11-11 15:07:00,-23.0
2024-11-11,arrival,Zurich,Hanover,swiss,Landed,15:35,15:18,2024-11-11 15:35:00,2024-11-11 15:18:00,-17.0
2024-11-11,arrival,Zurich,Porto,tap,Landed,15:35,15:41,2024-11-11 15:35:00,2024-11-11 15:41:00,6.0
2024-11-11,arrival,Zurich,Stockholm,swiss,Landed,15:40,15:29,2024-11-11 15:40:00,2024-11-11 15:29:00,-11.0
2024-11-11,arrival,Zurich,Frankfurt,swiss,Landed,15:40,15:42,2024-11-11 15:40:00,2024-11-11 15:42:00,2.0
2024-11-11,arrival,Zurich,Hurghada,chair,Landed,15:40,15:56,2024-11-11 15:40:00,2024-11-11 15:56:00,16.0
2024-11-11,arrival,Zurich,Malaga,swiss,Landed,15:40,15:42,2024-11-11 15:40:00,2024-11-11 15:42:00,2.0
2024-11-11,arrival,Zurich,Geneva,swiss,Landed,15:45,15:47,2024-11-11 15:45:00,2024-11-11 15:47:00,2.0
2024-11-11,arrival,Zurich,Nice,swiss,Landed,15:50,15:45,2024-11-11 15:50:00,2024-11-11 15:45:00,-5.0
2024-11-11,arrival,Zurich,Lisbon,swiss,Landed,16:00,16:21,2024-11-11 16:00:00,2024-11-11 16:21:00,21.0
2024-11-11,arrival,Zurich,Düsseldorf,swiss,Landed,16:00,15:49,2024-11-11 16:00:00,2024-11-11 15:49:00,-11.0
2024-11-11,arrival,Zurich,Milan MXP,swiss,Landed,16:05,15:55,2024-11-11 16:05:00,2024-11-11 15:55:00,-10.0
2024-11-11,arrival,Zurich,London LCY,swiss,Landed,16:05,15:56,2024-11-11 16:05:00,2024-11-11 15:56:00,-9.0
2024-11-11,arrival,Zurich,Florence,swiss,Landed,16:10,16:47,2024-11-11 16:10:00,2024-11-11 16:47:00,37.0
2024-11-11,arrival,Zurich,Prague,swiss,Landed,16:10,16:23,2024-11-11 16:10:00,2024-11-11 16:23:00,13.0
2024-11-11,arrival,Zurich,Munich,lufthansa_neu,Landed,16:10,16:09,2024-11-11 16:10:00,2024-11-11 16:09:00,-1.0
2024-11-11,arrival,Zurich,Paris CDG,swiss,Landed,16:15,16:00,2024-11-11 16:15:00,2024-11-11 16:00:00,-15.0
2024-11-11,arrival,Zurich,Hamburg,swiss,Landed,16:15,16:08,2024-11-11 16:15:00,2024-11-11 16:08:00,-7.0
2024-11-11,arrival,Zurich,Brussels,swiss,Landed,16:15,16:06,2024-11-11 16:15:00,2024-11-11 16:06:00,-9.0
2024-11-11,arrival,Zurich,Sofia,swiss,Landed,16:20,16:09,2024-11-11 16:20:00,2024-11-11 16:09:00,-11.0
2024-11-11,arrival,Zurich,Vienna,swiss,Landed,16:20,16:24,2024-11-11 16:20:00,2024-11-11 16:24:00,4.0
2024-11-11,arrival,Zurich,Berlin,swiss,Landed,16:20,16:32,2024-11-11 16:20:00,2024-11-11 16:32:00,12.0
2024-11-11,arrival,Zurich,Venice,swiss,Landed,16:25,16:22,2024-11-11 16:25:00,2024-11-11 16:22:00,-3.0
2024-11-11,arrival,Zurich,Rome FCO,swiss,Landed,16:25,16:56,2024-11-11 16:25:00,2024-11-11 16:56:00,31.0
2024-11-11,arrival,Zurich,Ljubljana,swiss,Landed,16:25,16:13,2024-11-11 16:25:00,2024-11-11 16:13:00,-12.0
2024-11-11,arrival,Zurich,Marseille,swiss,Landed,16:30,16:02,2024-11-11 16:30:00,2024-11-11 16:02:00,-28.0
2024-11-11,arrival,Zurich,Dublin,swiss,Landed,16:30,16:19,2024-11-11 16:30:00,2024-11-11 16:19:00,-11.0
2024-11-11,arrival,Zurich,Belgrade,swiss,Landed,16:30,16:37,2024-11-11 16:30:00,2024-11-11 16:37:00,7.0
2024-11-11,arrival,Zurich,Warsaw,swiss,Landed,16:35,16:37,2024-11-11 16:35:00,2024-11-11 16:37:00,2.0
2024-11-11,arrival,Zurich,Cluj-Napoca,swiss,Landed,16:35,16:15,2024-11-11 16:35:00,2024-11-11 16:15:00,-20.0
2024-11-11,arrival,Zurich,Sarajevo,swiss,Landed,16:35,16:27,2024-11-11 16:35:00,2024-11-11 16:27:00,-8.0
2024-11-11,arrival,Zurich,Budapest,swiss,Landed,16:35,16:31,2024-11-11 16:35:00,2024-11-11 16:31:00,-4.0
2024-11-11,arrival,Zurich,Copenhagen,swiss,Landed,16:40,16:34,2024-11-11 16:40:00,2024-11-11 16:34:00,-6.0
2024-11-11,arrival,Zurich,Barcelona,swiss,Landed,16:40,16:38,2024-11-11 16:40:00,2024-11-11 16:38:00,-2.0
2024-11-11,arrival,Zurich,Amsterdam,klm,Landed,16:45,16:50,2024-11-11 16:45:00,2024-11-11 16:50:00,5.0
2024-11-11,arrival,Zurich,London LHR,swiss,Landed,16:45,16:42,2024-11-11 16:45:00,2024-11-11 16:42:00,-3.0
2024-11-11,arrival,Zurich,Malta,km_malta_airlines,Landed,16:50,16:51,2024-11-11 16:50:00,2024-11-11 16:51:00,1.0
2024-11-11,arrival,Zurich,Naples,swiss,Landed,16:50,16:51,2024-11-11 16:50:00,2024-11-11 16:51:00,1.0
2024-11-11,arrival,Zurich,Amsterdam,swiss,Landed,16:50,16:42,2024-11-11 16:50:00,2024-11-11 16:42:00,-8.0
2024-11-11,arrival,Zurich,Wroclaw,swiss,Landed,16:50,16:30,2024-11-11 16:50:00,2024-11-11 16:30:00,-20.0
2024-11-11,arrival,Zurich,Marrakesh,edelweiss,Landed,16:55,16:54,2024-11-11 16:55:00,2024-11-11 16:54:00,-1.0
2024-11-11,arrival,Zurich,Palma De Mallorca,swiss,Landed,16:55,16:48,2024-11-11 16:55:00,2024-11-11 16:48:00,-7.0
2024-11-11,arrival,Zurich,Istanbul SAW,ajet_logo,Landed,13:10,13:10,2024-11-11 13:10:00,2024-11-11 13:10:00,0.0
2024-11-11,arrival,Zurich,Hamburg,euro,Landed,13:25,13:17,2024-11-11 13:25:00,2024-11-11 13:17:00,-8.0
2024-11-11,arrival,Zurich,Amsterdam,klm,Landed,13:35,13:23,2024-11-11 13:35:00,2024-11-11 13:23:00,-12.0
2024-11-11,arrival,Zurich,Doha,qatar,Landed,13:40,12:59,2024-11-11 13:40:00,2024-11-11 12:59:00,-41.0
2024-11-11,arrival,Zurich,Riyadh,saudia_logo,Landed,13:45,13:33,2024-11-11 13:45:00,2024-11-11 13:33:00,-12.0
2024-11-11,arrival,Zurich,Istanbul IST,turkish,Landed,13:55,13:40,2024-11-11 13:55:00,2024-11-11 13:40:00,-15.0
2024-11-11,arrival,Zurich,Frankfurt,lufthansa_neu,Landed,13:55,14:16,2024-11-11 13:55:00,2024-11-11 14:16:00,21.0
2024-11-11,arrival,Zurich,Madrid,iberia,Landed,14:10,14:02,2024-11-11 14:10:00,2024-11-11 14:02:00,-8.0
2024-11-11,arrival,Zurich,London LCY,british,Landed,14:10,14:05,2024-11-11 14:10:00,2024-11-11 14:05:00,-5.0
2024-11-11,arrival,Zurich,Vienna,austrian,Landed,14:20,14:18,2024-11-11 14:20:00,2024-11-11 14:18:00,-2.0
2024-11-11,arrival,Zurich,London LHR,swiss,Landed,14:45,14:36,2024-11-11 14:45:00,2024-11-11 14:36:00,-9.0
2024-11-11,arrival,Zurich,Stuttgart,swiss,Landed,14:45,14:38,2024-11-11 14:45:00,2024-11-11 14:38:00,-7.0
2024-11-11,arrival,Zurich,Bogotávia Cartagena,edelweiss,Landed,14:45,14:46,2024-11-11 14:45:00,2024-11-11 14:46:00,1.0
2024-11-11,arrival,Zurich,Istanbul SAW,pegasus,Landed,14:50,14:55,2024-11-11 14:50:00,2024-11-11 14:55:00,5.0
2024-11-11,arrival,Zurich,Geneva,swiss,Landed,11:00,11:06,2024-11-11 11:00:00,2024-11-11 11:06:00,6.0
2024-11-11,arrival,Zurich,Hamburg,swiss,Landed,11:00,11:05,2024-11-11 11:00:00,2024-11-11 11:05:00,5.0
2024-11-11,arrival,Zurich,Tel Aviv,elalisrael,Landed,11:00,10:58,2024-11-11 11:00:00,2024-11-11 10:58:00,-2.0
2024-11-11,arrival,Zurich,Florence,swiss,Landed,11:00,11:15,2024-11-11 11:00:00,2024-11-11 11:15:00,15.0
2024-11-11,arrival,Zurich,Amsterdam,klm,Landed,11:05,10:56,2024-11-11 11:05:00,2024-11-11 10:56:00,-9.0
2024-11-11,arrival,Zurich,Berlin,swiss,Landed,11:05,10:57,2024-11-11 11:05:00,2024-11-11 10:57:00,-8.0
2024-11-11,arrival,Zurich,Brussels,swiss,Landed,11:05,10:48,2024-11-11 11:05:00,2024-11-11 10:48:00,-17.0
2024-11-11,arrival,Zurich,Madrid,iberia,Landed,11:10,11:15,2024-11-11 11:10:00,2024-11-11 11:15:00,5.0
2024-11-11,arrival,Zurich,Vienna,swiss,Landed,11:10,11:18,2024-11-11 11:10:00,2024-11-11 11:18:00,8.0
2024-11-11,arrival,Zurich,Boston,swiss,Landed,11:10,11:00,2024-11-11 11:10:00,2024-11-11 11:00:00,-10.0
2024-11-11,arrival,Zurich,Prague,swiss,Landed,11:10,11:25,2024-11-11 11:10:00,2024-11-11 11:25:00,15.0
2024-11-11,arrival,Zurich,Budapest,swiss,Landed,11:15,11:20,2024-11-11 11:15:00,2024-11-11 11:20:00,5.0
2024-11-11,arrival,Zurich,Hanover,swiss,Landed,11:15,11:43,2024-11-11 11:15:00,2024-11-11 11:43:00,28.0
2024-11-11,arrival,Zurich,Amsterdam,swiss,Landed,11:15,11:29,2024-11-11 11:15:00,2024-11-11 11:29:00,14.0
2024-11-11,arrival,Zurich,Paris CDG,swiss,Landed,11:20,11:33,2024-11-11 11:20:00,2024-11-11 11:33:00,13.0
2024-11-11,arrival,Zurich,Rome FCO,swiss,Landed,11:20,11:38,2024-11-11 11:20:00,2024-11-11 11:38:00,18.0
2024-11-11,arrival,Zurich,Nice,swiss,Landed,11:20,11:33,2024-11-11 11:20:00,2024-11-11 11:33:00,13.0
2024-11-11,arrival,Zurich,Tampa,edelweiss,Landed,11:25,11:23,2024-11-11 11:25:00,2024-11-11 11:23:00,-2.0
2024-11-11,arrival,Zurich,Belgrade,swiss,Landed,11:25,11:33,2024-11-11 11:25:00,2024-11-11 11:33:00,8.0
2024-11-11,arrival,Zurich,Krakow,swiss,Landed,11:30,11:40,2024-11-11 11:30:00,2024-11-11 11:40:00,10.0
2024-11-11,arrival,Zurich,Geneva,swiss,Landed,11:30,11:24,2024-11-11 11:30:00,2024-11-11 11:24:00,-6.0
2024-11-11,arrival,Zurich,Bremen,swiss,Landed,11:35,11:39,2024-11-11 11:35:00,2024-11-11 11:39:00,4.0
2024-11-11,arrival,Zurich,Stuttgart,swiss,Landed,11:35,11:38,2024-11-11 11:35:00,2024-11-11 11:38:00,3.0
2024-11-11,arrival,Zurich,Barcelona,swiss,Landed,11:40,11:55,2024-11-11 11:40:00,2024-11-11 11:55:00,15.0
2024-11-11,arrival,Zurich,Newark,swiss,Landed,11:40,11:35,2024-11-11 11:40:00,2024-11-11 11:35:00,-5.0
2024-11-11,arrival,Zurich,Copenhagen,swiss,Landed,11:40,11:21,2024-11-11 11:40:00,2024-11-11 11:21:00,-19.0
2024-11-11,arrival,Zurich,Milan MXP,swiss,Landed,11:45,11:48,2024-11-11 11:45:00,2024-11-11 11:48:00,3.0
2024-11-11,arrival,Zurich,Birmingham,swiss,Landed,11:45,11:56,2024-11-11 11:45:00,2024-11-11 11:56:00,11.0
2024-11-11,arrival,Zurich,London LCY,swiss,Landed,11:50,12:12,2024-11-11 11:50:00,2024-11-11 12:12:00,22.0
2024-11-11,arrival,Zurich,Warsaw,swiss,Landed,11:50,11:47,2024-11-11 11:50:00,2024-11-11 11:47:00,-3.0
2024-11-11,arrival,Zurich,London LHR,swiss,Landed,11:50,11:58,2024-11-11 11:50:00,2024-11-11 11:58:00,8.0
2024-11-11,arrival,Zurich,Pristina,edelweiss,Landed,11:50,11:46,2024-11-11 11:50:00,2024-11-11 11:46:00,-4.0
2024-11-11,arrival,Zurich,Manchester,swiss,Landed,11:55,12:07,2024-11-11 11:55:00,2024-11-11 12:07:00,12.0
2024-11-11,arrival,Zurich,Luxembourg,swiss,Landed,12:00,11:58,2024-11-11 12:00:00,2024-11-11 11:58:00,-2.0
2024-11-11,arrival,Zurich,Graz,swiss,Landed,12:00,12:00,2024-11-11 12:00:00,2024-11-11 12:00:00,0.0
2024-11-11,arrival,Zurich,Bologna,swiss,Landed,12:00,11:55,2024-11-11 12:00:00,2024-11-11 11:55:00,-5.0
2024-11-11,arrival,Zurich,Gothenburg,swiss,Landed,12:05,12:03,2024-11-11 12:05:00,2024-11-11 12:03:00,-2.0
2024-11-11,arrival,Zurich,Geneva,swiss,Landed,12:05,12:09,2024-11-11 12:05:00,2024-11-11 12:09:00,4.0
2024-11-11,arrival,Zurich,Oslo,sas,Landed,12:10,12:04,2024-11-11 12:10:00,2024-11-11 12:04:00,-6.0
2024-11-11,arrival,Zurich,Alicante,swiss,Landed,12:15,12:20,2024-11-11 12:15:00,2024-11-11 12:20:00,5.0
2024-11-11,arrival,Zurich,Madrid,swiss,Landed,12:20,12:18,2024-11-11 12:20:00,2024-11-11 12:18:00,-2.0
2024-11-11,arrival,Zurich,Berlin,swiss,Landed,12:20,12:12,2024-11-11 12:20:00,2024-11-11 12:12:00,-8.0
2024-11-11,arrival,Zurich,Amsterdam,swiss,Landed,12:25,12:27,2024-11-11 12:25:00,2024-11-11 12:27:00,2.0
2024-11-11,arrival,Zurich,Dubai DXB,emirates-neu,Landed,12:25,11:47,2024-11-11 12:25:00,2024-11-11 11:47:00,-38.0
2024-11-11,arrival,Zurich,Hamburg,swiss,Landed,12:30,12:26,2024-11-11 12:30:00,2024-11-11 12:26:00,-4.0
2024-11-11,arrival,Zurich,Lisbon,tap,Landed,12:40,12:49,2024-11-11 12:40:00,2024-11-11 12:49:00,9.0
2024-11-11,arrival,Zurich,Antalya,sun,Landed,12:50,12:32,2024-11-11 12:50:00,2024-11-11 12:32:00,-18.0
2024-11-11,arrival,Zurich,Munich,lufthansa_neu,Landed,12:55,12:53,2024-11-11 12:55:00,2024-11-11 12:53:00,-2.0
2024-11-11,arrival,Zurich,Cairo,egypt-air,Landed,12:55,12:45,2024-11-11 12:55:00,2024-11-11 12:45:00,-10.0
2024-11-11,arrival,Zurich,Hamburg,euro,Landed,09:05,09:12,2024-11-11 09:05:00,2024-11-11 09:12:00,7.0
2024-11-11,arrival,Zurich,London LGW,easyjet,Landed,09:20,09:56,2024-11-11 09:20:00,2024-11-11 09:56:00,36.0
2024-11-11,arrival,Zurich,Madrid,europa,Landed,09:25,09:15,2024-11-11 09:25:00,2024-11-11 09:15:00,-10.0
2024-11-11,arrival,Zurich,London LCY,british,Landed,09:30,09:21,2024-11-11 09:30:00,2024-11-11 09:21:00,-9.0
2024-11-11,arrival,Zurich,Warsaw,lot,Landed,09:35,09:31,2024-11-11 09:35:00,2024-11-11 09:31:00,-4.0
2024-11-11,arrival,Zurich,Thessaloniki,aegan,Landed,09:40,09:25,2024-11-11 09:40:00,2024-11-11 09:25:00,-15.0
2024-11-11,arrival,Zurich,Copenhagen,sas,Landed,09:45,09:45,2024-11-11 09:45:00,2024-11-11 09:45:00,0.0
2024-11-11,arrival,Zurich,Vienna,austrian,Landed,09:50,09:40,2024-11-11 09:50:00,2024-11-11 09:40:00,-10.0
2024-11-11,arrival,Zurich,Helsinki,finnair,Landed,09:50,09:55,2024-11-11 09:50:00,2024-11-11 09:55:00,5.0
2024-11-11,arrival,Zurich,London LTN,easyjet,Landed,09:50,09:36,2024-11-11 09:50:00,2024-11-11 09:36:00,-14.0
2024-11-11,arrival,Zurich,Paris CDG,airfrance,Landed,09:50,09:49,2024-11-11 09:50:00,2024-11-11 09:49:00,-1.0
2024-11-11,arrival,Zurich,Zagreb,croatia_v2,Landed,10:05,10:08,2024-11-11 10:05:00,2024-11-11 10:08:00,3.0
2024-11-11,arrival,Zurich,Frankfurt,swiss,Landed,10:05,10:24,2024-11-11 10:05:00,2024-11-11 10:24:00,19.0
2024-11-11,arrival,Zurich,Istanbul IST,turkish,Landed,10:10,09:33,2024-11-11 10:10:00,2024-11-11 09:33:00,-37.0
2024-11-11,arrival,Zurich,Munich,swiss,Landed,10:10,10:06,2024-11-11 10:10:00,2024-11-11 10:06:00,-4.0
2024-11-11,arrival,Zurich,Athens,aegan,Landed,10:20,10:11,2024-11-11 10:20:00,2024-11-11 10:11:00,-9.0
2024-11-11,arrival,Zurich,Toronto,canada,Landed,10:25,10:19,2024-11-11 10:25:00,2024-11-11 10:19:00,-6.0
2024-11-11,arrival,Zurich,Sao Paulo,swiss,Landed,10:30,10:25,2024-11-11 10:30:00,2024-11-11 10:25:00,-5.0
2024-11-11,arrival,Zurich,New York JFK,delta,Landed,10:30,10:27,2024-11-11 10:30:00,2024-11-11 10:27:00,-3.0
2024-11-11,arrival,Zurich,Manchester,easyjet,Landed,10:30,09:58,2024-11-11 10:30:00,2024-11-11 09:58:00,-32.0
2024-11-11,arrival,Zurich,Istanbul SAW,pegasus,Landed,10:35,10:22,2024-11-11 10:35:00,2024-11-11 10:22:00,-13.0
2024-11-11,arrival,Zurich,Washington,swiss,Landed,10:35,11:09,2024-11-11 10:35:00,2024-11-11 11:09:00,34.0
2024-11-11,arrival,Zurich,New York JFK,swiss,Landed,10:40,10:51,2024-11-11 10:40:00,2024-11-11 10:51:00,11.0
2024-11-11,arrival,Zurich,Frankfurt,lufthansa_neu,Landed,10:40,11:18,2024-11-11 10:40:00,2024-11-11 11:18:00,38.0
2024-11-11,arrival,Zurich,Chicago,swiss,Landed,10:45,10:33,2024-11-11 10:45:00,2024-11-11 10:33:00,-12.0
2024-11-11,arrival,Zurich,London LCY,swiss,Landed,10:45,10:38,2024-11-11 10:45:00,2024-11-11 10:38:00,-7.0
2024-11-11,arrival,Zurich,Bilbao,edelweiss,Landed,10:45,10:44,2024-11-11 10:45:00,2024-11-11 10:44:00,-1.0
2024-11-11,arrival,Zurich,Dresden,swiss,Landed,10:50,10:37,2024-11-11 10:50:00,2024-11-11 10:37:00,-13.0
2024-11-11,arrival,Zurich,Miami,swiss,Landed,10:50,11:11,2024-11-11 10:50:00,2024-11-11 11:11:00,21.0
2024-11-11,arrival,Zurich,Pristina,chair,Landed,10:55,10:46,2024-11-11 10:55:00,2024-11-11 10:46:00,-9.0
2024-11-11,arrival,Zurich,Venice,swiss,Landed,10:55,10:48,2024-11-11 10:55:00,2024-11-11 10:48:00,-7.0
2024-11-11,arrival,Zurich,Düsseldorf,swiss,Landed,10:55,10:47,2024-11-11 10:55:00,2024-11-11 10:47:00,-8.0
2024-11-11,arrival,Zurich,Doha,qatar,Landed,07:10,06:37,2024-11-11 07:10:00,2024-11-11 06:37:00,-33.0
2024-11-11,arrival,Zurich,Hong Kong,cathay,Landed,07:30,06:32,2024-11-11 07:30:00,2024-11-11 06:32:00,-58.0
2024-11-11,arrival,Zurich,Berlin,easyjet,Landed,07:30,07:13,2024-11-11 07:30:00,2024-11-11 07:13:00,-17.0
2024-11-11,arrival,Zurich,Washington,united,Landed,07:40,08:47,2024-11-11 07:40:00,2024-11-11 08:47:00,67.0
2024-11-11,arrival,Zurich,Addis Ababavia Milan,ethiopianairlineslogosvg,Landed,07:40,07:14,2024-11-11 07:40:00,2024-11-11 07:14:00,-26.0
2024-11-11,arrival,Zurich,Milan MXP,swiss,Landed,07:45,07:41,2024-11-11 07:45:00,2024-11-11 07:41:00,-4.0
2024-11-11,arrival,Zurich,Cologne Bonn,euro,Landed,07:45,07:54,2024-11-11 07:45:00,2024-11-11 07:54:00,9.0
2024-11-11,arrival,Zurich,Ljubljana,swiss,Landed,07:45,07:30,2024-11-11 07:45:00,2024-11-11 07:30:00,-15.0
2024-11-11,arrival,Zurich,Prague,swiss,Landed,07:50,07:54,2024-11-11 07:50:00,2024-11-11 07:54:00,4.0
2024-11-11,arrival,Zurich,Singapore,singapore,Landed,07:50,08:31,2024-11-11 07:50:00,2024-11-11 08:31:00,41.0
2024-11-11,arrival,Zurich,Düsseldorf,euro,Landed,07:55,07:48,2024-11-11 07:55:00,2024-11-11 07:48:00,-7.0
2024-11-11,arrival,Zurich,Chicago,united,Landed,07:55,07:27,2024-11-11 07:55:00,2024-11-11 07:27:00,-28.0
2024-11-11,arrival,Zurich,Brussels,brussels_airlines_logo,Landed,07:55,07:51,2024-11-11 07:55:00,2024-11-11 07:51:00,-4.0
2024-11-11,arrival,Zurich,Budapest,swiss,Landed,07:55,08:07,2024-11-11 07:55:00,2024-11-11 08:07:00,12.0
2024-11-11,arrival,Zurich,Paris CDG,swiss,Landed,08:00,07:52,2024-11-11 08:00:00,2024-11-11 07:52:00,-8.0
2024-11-11,arrival,Zurich,Bucharest,swiss,Landed,08:05,07:37,2024-11-11 08:05:00,2024-11-11 07:37:00,-28.0
2024-11-11,arrival,Zurich,Tallinn,swiss,Landed,08:05,07:49,2024-11-11 08:05:00,2024-11-11 07:49:00,-16.0
2024-11-11,arrival,Zurich,Berlin,euro,Landed,08:15,08:02,2024-11-11 08:15:00,2024-11-11 08:02:00,-13.0
2024-11-11,arrival,Zurich,Amsterdam,klm,Landed,08:15,08:11,2024-11-11 08:15:00,2024-11-11 08:11:00,-4.0
2024-11-11,arrival,Zurich,Philadelphia,american,Landed,08:15,08:09,2024-11-11 08:15:00,2024-11-11 08:09:00,-6.0
2024-11-11,arrival,Zurich,Barcelona,swiss,Landed,08:20,08:20,2024-11-11 08:20:00,2024-11-11 08:20:00,0.0
2024-11-11,arrival,Zurich,Frankfurt,lufthansa_neu,Landed,08:20,08:12,2024-11-11 08:20:00,2024-11-11 08:12:00,-8.0
2024-11-11,arrival,Zurich,Vienna,austrian,Landed,08:25,08:20,2024-11-11 08:25:00,2024-11-11 08:20:00,-5.0
2024-11-11,arrival,Zurich,Amsterdam,swiss,Landed,08:25,08:16,2024-11-11 08:25:00,2024-11-11 08:16:00,-9.0
2024-11-11,arrival,Zurich,Geneva,swiss,Landed,08:30,08:30,2024-11-11 08:30:00,2024-11-11 08:30:00,0.0
2024-11-11,arrival,Zurich,Riga,baltic,Landed,08:35,08:32,2024-11-11 08:35:00,2024-11-11 08:32:00,-3.0
2024-11-11,arrival,Zurich,Stockholm,swiss,Landed,08:35,08:25,2024-11-11 08:35:00,2024-11-11 08:25:00,-10.0
2024-11-11,arrival,Zurich,Newark,united,Landed,08:40,08:22,2024-11-11 08:40:00,2024-11-11 08:22:00,-18.0
2024-11-11,arrival,Zurich,London LHR,swiss,Landed,08:40,08:28,2024-11-11 08:40:00,2024-11-11 08:28:00,-12.0
2024-11-11,arrival,Zurich,Berlin,swiss,Landed,08:45,08:36,2024-11-11 08:45:00,2024-11-11 08:36:00,-9.0
2024-11-11,arrival,Zurich,Munich,lufthansa_neu,Landed,08:45,08:42,2024-11-11 08:45:00,2024-11-11 08:42:00,-3.0
2024-11-11,arrival,Zurich,Copenhagen,swiss,Landed,08:45,08:25,2024-11-11 08:45:00,2024-11-11 08:25:00,-20.0
2024-11-11,arrival,Zurich,Belgrade,serbia,Landed,08:50,08:37,2024-11-11 08:50:00,2024-11-11 08:37:00,-13.0
2024-11-11,arrival,Zurich,Athens,swiss,Cancelled,08:55,08:55,2024-11-11 08:55:00,2024-11-11 08:55:00,0.0
2024-11-11,arrival,Zurich,Barcelona,vueling,Landed,08:55,08:44,2024-11-11 08:55:00,2024-11-11 08:44:00,-11.0
2024-11-11,arrival,Zurich,Singapore,swiss,Landed,06:10,06:24,2024-11-11 06:10:00,2024-11-11 06:24:00,14.0
2024-11-11,arrival,Zurich,Mumbai,swiss,Landed,06:10,06:20,2024-11-11 06:10:00,2024-11-11 06:20:00,10.0
2024-11-11,arrival,Zurich,New York JFK,swiss,Landed,06:10,06:27,2024-11-11 06:10:00,2024-11-11 06:27:00,17.0
2024-11-11,arrival,Zurich,Hong Kong,swiss,Landed,06:10,06:10,2024-11-11 06:10:00,2024-11-11 06:10:00,0.0
2024-11-11,arrival,Zurich,Dubai DXB,swiss,Landed,06:15,06:14,2024-11-11 06:15:00,2024-11-11 06:14:00,-1.0
2024-11-11,arrival,Zurich,Montreal,swiss,Landed,06:15,06:18,2024-11-11 06:15:00,2024-11-11 06:18:00,3.0
2024-11-11,arrival,Zurich,Johannesburg,swiss,Landed,06:15,06:12,2024-11-11 06:15:00,2024-11-11 06:12:00,-3.0
2024-11-11,arrival,Zurich,Delhi,swiss,Landed,06:20,06:16,2024-11-11 06:20:00,2024-11-11 06:16:00,-4.0
2024-11-11,arrival,Zurich,Mauritiusvia Mahe,edelweiss,Landed,06:20,06:29,2024-11-11 06:20:00,2024-11-11 06:29:00,9.0
2024-11-11,arrival,Zurich,Abu Dhabi,etihad,Landed,06:30,06:34,2024-11-11 06:30:00,2024-11-11 06:34:00,4.0
2024-11-11,arrival,Zurich,Geneva,swiss,Landed,06:45,07:01,2024-11-11 06:45:00,2024-11-11 07:01:00,16.0
2024-11-11,arrival,Zurich,Bangkok,thai,Landed,06:55,06:58,2024-11-11 06:55:00,2024-11-11 06:58:00,3.0
2024-11-11,departure,Zurich,Paris CDG,swiss,Departed,21:00,21:00,2024-11-11 21:00:00,2024-11-11 21:00:00,0.0
2024-11-11,departure,Zurich,Athens,swiss,Departed,21:00,21:00,2024-11-11 21:00:00,2024-11-11 21:00:00,0.0
2024-11-11,departure,Zurich,Stockholm,swiss,Departed,21:00,21:00,2024-11-11 21:00:00,2024-11-11 21:00:00,0.0
2024-11-11,departure,Zurich,Geneva,swiss,Departed,21:00,21:00,2024-11-11 21:00:00,2024-11-11 21:00:00,0.0
2024-11-11,departure,Zurich,London LHR,british,Departed,21:05,20:55,2024-11-11 21:05:00,2024-11-11 20:55:00,-10.0
2024-11-11,departure,Zurich,Prague,swiss,Departed,21:05,21:10,2024-11-11 21:05:00,2024-11-11 21:10:00,5.0
2024-11-11,departure,Zurich,Barcelona,swiss,Departed,21:10,21:10,2024-11-11 21:10:00,2024-11-11 21:10:00,0.0
2024-11-11,departure,Zurich,Budapest,swiss,Departed,21:10,21:10,2024-11-11 21:10:00,2024-11-11 21:10:00,0.0
2024-11-11,departure,Zurich,Bucharest,swiss,Departed,21:10,21:05,2024-11-11 21:10:00,2024-11-11 21:05:00,-5.0
2024-11-11,departure,Zurich,Ljubljana,swiss,Departed,21:15,21:20,2024-11-11 21:15:00,2024-11-11 21:20:00,5.0
2024-11-11,departure,Zurich,Copenhagen,swiss,Departed,21:15,21:15,2024-11-11 21:15:00,2024-11-11 21:15:00,0.0
2024-11-11,departure,Zurich,Berlin,easyjet,Departed,21:20,21:20,2024-11-11 21:20:00,2024-11-11 21:20:00,0.0
2024-11-11,departure,Zurich,Barcelona,vueling,Departed,21:25,21:20,2024-11-11 21:25:00,2024-11-11 21:20:00,-5.0
2024-11-11,departure,Zurich,Tel Aviv,elalisrael,Departed,21:30,22:50,2024-11-11 21:30:00,2024-11-11 22:50:00,80.0
2024-11-11,departure,Zurich,Muscat,oman,Departed,21:35,21:30,2024-11-11 21:35:00,2024-11-11 21:30:00,-5.0
2024-11-11,departure,Zurich,Porto,easyjet,Departed,21:40,21:30,2024-11-11 21:40:00,2024-11-11 21:30:00,-10.0
2024-11-11,departure,Zurich,Dubai DXB,emirates-neu,Departed,21:50,22:30,2024-11-11 21:50:00,2024-11-11 22:30:00,40.0
2024-11-11,departure,Zurich,Cape Town,edelweiss,Departed,22:30,22:40,2024-11-11 22:30:00,2024-11-11 22:40:00,10.0
2024-11-11,departure,Zurich,Sao Paulo,swiss,Departed,22:40,22:50,2024-11-11 22:40:00,2024-11-11 22:50:00,10.0
2024-11-11,departure,Zurich,Singapore,swiss,Departed,22:40,22:40,2024-11-11 22:40:00,2024-11-11 22:40:00,0.0
2024-11-11,departure,Zurich,Hong Kong,swiss,Departed,22:40,22:40,2024-11-11 22:40:00,2024-11-11 22:40:00,0.0
2024-11-11,departure,Zurich,Johannesburg,swiss,Departed,22:45,22:40,2024-11-11 22:45:00,2024-11-11 22:40:00,-5.0
2024-11-11,departure,Zurich,Geneva,swiss,Departed,22:45,22:50,2024-11-11 22:45:00,2024-11-11 22:50:00,5.0
2024-11-11,departure,Zurich,Munich,swiss,Departed,19:05,18:55,2024-11-11 19:05:00,2024-11-11 18:55:00,-10.0
2024-11-11,departure,Zurich,Helsinki,finnair,Departed,19:05,19:10,2024-11-11 19:05:00,2024-11-11 19:10:00,5.0
2024-11-11,departure,Zurich,London LCY,british,Departed,19:15,19:15,2024-11-11 19:15:00,2024-11-11 19:15:00,0.0
2024-11-11,departure,Zurich,Vienna,austrian,Departed,19:25,19:25,2024-11-11 19:25:00,2024-11-11 19:25:00,0.0
2024-11-11,departure,Zurich,London LHR,british,Departed,19:30,19:20,2024-11-11 19:30:00,2024-11-11 19:20:00,-10.0
2024-11-11,departure,Zurich,Madrid,iberia,Departed,19:40,20:50,2024-11-11 19:40:00,2024-11-11 20:50:00,70.0
2024-11-11,departure,Zurich,Delhi,air_india_logo,Departed,19:50,19:41,2024-11-11 19:50:00,2024-11-11 19:41:00,-9.0
2024-11-11,departure,Zurich,Warsaw,lot,Departed,19:55,20:00,2024-11-11 19:55:00,2024-11-11 20:00:00,5.0
2024-11-11,departure,Zurich,Zagreb,croatia_v2,Departed,19:55,19:55,2024-11-11 19:55:00,2024-11-11 19:55:00,0.0
2024-11-11,departure,Zurich,Frankfurt,lufthansa_neu,Departed,20:05,20:05,2024-11-11 20:05:00,2024-11-11 20:05:00,0.0
2024-11-11,departure,Zurich,Berlin,euro,Departed,20:05,20:15,2024-11-11 20:05:00,2024-11-11 20:15:00,10.0
2024-11-11,departure,Zurich,Cologne Bonn,euro,Departed,20:10,20:10,2024-11-11 20:10:00,2024-11-11 20:10:00,0.0
2024-11-11,departure,Zurich,Hamburg,euro,Departed,20:10,20:10,2024-11-11 20:10:00,2024-11-11 20:10:00,0.0
2024-11-11,departure,Zurich,Munich,lufthansa_neu,Departed,20:15,20:15,2024-11-11 20:15:00,2024-11-11 20:15:00,0.0
2024-11-11,departure,Zurich,Addis Ababavia Milan,ethiopianairlineslogosvg,Departed,20:15,20:15,2024-11-11 20:15:00,2024-11-11 20:15:00,0.0
2024-11-11,departure,Zurich,Pristina,gp-aviation,Departed,20:20,20:20,2024-11-11 20:20:00,2024-11-11 20:20:00,0.0
2024-11-11,departure,Zurich,Copenhagen,sas,Departed,20:25,20:40,2024-11-11 20:25:00,2024-11-11 20:40:00,15.0
2024-11-11,departure,Zurich,Belgrade,serbia,Departed,20:40,21:05,2024-11-11 20:40:00,2024-11-11 21:05:00,25.0
2024-11-11,departure,Zurich,Vienna,austrian,Departed,20:45,20:40,2024-11-11 20:45:00,2024-11-11 20:40:00,-5.0
2024-11-11,departure,Zurich,Amsterdam,swiss,Departed,20:45,20:45,2024-11-11 20:45:00,2024-11-11 20:45:00,0.0
2024-11-11,departure,Zurich,Milan MXP,swiss,Departed,20:50,20:50,2024-11-11 20:50:00,2024-11-11 20:50:00,0.0
2024-11-11,departure,Zurich,Düsseldorf,euro,Departed,20:50,20:50,2024-11-11 20:50:00,2024-11-11 20:50:00,0.0
2024-11-11,departure,Zurich,London LHR,swiss,Departed,20:55,21:10,2024-11-11 20:55:00,2024-11-11 21:10:00,15.0
2024-11-11,departure,Zurich,Berlin,swiss,Departed,20:55,20:55,2024-11-11 20:55:00,2024-11-11 20:55:00,0.0
2024-11-11,departure,Zurich,Warsaw,swiss,Departed,17:00,17:20,2024-11-11 17:00:00,2024-11-11 17:20:00,20.0
2024-11-11,departure,Zurich,London LHR,swiss,Departed,17:00,17:00,2024-11-11 17:00:00,2024-11-11 17:00:00,0.0
2024-11-11,departure,Zurich,Bologna,swiss,Departed,17:00,17:00,2024-11-11 17:00:00,2024-11-11 17:00:00,0.0
2024-11-11,departure,Zurich,London LGW,swiss,Departed,17:05,17:05,2024-11-11 17:05:00,2024-11-11 17:05:00,0.0
2024-11-11,departure,Zurich,Manchester,swiss,Departed,17:05,17:05,2024-11-11 17:05:00,2024-11-11 17:05:00,0.0
2024-11-11,departure,Zurich,Malta,swiss,Departed,17:10,17:55,2024-11-11 17:10:00,2024-11-11 17:55:00,45.0
2024-11-11,departure,Zurich,Copenhagen,swiss,Departed,17:15,17:15,2024-11-11 17:15:00,2024-11-11 17:15:00,0.0
2024-11-11,departure,Zurich,Milan MXP,swiss,Departed,17:15,17:15,2024-11-11 17:15:00,2024-11-11 17:15:00,0.0
2024-11-11,departure,Zurich,Luxembourg,swiss,Departed,17:15,17:25,2024-11-11 17:15:00,2024-11-11 17:25:00,10.0
2024-11-11,departure,Zurich,Newark,swiss,Departed,17:15,17:35,2024-11-11 17:15:00,2024-11-11 17:35:00,20.0
2024-11-11,departure,Zurich,Skopje,chair,Departed,17:20,17:20,2024-11-11 17:20:00,2024-11-11 17:20:00,0.0
2024-11-11,departure,Zurich,Berlin,swiss,Departed,17:25,17:25,2024-11-11 17:25:00,2024-11-11 17:25:00,0.0
2024-11-11,departure,Zurich,Amsterdam,swiss,Departed,17:25,17:25,2024-11-11 17:25:00,2024-11-11 17:25:00,0.0
2024-11-11,departure,Zurich,Barcelona,swiss,Departed,17:30,17:30,2024-11-11 17:30:00,2024-11-11 17:30:00,0.0
2024-11-11,departure,Zurich,Boston,swiss,Departed,17:30,17:40,2024-11-11 17:30:00,2024-11-11 17:40:00,10.0
2024-11-11,departure,Zurich,Amsterdam,klm,Departed,17:30,17:36,2024-11-11 17:30:00,2024-11-11 17:36:00,6.0
2024-11-11,departure,Zurich,Rome FCO,swiss,Departed,17:35,17:35,2024-11-11 17:35:00,2024-11-11 17:35:00,0.0
2024-11-11,departure,Zurich,Pristina,chair,Departed,17:35,17:25,2024-11-11 17:35:00,2024-11-11 17:25:00,-10.0
2024-11-11,departure,Zurich,Paris CDG,swiss,Departed,17:35,17:40,2024-11-11 17:35:00,2024-11-11 17:40:00,5.0
2024-11-11,departure,Zurich,Budapest,swiss,Departed,17:35,17:45,2024-11-11 17:35:00,2024-11-11 17:45:00,10.0
2024-11-11,departure,Zurich,Prague,swiss,Departed,17:40,17:45,2024-11-11 17:40:00,2024-11-11 17:45:00,5.0
2024-11-11,departure,Zurich,Düsseldorf,swiss,Departed,17:40,17:40,2024-11-11 17:40:00,2024-11-11 17:40:00,0.0
2024-11-11,departure,Zurich,Malta,km_malta_airlines,Departed,17:40,17:45,2024-11-11 17:40:00,2024-11-11 17:45:00,5.0
2024-11-11,departure,Zurich,Venice,swiss,Departed,17:40,17:40,2024-11-11 17:40:00,2024-11-11 17:40:00,0.0
2024-11-11,departure,Zurich,Vienna,swiss,Departed,17:45,17:45,2024-11-11 17:45:00,2024-11-11 17:45:00,0.0
2024-11-11,departure,Zurich,Hanover,swiss,Departed,17:45,17:45,2024-11-11 17:45:00,2024-11-11 17:45:00,0.0
2024-11-11,departure,Zurich,Lamezia Terme,edelweiss,Departed,17:45,17:45,2024-11-11 17:45:00,2024-11-11 17:45:00,0.0
2024-11-11,departure,Zurich,Hamburg,swiss,Departed,17:50,17:55,2024-11-11 17:50:00,2024-11-11 17:55:00,5.0
2024-11-11,departure,Zurich,Stuttgart,swiss,Departed,17:50,17:50,2024-11-11 17:50:00,2024-11-11 17:50:00,0.0
2024-11-11,departure,Zurich,Nice,swiss,Departed,17:50,17:50,2024-11-11 17:50:00,2024-11-11 17:50:00,0.0
2024-11-11,departure,Zurich,Brussels,swiss,Departed,17:55,17:55,2024-11-11 17:55:00,2024-11-11 17:55:00,0.0
2024-11-11,departure,Zurich,Pristina,edelweiss,Departed,17:55,17:55,2024-11-11 17:55:00,2024-11-11 17:55:00,0.0
2024-11-11,departure,Zurich,London LCY,swiss,Departed,17:55,17:55,2024-11-11 17:55:00,2024-11-11 17:55:00,0.0
2024-11-11,departure,Zurich,Geneva,swiss,Departed,18:00,18:00,2024-11-11 18:00:00,2024-11-11 18:00:00,0.0
2024-11-11,departure,Zurich,Bangkok,swiss,Departed,18:00,18:00,2024-11-11 18:00:00,2024-11-11 18:00:00,0.0
2024-11-11,departure,Zurich,Malé,edelweiss,Departed,18:00,18:00,2024-11-11 18:00:00,2024-11-11 18:00:00,0.0
2024-11-11,departure,Zurich,Frankfurt,lufthansa_neu,Departed,18:05,18:05,2024-11-11 18:05:00,2024-11-11 18:05:00,0.0
2024-11-11,departure,Zurich,Lisbon,tap,Departed,18:05,21:50,2024-11-11 18:05:00,2024-11-11 21:50:00,225.0
2024-11-11,departure,Zurich,London LHR,swiss,Departed,18:25,18:25,2024-11-11 18:25:00,2024-11-11 18:25:00,0.0
2024-11-11,departure,Zurich,Palma De Mallorca,edelweiss,Departed,18:25,18:25,2024-11-11 18:25:00,2024-11-11 18:25:00,0.0
2024-11-11,departure,Zurich,Berlin,swiss,Departed,18:25,18:25,2024-11-11 18:25:00,2024-11-11 18:25:00,0.0
2024-11-11,departure,Zurich,Istanbul IST,turkish,Departed,18:30,18:30,2024-11-11 18:30:00,2024-11-11 18:30:00,0.0
2024-11-11,departure,Zurich,Madrid,europa,Departed,18:30,18:40,2024-11-11 18:30:00,2024-11-11 18:40:00,10.0
2024-11-11,departure,Zurich,Frankfurt,swiss,Departed,18:50,18:50,2024-11-11 18:50:00,2024-11-11 18:50:00,0.0
2024-11-11,departure,Zurich,Paris CDG,airfrance,Departed,18:50,18:50,2024-11-11 18:50:00,2024-11-11 18:50:00,0.0
2024-11-11,departure,Zurich,Riyadh,saudia_logo,Departed,15:00,15:00,2024-11-11 15:00:00,2024-11-11 15:00:00,0.0
2024-11-11,departure,Zurich,Vienna,austrian,Departed,15:05,15:05,2024-11-11 15:05:00,2024-11-11 15:05:00,0.0
2024-11-11,departure,Zurich,Doha,qatar,Departed,15:10,15:10,2024-11-11 15:10:00,2024-11-11 15:10:00,0.0
2024-11-11,departure,Zurich,London LHR,swiss,Departed,15:30,15:25,2024-11-11 15:30:00,2024-11-11 15:25:00,-5.0
2024-11-11,departure,Zurich,Palma De Mallorca,swiss,Departed,15:40,15:35,2024-11-11 15:40:00,2024-11-11 15:35:00,-5.0
2024-11-11,departure,Zurich,Oslo,swiss,Departed,15:45,15:50,2024-11-11 15:45:00,2024-11-11 15:50:00,5.0
2024-11-11,departure,Zurich,Düsseldorf,euro,Departed,15:50,15:50,2024-11-11 15:50:00,2024-11-11 15:50:00,0.0
2024-11-11,departure,Zurich,Istanbul SAW,pegasus,Departed,15:50,15:50,2024-11-11 15:50:00,2024-11-11 15:50:00,0.0
2024-11-11,departure,Zurich,Paris CDG,airfrance,Departed,16:10,16:10,2024-11-11 16:10:00,2024-11-11 16:10:00,0.0
2024-11-11,departure,Zurich,Porto,tap,Departed,16:20,16:20,2024-11-11 16:20:00,2024-11-11 16:20:00,0.0
2024-11-11,departure,Zurich,Madrid,swiss,Departed,16:20,16:20,2024-11-11 16:20:00,2024-11-11 16:20:00,0.0
2024-11-11,departure,Zurich,Berlin,swiss,Departed,16:25,16:25,2024-11-11 16:25:00,2024-11-11 16:25:00,0.0
2024-11-11,departure,Zurich,London LHR,british,Departed,16:25,16:25,2024-11-11 16:25:00,2024-11-11 16:25:00,0.0
2024-11-11,departure,Zurich,London LCY,swiss,Departed,16:25,16:20,2024-11-11 16:25:00,2024-11-11 16:20:00,-5.0
2024-11-11,departure,Zurich,Hamburg,swiss,Departed,16:25,16:25,2024-11-11 16:25:00,2024-11-11 16:25:00,0.0
2024-11-11,departure,Zurich,Dublin,swiss,Departed,16:30,16:35,2024-11-11 16:30:00,2024-11-11 16:35:00,5.0
2024-11-11,departure,Zurich,Brussels,swiss,Departed,16:30,16:30,2024-11-11 16:30:00,2024-11-11 16:30:00,0.0
2024-11-11,departure,Zurich,Düsseldorf,swiss,Departed,16:30,16:42,2024-11-11 16:30:00,2024-11-11 16:42:00,12.0
2024-11-11,departure,Zurich,Geneva,swiss,Departed,16:45,16:45,2024-11-11 16:45:00,2024-11-11 16:45:00,0.0
2024-11-11,departure,Zurich,Munich,lufthansa_neu,Departed,16:50,16:45,2024-11-11 16:50:00,2024-11-11 16:45:00,-5.0
2024-11-11,departure,Zurich,Valencia,swiss,Departed,16:50,16:50,2024-11-11 16:50:00,2024-11-11 16:50:00,0.0
2024-11-11,departure,Zurich,Košice,swiss,Departed,16:55,17:05,2024-11-11 16:55:00,2024-11-11 17:05:00,10.0
2024-11-11,departure,Zurich,Gothenburg,swiss,Departed,16:55,16:55,2024-11-11 16:55:00,2024-11-11 16:55:00,0.0
2024-11-11,departure,Zurich,Oslo,sas,Departed,13:00,12:55,2024-11-11 13:00:00,2024-11-11 12:55:00,-5.0
2024-11-11,departure,Zurich,Toronto,canada,Departed,13:00,13:00,2024-11-11 13:00:00,2024-11-11 13:00:00,0.0
2024-11-11,departure,Zurich,Venice,swiss,Departed,13:05,13:05,2024-11-11 13:05:00,2024-11-11 13:05:00,0.0
2024-11-11,departure,Zurich,Tokyo,swiss,Departed,13:05,13:10,2024-11-11 13:05:00,2024-11-11 13:10:00,5.0
2024-11-11,departure,Zurich,Ljubljana,swiss,Departed,13:05,13:05,2024-11-11 13:05:00,2024-11-11 13:05:00,0.0
2024-11-11,departure,Zurich,Athens,swiss,Departed,13:05,13:05,2024-11-11 13:05:00,2024-11-11 13:05:00,0.0
2024-11-11,departure,Zurich,Shanghai,swiss,Departed,13:10,13:35,2024-11-11 13:10:00,2024-11-11 13:35:00,25.0
2024-11-11,departure,Zurich,Chicago,swiss,Departed,13:10,13:20,2024-11-11 13:10:00,2024-11-11 13:20:00,10.0
2024-11-11,departure,Zurich,Los Angeles,swiss,Departed,13:10,13:15,2024-11-11 13:10:00,2024-11-11 13:15:00,5.0
2024-11-11,departure,Zurich,New York JFK,swiss,Departed,13:15,13:15,2024-11-11 13:15:00,2024-11-11 13:15:00,0.0
2024-11-11,departure,Zurich,San Francisco,swiss,Departed,13:15,13:20,2024-11-11 13:15:00,2024-11-11 13:20:00,5.0
2024-11-11,departure,Zurich,Bangkok,thai,Departed,13:15,13:15,2024-11-11 13:15:00,2024-11-11 13:15:00,0.0
2024-11-11,departure,Zurich,Milan MXP,swiss,Departed,13:20,13:20,2024-11-11 13:20:00,2024-11-11 13:20:00,0.0
2024-11-11,departure,Zurich,Punta Cana,edelweiss,Departed,13:20,13:25,2024-11-11 13:20:00,2024-11-11 13:25:00,5.0
2024-11-11,departure,Zurich,Berlin,swiss,Departed,13:30,13:30,2024-11-11 13:30:00,2024-11-11 13:30:00,0.0
2024-11-11,departure,Zurich,Seville,edelweiss,Departed,13:30,13:30,2024-11-11 13:30:00,2024-11-11 13:30:00,0.0
2024-11-11,departure,Zurich,New York JFK,delta,Departed,13:30,13:25,2024-11-11 13:30:00,2024-11-11 13:25:00,-5.0
2024-11-11,departure,Zurich,Lisbon,tap,Departed,13:30,13:40,2024-11-11 13:30:00,2024-11-11 13:40:00,10.0
2024-11-11,departure,Zurich,Munich,lufthansa_neu,Departed,13:35,13:35,2024-11-11 13:35:00,2024-11-11 13:35:00,0.0
2024-11-11,departure,Zurich,Antalya,sun,Departed,13:45,13:45,2024-11-11 13:45:00,2024-11-11 13:45:00,0.0
2024-11-11,departure,Zurich,Cairo,egypt-air,Departed,13:55,13:55,2024-11-11 13:55:00,2024-11-11 13:55:00,0.0
2024-11-11,departure,Zurich,Hamburg,euro,Departed,14:05,13:55,2024-11-11 14:05:00,2024-11-11 13:55:00,-10.0
2024-11-11,departure,Zurich,Istanbul SAW,ajet_logo,Departed,14:10,14:15,2024-11-11 14:10:00,2024-11-11 14:15:00,5.0
2024-11-11,departure,Zurich,Amsterdam,klm,Departed,14:15,14:10,2024-11-11 14:15:00,2024-11-11 14:10:00,-5.0
2024-11-11,departure,Zurich,Dubai DXB,emirates-neu,Departed,14:35,14:35,2024-11-11 14:35:00,2024-11-11 14:35:00,0.0
2024-11-11,departure,Zurich,Frankfurt,lufthansa_neu,Departed,14:45,14:45,2024-11-11 14:45:00,2024-11-11 14:45:00,0.0
2024-11-11,departure,Zurich,London LCY,british,Departed,14:50,14:50,2024-11-11 14:50:00,2024-11-11 14:50:00,0.0
2024-11-11,departure,Zurich,Istanbul IST,turkish,Departed,14:50,14:40,2024-11-11 14:50:00,2024-11-11 14:40:00,-10.0
2024-11-11,departure,Zurich,Madrid,iberia,Departed,14:55,15:05,2024-11-11 14:55:00,2024-11-11 15:05:00,10.0
2024-11-11,departure,Zurich,Sofia,swiss,Departed,11:00,11:00,2024-11-11 11:00:00,2024-11-11 11:00:00,0.0
2024-11-11,departure,Zurich,Dublin,swiss,Departed,11:00,11:07,2024-11-11 11:00:00,2024-11-11 11:07:00,7.0
2024-11-11,departure,Zurich,Manchester,easyjet,Departed,11:05,11:05,2024-11-11 11:05:00,2024-11-11 11:05:00,0.0
2024-11-11,departure,Zurich,Istanbul IST,turkish,Departed,11:05,11:05,2024-11-11 11:05:00,2024-11-11 11:05:00,0.0
2024-11-11,departure,Zurich,Zagreb,croatia_v2,Departed,11:05,11:05,2024-11-11 11:05:00,2024-11-11 11:05:00,0.0
2024-11-11,departure,Zurich,Frankfurt,lufthansa_neu,Departed,11:20,11:55,2024-11-11 11:20:00,2024-11-11 11:55:00,35.0
2024-11-11,departure,Zurich,Athens,aegan,Departed,11:20,11:20,2024-11-11 11:20:00,2024-11-11 11:20:00,0.0
2024-11-11,departure,Zurich,Istanbul SAW,pegasus,Departed,11:40,11:40,2024-11-11 11:40:00,2024-11-11 11:40:00,0.0
2024-11-11,departure,Zurich,Cluj-Napoca,swiss,Departed,11:40,11:40,2024-11-11 11:40:00,2024-11-11 11:40:00,0.0
2024-11-11,departure,Zurich,Washington,united,Departed,11:45,11:45,2024-11-11 11:45:00,2024-11-11 11:45:00,0.0
2024-11-11,departure,Zurich,Amsterdam,klm,Departed,11:50,11:50,2024-11-11 11:50:00,2024-11-11 11:50:00,0.0
2024-11-11,departure,Zurich,Geneva,swiss,Departed,11:55,11:55,2024-11-11 11:55:00,2024-11-11 11:55:00,0.0
2024-11-11,departure,Zurich,Madrid,iberia,Departed,11:55,12:10,2024-11-11 11:55:00,2024-11-11 12:10:00,15.0
2024-11-11,departure,Zurich,Hong Kong,cathay,Departed,11:55,12:10,2024-11-11 11:55:00,2024-11-11 12:10:00,15.0
2024-11-11,departure,Zurich,Warsaw,swiss,Departed,11:55,11:57,2024-11-11 11:55:00,2024-11-11 11:57:00,2.0
2024-11-11,departure,Zurich,Delhi,swiss,Departed,12:00,12:05,2024-11-11 12:00:00,2024-11-11 12:05:00,5.0
2024-11-11,departure,Zurich,Hanover,swiss,Departed,12:00,12:00,2024-11-11 12:00:00,2024-11-11 12:00:00,0.0
2024-11-11,departure,Zurich,Malaga,swiss,Departed,12:05,12:05,2024-11-11 12:05:00,2024-11-11 12:05:00,0.0
2024-11-11,departure,Zurich,Catania,edelweiss,Departed,12:05,12:05,2024-11-11 12:05:00,2024-11-11 12:05:00,0.0
2024-11-11,departure,Zurich,Belgrade,swiss,Departed,12:05,12:05,2024-11-11 12:05:00,2024-11-11 12:05:00,0.0
2024-11-11,departure,Zurich,Palma De Mallorca,swiss,Departed,12:10,12:17,2024-11-11 12:10:00,2024-11-11 12:17:00,7.0
2024-11-11,departure,Zurich,London LCY,swiss,Departed,12:10,12:10,2024-11-11 12:10:00,2024-11-11 12:10:00,0.0
2024-11-11,departure,Zurich,London LHR,swiss,Departed,12:10,12:15,2024-11-11 12:10:00,2024-11-11 12:15:00,5.0
2024-11-11,departure,Zurich,Manchester,swiss,Departed,12:15,12:25,2024-11-11 12:15:00,2024-11-11 12:25:00,10.0
2024-11-11,departure,Zurich,Frankfurt,swiss,Departed,12:15,12:15,2024-11-11 12:15:00,2024-11-11 12:15:00,0.0
2024-11-11,departure,Zurich,Copenhagen,swiss,Departed,12:15,12:15,2024-11-11 12:15:00,2024-11-11 12:15:00,0.0
2024-11-11,departure,Zurich,Stockholm,swiss,Departed,12:15,12:15,2024-11-11 12:15:00,2024-11-11 12:15:00,0.0
2024-11-11,departure,Zurich,Edinburgh,edelweiss,Departed,12:20,12:40,2024-11-11 12:20:00,2024-11-11 12:40:00,20.0
2024-11-11,departure,Zurich,Barcelona,swiss,Departed,12:20,12:25,2024-11-11 12:20:00,2024-11-11 12:25:00,5.0
2024-11-11,departure,Zurich,Sarajevo,swiss,Departed,12:25,12:25,2024-11-11 12:25:00,2024-11-11 12:25:00,0.0
2024-11-11,departure,Zurich,Rome FCO,swiss,Departed,12:25,12:35,2024-11-11 12:25:00,2024-11-11 12:35:00,10.0
2024-11-11,departure,Zurich,Bucharest,swiss,Departed,12:25,12:40,2024-11-11 12:25:00,2024-11-11 12:40:00,15.0
2024-11-11,departure,Zurich,Budapest,swiss,Departed,12:25,12:30,2024-11-11 12:25:00,2024-11-11 12:30:00,5.0
2024-11-11,departure,Zurich,Naples,swiss,Departed,12:30,12:30,2024-11-11 12:30:00,2024-11-11 12:30:00,0.0
2024-11-11,departure,Zurich,Stuttgart,swiss,Departed,12:30,12:30,2024-11-11 12:30:00,2024-11-11 12:30:00,0.0
2024-11-11,departure,Zurich,Hamburg,swiss,Departed,12:30,12:30,2024-11-11 12:30:00,2024-11-11 12:30:00,0.0
2024-11-11,departure,Zurich,Prague,swiss,Departed,12:35,13:02,2024-11-11 12:35:00,2024-11-11 13:02:00,27.0
2024-11-11,departure,Zurich,Lisbon,swiss,Departed,12:35,13:00,2024-11-11 12:35:00,2024-11-11 13:00:00,25.0
2024-11-11,departure,Zurich,Nice,swiss,Departed,12:35,12:35,2024-11-11 12:35:00,2024-11-11 12:35:00,0.0
2024-11-11,departure,Zurich,Düsseldorf,swiss,Departed,12:35,12:40,2024-11-11 12:35:00,2024-11-11 12:40:00,5.0
2024-11-11,departure,Zurich,Marseille,swiss,Departed,12:40,12:40,2024-11-11 12:40:00,2024-11-11 12:40:00,0.0
2024-11-11,departure,Zurich,Vienna,swiss,Departed,12:40,12:45,2024-11-11 12:40:00,2024-11-11 12:45:00,5.0
2024-11-11,departure,Zurich,Berlin,swiss,Departed,12:40,13:00,2024-11-11 12:40:00,2024-11-11 13:00:00,20.0
2024-11-11,departure,Zurich,Tel Aviv,elalisrael,Departed,12:40,13:00,2024-11-11 12:40:00,2024-11-11 13:00:00,20.0
2024-11-11,departure,Zurich,Wroclaw,swiss,Departed,12:45,12:50,2024-11-11 12:45:00,2024-11-11 12:50:00,5.0
2024-11-11,departure,Zurich,Amsterdam,swiss,Departed,12:45,12:45,2024-11-11 12:45:00,2024-11-11 12:45:00,0.0
2024-11-11,departure,Zurich,Montreal,swiss,Departed,12:45,12:45,2024-11-11 12:45:00,2024-11-11 12:45:00,0.0
2024-11-11,departure,Zurich,Cairo,swiss,Departed,12:50,12:55,2024-11-11 12:50:00,2024-11-11 12:55:00,5.0
2024-11-11,departure,Zurich,Miami,swiss,Departed,12:50,13:00,2024-11-11 12:50:00,2024-11-11 13:00:00,10.0
2024-11-11,departure,Zurich,Paris CDG,swiss,Departed,12:50,12:50,2024-11-11 12:50:00,2024-11-11 12:50:00,0.0
2024-11-11,departure,Zurich,Dubai DXB,swiss,Departed,12:55,12:55,2024-11-11 12:55:00,2024-11-11 12:55:00,0.0
2024-11-11,departure,Zurich,Florence,swiss,Departed,12:55,12:55,2024-11-11 12:55:00,2024-11-11 12:55:00,0.0
2024-11-11,departure,Zurich,Geneva,swiss,Departed,12:55,13:10,2024-11-11 12:55:00,2024-11-11 13:10:00,15.0
2024-11-11,departure,Zurich,Brussels,swiss,Departed,12:55,12:55,2024-11-11 12:55:00,2024-11-11 12:55:00,0.0
2024-11-11,departure,Zurich,Frankfurt,lufthansa_neu,Departed,09:00,09:05,2024-11-11 09:00:00,2024-11-11 09:05:00,5.0
2024-11-11,departure,Zurich,Amsterdam,klm,Departed,09:00,09:00,2024-11-11 09:00:00,2024-11-11 09:00:00,0.0
2024-11-11,departure,Zurich,Marrakesh,edelweiss,Departed,09:05,09:20,2024-11-11 09:05:00,2024-11-11 09:20:00,15.0
2024-11-11,departure,Zurich,Luxembourg,swiss,Departed,09:05,09:05,2024-11-11 09:05:00,2024-11-11 09:05:00,0.0
2024-11-11,departure,Zurich,Berlin,euro,Departed,09:05,09:05,2024-11-11 09:05:00,2024-11-11 09:05:00,0.0
2024-11-11,departure,Zurich,Liberiavia San Jose,edelweiss,Departed,09:10,09:25,2024-11-11 09:10:00,2024-11-11 09:25:00,15.0
2024-11-11,departure,Zurich,Vienna,austrian,Departed,09:10,09:10,2024-11-11 09:10:00,2024-11-11 09:10:00,0.0
2024-11-11,departure,Zurich,Stuttgart,swiss,Departed,09:10,09:10,2024-11-11 09:10:00,2024-11-11 09:10:00,0.0
2024-11-11,departure,Zurich,Ponta Delgada,edelweiss,Departed,09:20,09:20,2024-11-11 09:20:00,2024-11-11 09:20:00,0.0
2024-11-11,departure,Zurich,Riga,baltic,Departed,09:20,09:20,2024-11-11 09:20:00,2024-11-11 09:20:00,0.0
2024-11-11,departure,Zurich,Lisbon,swiss,Departed,09:25,09:30,2024-11-11 09:25:00,2024-11-11 09:30:00,5.0
2024-11-11,departure,Zurich,Munich,lufthansa_neu,Departed,09:25,09:25,2024-11-11 09:25:00,2024-11-11 09:25:00,0.0
2024-11-11,departure,Zurich,Malaga,swiss,Departed,09:25,09:25,2024-11-11 09:25:00,2024-11-11 09:25:00,0.0
2024-11-11,departure,Zurich,Gran Canaria,edelweiss,Departed,09:30,09:30,2024-11-11 09:30:00,2024-11-11 09:30:00,0.0
2024-11-11,departure,Zurich,Tenerife,edelweiss,Departed,09:30,09:30,2024-11-11 09:30:00,2024-11-11 09:30:00,0.0
2024-11-11,departure,Zurich,Porto,swiss,Departed,09:30,09:30,2024-11-11 09:30:00,2024-11-11 09:30:00,0.0
2024-11-11,departure,Zurich,Hurghada,edelweiss,Departed,09:35,09:35,2024-11-11 09:35:00,2024-11-11 09:35:00,0.0
2024-11-11,departure,Zurich,Belgrade,serbia,Departed,09:35,09:35,2024-11-11 09:35:00,2024-11-11 09:35:00,0.0
2024-11-11,departure,Zurich,Barcelona,vueling,Departed,09:40,09:40,2024-11-11 09:40:00,2024-11-11 09:40:00,0.0
2024-11-11,departure,Zurich,Oslo,swiss,Departed,09:40,09:40,2024-11-11 09:40:00,2024-11-11 09:40:00,0.0
2024-11-11,departure,Zurich,Chicago,united,Departed,09:40,10:10,2024-11-11 09:40:00,2024-11-11 10:10:00,30.0
2024-11-11,departure,Zurich,Hamburg,euro,Departed,09:45,09:40,2024-11-11 09:45:00,2024-11-11 09:40:00,-5.0
2024-11-11,departure,Zurich,Mumbai,swiss,Departed,09:45,09:50,2024-11-11 09:45:00,2024-11-11 09:50:00,5.0
2024-11-11,departure,Zurich,New York JFK,swiss,Departed,09:50,09:57,2024-11-11 09:50:00,2024-11-11 09:57:00,7.0
2024-11-11,departure,Zurich,Valencia,swiss,Departed,09:55,09:50,2024-11-11 09:55:00,2024-11-11 09:50:00,-5.0
2024-11-11,departure,Zurich,Stockholm,swiss,Departed,09:55,09:50,2024-11-11 09:55:00,2024-11-11 09:50:00,-5.0
2024-11-11,departure,Zurich,London LGW,easyjet,Departed,10:05,10:45,2024-11-11 10:05:00,2024-11-11 10:45:00,40.0
2024-11-11,departure,Zurich,Sal,edelweiss,Departed,10:05,10:10,2024-11-11 10:05:00,2024-11-11 10:10:00,5.0
2024-11-11,departure,Zurich,Madrid,europa,Departed,10:10,10:10,2024-11-11 10:10:00,2024-11-11 10:10:00,0.0
2024-11-11,departure,Zurich,London LCY,british,Departed,10:10,10:10,2024-11-11 10:10:00,2024-11-11 10:10:00,0.0
2024-11-11,departure,Zurich,London LHR,swiss,Departed,10:15,10:10,2024-11-11 10:15:00,2024-11-11 10:10:00,-5.0
2024-11-11,departure,Zurich,Philadelphia,american,Departed,10:15,10:30,2024-11-11 10:15:00,2024-11-11 10:30:00,15.0
2024-11-11,departure,Zurich,Newark,united,Departed,10:20,10:20,2024-11-11 10:20:00,2024-11-11 10:20:00,0.0
2024-11-11,departure,Zurich,Copenhagen,sas,Departed,10:25,10:25,2024-11-11 10:25:00,2024-11-11 10:25:00,0.0
2024-11-11,departure,Zurich,Warsaw,lot,Departed,10:25,10:25,2024-11-11 10:25:00,2024-11-11 10:25:00,0.0
2024-11-11,departure,Zurich,Abu Dhabi,etihad,Departed,10:25,11:20,2024-11-11 10:25:00,2024-11-11 11:20:00,55.0
2024-11-11,departure,Zurich,Thessaloniki,aegan,Departed,10:30,10:30,2024-11-11 10:30:00,2024-11-11 10:30:00,0.0
2024-11-11,departure,Zurich,Sharm El Sheikhvia Luxor,edelweiss,Departed,10:30,10:30,2024-11-11 10:30:00,2024-11-11 10:30:00,0.0
2024-11-11,departure,Zurich,Helsinki,finnair,Departed,10:35,10:40,2024-11-11 10:35:00,2024-11-11 10:40:00,5.0
2024-11-11,departure,Zurich,Singapore,singapore,Departed,10:35,10:45,2024-11-11 10:35:00,2024-11-11 10:45:00,10.0
2024-11-11,departure,Zurich,London LTN,easyjet,Departed,10:35,10:35,2024-11-11 10:35:00,2024-11-11 10:35:00,0.0
2024-11-11,departure,Zurich,Vienna,austrian,Departed,10:40,10:40,2024-11-11 10:40:00,2024-11-11 10:40:00,0.0
2024-11-11,departure,Zurich,Paris CDG,airfrance,Departed,10:45,10:50,2024-11-11 10:45:00,2024-11-11 10:50:00,5.0
2024-11-11,departure,Zurich,Warsaw,swiss,Departed,07:00,07:05,2024-11-11 07:00:00,2024-11-11 07:05:00,5.0
2024-11-11,departure,Zurich,Gothenburg,swiss,Departed,07:00,07:00,2024-11-11 07:00:00,2024-11-11 07:00:00,0.0
2024-11-11,departure,Zurich,Manchester,swiss,Departed,07:00,07:05,2024-11-11 07:00:00,2024-11-11 07:05:00,5.0
2024-11-11,departure,Zurich,Frankfurt,swiss,Departed,07:00,07:30,2024-11-11 07:00:00,2024-11-11 07:30:00,30.0
2024-11-11,departure,Zurich,London LHR,swiss,Departed,07:05,07:05,2024-11-11 07:05:00,2024-11-11 07:05:00,0.0
2024-11-11,departure,Zurich,Birmingham,swiss,Departed,07:05,07:05,2024-11-11 07:05:00,2024-11-11 07:05:00,0.0
2024-11-11,departure,Zurich,Copenhagen,swiss,Departed,07:05,07:05,2024-11-11 07:05:00,2024-11-11 07:05:00,0.0
2024-11-11,departure,Zurich,Munich,swiss,Departed,07:10,07:20,2024-11-11 07:10:00,2024-11-11 07:20:00,10.0
2024-11-11,departure,Zurich,Dresden,swiss,Departed,07:10,07:10,2024-11-11 07:10:00,2024-11-11 07:10:00,0.0
2024-11-11,departure,Zurich,Hamburg,swiss,Departed,07:10,07:19,2024-11-11 07:10:00,2024-11-11 07:19:00,9.0
2024-11-11,departure,Zurich,Budapest,swiss,Departed,07:10,07:23,2024-11-11 07:10:00,2024-11-11 07:23:00,13.0
2024-11-11,departure,Zurich,Barcelona,swiss,Departed,07:15,07:15,2024-11-11 07:15:00,2024-11-11 07:15:00,0.0
2024-11-11,departure,Zurich,Berlin,swiss,Departed,07:15,07:15,2024-11-11 07:15:00,2024-11-11 07:15:00,0.0
2024-11-11,departure,Zurich,Amsterdam,swiss,Departed,07:15,07:15,2024-11-11 07:15:00,2024-11-11 07:15:00,0.0
2024-11-11,departure,Zurich,Düsseldorf,swiss,Departed,07:20,07:25,2024-11-11 07:20:00,2024-11-11 07:25:00,5.0
2024-11-11,departure,Zurich,Rome FCO,swiss,Departed,07:20,07:20,2024-11-11 07:20:00,2024-11-11 07:20:00,0.0
2024-11-11,departure,Zurich,Vienna,swiss,Departed,07:20,07:20,2024-11-11 07:20:00,2024-11-11 07:20:00,0.0
2024-11-11,departure,Zurich,Krakow,swiss,Departed,07:20,07:20,2024-11-11 07:20:00,2024-11-11 07:20:00,0.0
2024-11-11,departure,Zurich,Prague,swiss,Departed,07:25,07:25,2024-11-11 07:25:00,2024-11-11 07:25:00,0.0
2024-11-11,departure,Zurich,Paris CDG,swiss,Departed,07:25,07:25,2024-11-11 07:25:00,2024-11-11 07:25:00,0.0
2024-11-11,departure,Zurich,Bremen,swiss,Departed,07:25,07:25,2024-11-11 07:25:00,2024-11-11 07:25:00,0.0
2024-11-11,departure,Zurich,Brussels,swiss,Departed,07:30,07:30,2024-11-11 07:30:00,2024-11-11 07:30:00,0.0
2024-11-11,departure,Zurich,Geneva,swiss,Departed,07:30,07:35,2024-11-11 07:30:00,2024-11-11 07:35:00,5.0
2024-11-11,departure,Zurich,Hanover,swiss,Departed,07:30,07:30,2024-11-11 07:30:00,2024-11-11 07:30:00,0.0
2024-11-11,departure,Zurich,Madrid,iberia,Departed,07:30,07:30,2024-11-11 07:30:00,2024-11-11 07:30:00,0.0
2024-11-11,departure,Zurich,Venice,swiss,Departed,07:35,07:35,2024-11-11 07:35:00,2024-11-11 07:35:00,0.0
2024-11-11,departure,Zurich,Florence,swiss,Departed,07:35,07:29,2024-11-11 07:35:00,2024-11-11 07:29:00,-6.0
2024-11-11,departure,Zurich,Nice,swiss,Departed,07:35,07:35,2024-11-11 07:35:00,2024-11-11 07:35:00,0.0
2024-11-11,departure,Zurich,London LCY,swiss,Departed,07:55,08:00,2024-11-11 07:55:00,2024-11-11 08:00:00,5.0
2024-11-11,departure,Zurich,Berlin,easyjet,Departed,08:10,08:10,2024-11-11 08:10:00,2024-11-11 08:10:00,0.0
2024-11-11,departure,Zurich,Amsterdam,swiss,Departed,08:30,08:30,2024-11-11 08:30:00,2024-11-11 08:30:00,0.0
2024-11-11,departure,Zurich,Cologne Bonn,euro,Departed,08:30,08:25,2024-11-11 08:30:00,2024-11-11 08:25:00,-5.0
2024-11-11,departure,Zurich,Düsseldorf,euro,Departed,08:35,08:35,2024-11-11 08:35:00,2024-11-11 08:35:00,0.0
2024-11-11,departure,Zurich,Berlin,swiss,Departed,08:35,08:35,2024-11-11 08:35:00,2024-11-11 08:35:00,0.0
2024-11-11,departure,Zurich,Brussels,brussels_airlines_logo,Departed,08:45,08:45,2024-11-11 08:45:00,2024-11-11 08:45:00,0.0
2024-11-11,departure,Zurich,Hamburg,swiss,Departed,08:45,08:50,2024-11-11 08:45:00,2024-11-11 08:50:00,5.0
2024-11-11,departure,Zurich,Graz,swiss,Departed,08:45,08:45,2024-11-11 08:45:00,2024-11-11 08:45:00,0.0
2024-11-11,departure,Zurich,Doha,qatar,Departed,08:45,08:45,2024-11-11 08:45:00,2024-11-11 08:45:00,0.0
2024-11-11,departure,Zurich,Bologna,swiss,Departed,08:50,08:50,2024-11-11 08:50:00,2024-11-11 08:50:00,0.0
2024-11-11,departure,Zurich,Milan MXP,swiss,Departed,08:55,08:55,2024-11-11 08:55:00,2024-11-11 08:55:00,0.0
2024-11-11,departure,Zurich,Geneva,swiss,Departed,08:55,08:55,2024-11-11 08:55:00,2024-11-11 08:55:00,0.0
2024-11-11,departure,Zurich,Pristina,chair,Departed,05:45,05:45,2024-11-11 05:45:00,2024-11-11 05:45:00,0.0
2024-11-11,departure,Zurich,Bilbao,edelweiss,Departed,06:00,05:55,2024-11-11 06:00:00,2024-11-11 05:55:00,-5.0
2024-11-11,departure,Zurich,Hurghada,chair,Departed,06:00,06:00,2024-11-11 06:00:00,2024-11-11 06:00:00,0.0
2024-11-11,departure,Zurich,Lisbon,tap,Departed,06:10,06:10,2024-11-11 06:10:00,2024-11-11 06:10:00,0.0
2024-11-11,departure,Zurich,Paris CDG,airfrance,Cancelled,06:30,06:30,2024-11-11 06:30:00,2024-11-11 06:30:00,0.0
2024-11-11,departure,Zurich,Istanbul IST,turkish,Departed,06:45,06:45,2024-11-11 06:45:00,2024-11-11 06:45:00,0.0
2024-11-11,departure,Zurich,Pristina,edelweiss,Departed,06:45,06:45,2024-11-11 06:45:00,2024-11-11 06:45:00,0.0
2024-11-11,departure,Zurich,London LCY,swiss,Departed,06:50,06:50,2024-11-11 06:50:00,2024-11-11 06:50:00,0.0
2024-11-11,departure,Zurich,London LHR,british,Departed,06:50,06:45,2024-11-11 06:50:00,2024-11-11 06:45:00,-5.0
2024-11-11,departure,Zurich,Madrid,swiss,Departed,06:50,06:55,2024-11-11 06:50:00,2024-11-11 06:55:00,5.0
2024-11-11,departure,Zurich,Amsterdam,klm,Departed,06:55,06:50,2024-11-11 06:55:00,2024-11-11 06:50:00,-5.0
2024-11-11,departure,Zurich,Alicante,swiss,Departed,06:55,06:55,2024-11-11 06:55:00,2024-11-11 06:55:00,0.0
2024-11-11,departure,Zurich,Belgrade,swiss,Departed,06:55,06:55,2024-11-11 06:55:00,2024-11-11 06:55:00,0.0
2024-11-04,arrival,Zurich,Berlin,swiss,Landed,21:05,20:58,2024-11-04 21:05:00,2024-11-04 20:58:00,-7.0
2024-11-04,arrival,Zurich,Geneva,swiss,Landed,21:05,21:02,2024-11-04 21:05:00,2024-11-04 21:02:00,-3.0
2024-11-04,arrival,Zurich,Paris CDG,swiss,Landed,21:10,21:08,2024-11-04 21:10:00,2024-11-04 21:08:00,-2.0
2024-11-04,arrival,Zurich,Venice,swiss,Landed,21:15,21:16,2024-11-04 21:15:00,2024-11-04 21:16:00,1.0
2024-11-04,arrival,Zurich,Brussels,swiss,Landed,21:20,21:26,2024-11-04 21:20:00,2024-11-04 21:26:00,6.0
2024-11-04,arrival,Zurich,Nice,swiss,Landed,21:20,21:20,2024-11-04 21:20:00,2024-11-04 21:20:00,0.0
2024-11-04,arrival,Zurich,Prague,swiss,Landed,21:20,21:14,2024-11-04 21:20:00,2024-11-04 21:14:00,-6.0
2024-11-04,arrival,Zurich,Hanover,swiss,Landed,21:25,21:16,2024-11-04 21:25:00,2024-11-04 21:16:00,-9.0
2024-11-04,arrival,Zurich,Košice,swiss,Landed,21:25,22:05,2024-11-04 21:25:00,2024-11-04 22:05:00,40.0
2024-11-04,arrival,Zurich,London LGW,swiss,Landed,21:25,21:04,2024-11-04 21:25:00,2024-11-04 21:04:00,-21.0
2024-11-04,arrival,Zurich,London LHR,swiss,Landed,21:30,21:32,2024-11-04 21:30:00,2024-11-04 21:32:00,2.0
2024-11-04,arrival,Zurich,Amsterdam,swiss,Landed,21:30,21:28,2024-11-04 21:30:00,2024-11-04 21:28:00,-2.0
2024-11-04,arrival,Zurich,Düsseldorf,swiss,Landed,21:30,21:32,2024-11-04 21:30:00,2024-11-04 21:32:00,2.0
2024-11-04,arrival,Zurich,Hamburg,swiss,Landed,21:35,21:37,2024-11-04 21:35:00,2024-11-04 21:37:00,2.0
2024-11-04,arrival,Zurich,Rome,swiss,Landed,21:35,21:25,2024-11-04 21:35:00,2024-11-04 21:25:00,-10.0
2024-11-04,arrival,Zurich,Budapest,swiss,Landed,21:40,21:43,2024-11-04 21:40:00,2024-11-04 21:43:00,3.0
2024-11-04,arrival,Zurich,Vienna,swiss,Landed,21:40,21:38,2024-11-04 21:40:00,2024-11-04 21:38:00,-2.0
2024-11-04,arrival,Zurich,Copenhagen,swiss,Landed,21:45,21:48,2024-11-04 21:45:00,2024-11-04 21:48:00,3.0
2024-11-04,arrival,Zurich,Munich,swiss,Landed,21:45,22:02,2024-11-04 21:45:00,2024-11-04 22:02:00,17.0
2024-11-04,arrival,Zurich,Manchester,swiss,Landed,21:45,22:08,2024-11-04 21:45:00,2024-11-04 22:08:00,23.0
2024-11-04,arrival,Zurich,Barcelona,swiss,Landed,21:50,22:12,2024-11-04 21:50:00,2024-11-04 22:12:00,22.0
2024-11-04,arrival,Zurich,Frankfurt,swiss,Landed,21:50,21:52,2024-11-04 21:50:00,2024-11-04 21:52:00,2.0
2024-11-04,arrival,Zurich,Dublin,swiss,Landed,21:50,22:06,2024-11-04 21:50:00,2024-11-04 22:06:00,16.0
2024-11-04,arrival,Zurich,Warsaw,swiss,Landed,21:50,21:50,2024-11-04 21:50:00,2024-11-04 21:50:00,0.0
2024-11-04,arrival,Zurich,Madrid,swiss,Landed,21:55,22:11,2024-11-04 21:55:00,2024-11-04 22:11:00,16.0
2024-11-04,arrival,Zurich,Oslo,swiss,Landed,21:55,21:35,2024-11-04 21:55:00,2024-11-04 21:35:00,-20.0
2024-11-04,arrival,Zurich,Gothenburg,swiss,Landed,22:00,21:58,2024-11-04 22:00:00,2024-11-04 21:58:00,-2.0
2024-11-04,arrival,Zurich,London LCY,swiss,Landed,22:00,21:57,2024-11-04 22:00:00,2024-11-04 21:57:00,-3.0
2024-11-04,arrival,Zurich,Cairo,swiss,Landed,22:00,22:27,2024-11-04 22:00:00,2024-11-04 22:27:00,27.0
2024-11-04,arrival,Zurich,London LHR,british,Landed,22:00,21:54,2024-11-04 22:00:00,2024-11-04 21:54:00,-6.0
2024-11-04,arrival,Zurich,Valencia,swiss,Landed,22:05,21:42,2024-11-04 22:05:00,2024-11-04 21:42:00,-23.0
2024-11-04,arrival,Zurich,Berlin,swiss,Landed,22:10,22:00,2024-11-04 22:10:00,2024-11-04 22:00:00,-10.0
2024-11-04,arrival,Zurich,Luxorvia Sharm El Sheikh,edelweiss,Landed,22:10,21:45,2024-11-04 22:10:00,2024-11-04 21:45:00,-25.0
2024-11-04,arrival,Zurich,Skopje,chair,Landed,22:15,22:21,2024-11-04 22:15:00,2024-11-04 22:21:00,6.0
2024-11-04,arrival,Zurich,Pristina,chair,Landed,22:20,22:18,2024-11-04 22:20:00,2024-11-04 22:18:00,-2.0
2024-11-04,arrival,Zurich,Madrid,iberia,Landed,22:20,22:14,2024-11-04 22:20:00,2024-11-04 22:14:00,-6.0
2024-11-04,arrival,Zurich,Istanbul IST,turkish,Landed,22:20,22:16,2024-11-04 22:20:00,2024-11-04 22:16:00,-4.0
2024-11-04,arrival,Zurich,Malta,swiss,Landed,22:30,22:47,2024-11-04 22:30:00,2024-11-04 22:47:00,17.0
2024-11-04,arrival,Zurich,Amsterdam,klm,Landed,22:30,22:55,2024-11-04 22:30:00,2024-11-04 22:55:00,25.0
2024-11-04,arrival,Zurich,Paris CDG,airfrance,Landed,22:30,22:23,2024-11-04 22:30:00,2024-11-04 22:23:00,-7.0
2024-11-04,arrival,Zurich,Lisbon,tap,Landed,22:35,22:58,2024-11-04 22:35:00,2024-11-04 22:58:00,23.0
2024-11-04,arrival,Zurich,London LHR,swiss,Landed,22:45,22:52,2024-11-04 22:45:00,2024-11-04 22:52:00,7.0
2024-11-04,arrival,Zurich,Lamezia Terme,edelweiss,Landed,22:50,22:32,2024-11-04 22:50:00,2024-11-04 22:32:00,-18.0
2024-11-04,arrival,Zurich,Palma De Mallorca,edelweiss,Landed,22:55,22:51,2024-11-04 22:55:00,2024-11-04 22:51:00,-4.0
2024-11-04,arrival,Zurich,Pristina,edelweiss,Landed,22:55,22:57,2024-11-04 22:55:00,2024-11-04 22:57:00,2.0
2024-11-04,arrival,Zurich,Skopje,edelweiss,Landed,22:55,22:39,2024-11-04 22:55:00,2024-11-04 22:39:00,-16.0
2024-11-04,arrival,Zurich,Shanghai,swiss,Landed,19:00,18:54,2024-11-04 19:00:00,2024-11-04 18:54:00,-6.0
2024-11-04,arrival,Zurich,Warsaw,lot,Landed,19:05,19:16,2024-11-04 19:05:00,2024-11-04 19:16:00,11.0
2024-11-04,arrival,Zurich,Muscat,oman,Landed,19:05,18:48,2024-11-04 19:05:00,2024-11-04 18:48:00,-17.0
2024-11-04,arrival,Zurich,Ponta Delgada,edelweiss,Landed,19:10,18:53,2024-11-04 19:10:00,2024-11-04 18:53:00,-17.0
2024-11-04,arrival,Zurich,Frankfurt,lufthansa_neu,Landed,19:10,19:30,2024-11-04 19:10:00,2024-11-04 19:30:00,20.0
2024-11-04,arrival,Zurich,Reykjavík,edelweiss,Landed,19:10,19:09,2024-11-04 19:10:00,2024-11-04 19:09:00,-1.0
2024-11-04,arrival,Zurich,Tenerife,edelweiss,Landed,19:15,19:37,2024-11-04 19:15:00,2024-11-04 19:37:00,22.0
2024-11-04,arrival,Zurich,Gran Canaria,edelweiss,Landed,19:15,19:16,2024-11-04 19:15:00,2024-11-04 19:16:00,1.0
2024-11-04,arrival,Zurich,Zagreb,croatia_v2,Landed,19:15,19:54,2024-11-04 19:15:00,2024-11-04 19:54:00,39.0
2024-11-04,arrival,Zurich,Lisbon,swiss,Landed,19:15,20:26,2024-11-04 19:15:00,2024-11-04 20:26:00,71.0
2024-11-04,arrival,Zurich,Pristina,gp-aviation,Landed,19:20,19:37,2024-11-04 19:20:00,2024-11-04 19:37:00,17.0
2024-11-04,arrival,Zurich,Bangkok,swiss,Landed,19:25,19:31,2024-11-04 19:25:00,2024-11-04 19:31:00,6.0
2024-11-04,arrival,Zurich,Berlin,euro,Landed,19:25,19:04,2024-11-04 19:25:00,2024-11-04 19:04:00,-21.0
2024-11-04,arrival,Zurich,Hamburg,euro,Landed,19:30,19:27,2024-11-04 19:30:00,2024-11-04 19:27:00,-3.0
2024-11-04,arrival,Zurich,Cologne Bonn,euro,Landed,19:30,19:42,2024-11-04 19:30:00,2024-11-04 19:42:00,12.0
2024-11-04,arrival,Zurich,Seville,edelweiss,Landed,19:35,19:44,2024-11-04 19:35:00,2024-11-04 19:44:00,9.0
2024-11-04,arrival,Zurich,Athens,swiss,Landed,19:35,19:27,2024-11-04 19:35:00,2024-11-04 19:27:00,-8.0
2024-11-04,arrival,Zurich,Munich,lufthansa_neu,Landed,19:35,19:42,2024-11-04 19:35:00,2024-11-04 19:42:00,7.0
2024-11-04,arrival,Zurich,Copenhagen,sas,Landed,19:45,19:37,2024-11-04 19:45:00,2024-11-04 19:37:00,-8.0
2024-11-04,arrival,Zurich,Düsseldorf,swiss,Landed,19:45,19:39,2024-11-04 19:45:00,2024-11-04 19:39:00,-6.0
2024-11-04,arrival,Zurich,Vienna,austrian,Landed,19:50,19:54,2024-11-04 19:50:00,2024-11-04 19:54:00,4.0
2024-11-04,arrival,Zurich,Dubai,emirates-neu,Landed,19:50,19:23,2024-11-04 19:50:00,2024-11-04 19:23:00,-27.0
2024-11-04,arrival,Zurich,Geneva,swiss,Landed,19:55,20:01,2024-11-04 19:55:00,2024-11-04 20:01:00,6.0
2024-11-04,arrival,Zurich,Phuket,edelweiss,Landed,19:55,19:52,2024-11-04 19:55:00,2024-11-04 19:52:00,-3.0
2024-11-04,arrival,Zurich,Belgrade,serbia,Landed,19:55,20:48,2024-11-04 19:55:00,2024-11-04 20:48:00,53.0
2024-11-04,arrival,Zurich,Hurghada,edelweiss,Landed,19:55,19:57,2024-11-04 19:55:00,2024-11-04 19:57:00,2.0
2024-11-04,arrival,Zurich,Milan MXP,swiss,Landed,20:00,20:33,2024-11-04 20:00:00,2024-11-04 20:33:00,33.0
2024-11-04,arrival,Zurich,Luxembourg,swiss,Landed,20:00,20:02,2024-11-04 20:00:00,2024-11-04 20:02:00,2.0
2024-11-04,arrival,Zurich,London LHR,swiss,Landed,20:00,19:51,2024-11-04 20:00:00,2024-11-04 19:51:00,-9.0
2024-11-04,arrival,Zurich,Brussels,swiss,Landed,20:00,20:05,2024-11-04 20:00:00,2024-11-04 20:05:00,5.0
2024-11-04,arrival,Zurich,Berlin,swiss,Landed,20:05,19:58,2024-11-04 20:05:00,2024-11-04 19:58:00,-7.0
2024-11-04,arrival,Zurich,Bologna,swiss,Landed,20:10,20:08,2024-11-04 20:10:00,2024-11-04 20:08:00,-2.0
2024-11-04,arrival,Zurich,Stuttgart,swiss,Landed,20:10,20:08,2024-11-04 20:10:00,2024-11-04 20:08:00,-2.0
2024-11-04,arrival,Zurich,Hamburg,swiss,Landed,20:10,20:22,2024-11-04 20:10:00,2024-11-04 20:22:00,12.0
2024-11-04,arrival,Zurich,Düsseldorf,euro,Landed,20:10,20:10,2024-11-04 20:10:00,2024-11-04 20:10:00,0.0
2024-11-04,arrival,Zurich,Palma De Mallorca,swiss,Landed,20:15,20:42,2024-11-04 20:15:00,2024-11-04 20:42:00,27.0
2024-11-04,arrival,Zurich,Florence,swiss,Landed,20:15,20:04,2024-11-04 20:15:00,2024-11-04 20:04:00,-11.0
2024-11-04,arrival,Zurich,London LCY,swiss,Landed,20:20,20:20,2024-11-04 20:20:00,2024-11-04 20:20:00,0.0
2024-11-04,arrival,Zurich,Tel Aviv,elalisrael,Landed,20:20,20:46,2024-11-04 20:20:00,2024-11-04 20:46:00,26.0
2024-11-04,arrival,Zurich,Berlin,easyjet,Landed,20:35,20:26,2024-11-04 20:35:00,2024-11-04 20:26:00,-9.0
2024-11-04,arrival,Zurich,Porto,easyjet,Landed,20:40,20:45,2024-11-04 20:40:00,2024-11-04 20:45:00,5.0
2024-11-04,arrival,Zurich,Barcelona,vueling,Landed,20:40,20:38,2024-11-04 20:40:00,2024-11-04 20:38:00,-2.0
2024-11-04,arrival,Zurich,Istanbul IST,turkish,Landed,17:05,17:02,2024-11-04 17:05:00,2024-11-04 17:02:00,-3.0
2024-11-04,arrival,Zurich,Catania,edelweiss,Landed,17:05,17:09,2024-11-04 17:05:00,2024-11-04 17:09:00,4.0
2024-11-04,arrival,Zurich,Manchester,swiss,Landed,17:10,17:15,2024-11-04 17:10:00,2024-11-04 17:15:00,5.0
2024-11-04,arrival,Zurich,Lisbon,tap,Landed,17:10,18:12,2024-11-04 17:10:00,2024-11-04 18:12:00,62.0
2024-11-04,arrival,Zurich,Berlin,swiss,Landed,17:15,17:21,2024-11-04 17:15:00,2024-11-04 17:21:00,6.0
2024-11-04,arrival,Zurich,Frankfurt,lufthansa_neu,Landed,17:15,17:18,2024-11-04 17:15:00,2024-11-04 17:18:00,3.0
2024-11-04,arrival,Zurich,Madrid,europa,Landed,17:15,17:27,2024-11-04 17:15:00,2024-11-04 17:27:00,12.0
2024-11-04,arrival,Zurich,Edinburgh,edelweiss,Landed,17:35,17:38,2024-11-04 17:35:00,2024-11-04 17:38:00,3.0
2024-11-04,arrival,Zurich,Paris CDG,airfrance,Landed,17:55,17:52,2024-11-04 17:55:00,2024-11-04 17:52:00,-3.0
2024-11-04,arrival,Zurich,Stockholm,swiss,Landed,17:55,18:05,2024-11-04 17:55:00,2024-11-04 18:05:00,10.0
2024-11-04,arrival,Zurich,Delhi,air_india_logo,Landed,18:15,18:10,2024-11-04 18:15:00,2024-11-04 18:10:00,-5.0
2024-11-04,arrival,Zurich,Bucharest,swiss,Landed,18:15,17:58,2024-11-04 18:15:00,2024-11-04 17:58:00,-17.0
2024-11-04,arrival,Zurich,Malaga,swiss,Landed,18:20,18:47,2024-11-04 18:20:00,2024-11-04 18:47:00,27.0
2024-11-04,arrival,Zurich,Helsinki,finnair,Landed,18:20,18:40,2024-11-04 18:20:00,2024-11-04 18:40:00,20.0
2024-11-04,arrival,Zurich,Amsterdam,klm,Landed,18:25,18:27,2024-11-04 18:25:00,2024-11-04 18:27:00,2.0
2024-11-04,arrival,Zurich,Tokyo,swiss,Landed,18:30,18:37,2024-11-04 18:30:00,2024-11-04 18:37:00,7.0
2024-11-04,arrival,Zurich,London LCY,british,Landed,18:35,18:36,2024-11-04 18:35:00,2024-11-04 18:36:00,1.0
2024-11-04,arrival,Zurich,Vienna,austrian,Landed,18:40,18:31,2024-11-04 18:40:00,2024-11-04 18:31:00,-9.0
2024-11-04,arrival,Zurich,London LHR,british,Landed,18:40,18:42,2024-11-04 18:40:00,2024-11-04 18:42:00,2.0
2024-11-04,arrival,Zurich,Madrid,iberia,Landed,18:55,18:45,2024-11-04 18:55:00,2024-11-04 18:45:00,-10.0
2024-11-04,arrival,Zurich,Valencia,swiss,Landed,15:00,15:18,2024-11-04 15:00:00,2024-11-04 15:18:00,18.0
2024-11-04,arrival,Zurich,Düsseldorf,euro,Landed,15:10,15:04,2024-11-04 15:10:00,2024-11-04 15:04:00,-6.0
2024-11-04,arrival,Zurich,Los Angeles,swiss,Landed,15:15,15:32,2024-11-04 15:15:00,2024-11-04 15:32:00,17.0
2024-11-04,arrival,Zurich,Porto,swiss,Landed,15:30,15:25,2024-11-04 15:30:00,2024-11-04 15:25:00,-5.0
2024-11-04,arrival,Zurich,San Francisco,swiss,Landed,15:30,15:36,2024-11-04 15:30:00,2024-11-04 15:36:00,6.0
2024-11-04,arrival,Zurich,London LHR,british,Landed,15:30,15:27,2024-11-04 15:30:00,2024-11-04 15:27:00,-3.0
2024-11-04,arrival,Zurich,Oslo,swiss,Landed,15:30,15:19,2024-11-04 15:30:00,2024-11-04 15:19:00,-11.0
2024-11-04,arrival,Zurich,Hanover,swiss,Landed,15:35,15:30,2024-11-04 15:35:00,2024-11-04 15:30:00,-5.0
2024-11-04,arrival,Zurich,Porto,tap,Landed,15:35,15:38,2024-11-04 15:35:00,2024-11-04 15:38:00,3.0
2024-11-04,arrival,Zurich,Stockholm,swiss,Landed,15:40,15:30,2024-11-04 15:40:00,2024-11-04 15:30:00,-10.0
2024-11-04,arrival,Zurich,Malaga,swiss,Landed,15:40,15:41,2024-11-04 15:40:00,2024-11-04 15:41:00,1.0
2024-11-04,arrival,Zurich,Hurghada,chair,Landed,15:40,15:49,2024-11-04 15:40:00,2024-11-04 15:49:00,9.0
2024-11-04,arrival,Zurich,Frankfurt,swiss,Landed,15:40,15:35,2024-11-04 15:40:00,2024-11-04 15:35:00,-5.0
2024-11-04,arrival,Zurich,Athens,swiss,Landed,15:45,15:45,2024-11-04 15:45:00,2024-11-04 15:45:00,0.0
2024-11-04,arrival,Zurich,Geneva,swiss,Landed,15:45,15:55,2024-11-04 15:45:00,2024-11-04 15:55:00,10.0
2024-11-04,arrival,Zurich,Nice,swiss,Landed,15:50,15:52,2024-11-04 15:50:00,2024-11-04 15:52:00,2.0
2024-11-04,arrival,Zurich,Düsseldorf,swiss,Landed,16:00,15:49,2024-11-04 16:00:00,2024-11-04 15:49:00,-11.0
2024-11-04,arrival,Zurich,Lisbon,swiss,Landed,16:00,15:47,2024-11-04 16:00:00,2024-11-04 15:47:00,-13.0
2024-11-04,arrival,Zurich,Milan MXP,swiss,Landed,16:05,15:59,2024-11-04 16:05:00,2024-11-04 15:59:00,-6.0
2024-11-04,arrival,Zurich,London LCY,swiss,Landed,16:05,16:05,2024-11-04 16:05:00,2024-11-04 16:05:00,0.0
2024-11-04,arrival,Zurich,Florence,swiss,Landed,16:10,16:09,2024-11-04 16:10:00,2024-11-04 16:09:00,-1.0
2024-11-04,arrival,Zurich,Munich,lufthansa_neu,Landed,16:10,16:13,2024-11-04 16:10:00,2024-11-04 16:13:00,3.0
2024-11-04,arrival,Zurich,Prague,swiss,Landed,16:10,16:40,2024-11-04 16:10:00,2024-11-04 16:40:00,30.0
2024-11-04,arrival,Zurich,Hamburg,swiss,Landed,16:15,16:12,2024-11-04 16:15:00,2024-11-04 16:12:00,-3.0
2024-11-04,arrival,Zurich,Brussels,swiss,Landed,16:15,16:17,2024-11-04 16:15:00,2024-11-04 16:17:00,2.0
2024-11-04,arrival,Zurich,Paris CDG,swiss,Landed,16:15,16:55,2024-11-04 16:15:00,2024-11-04 16:55:00,40.0
2024-11-04,arrival,Zurich,Sofia,swiss,Landed,16:20,16:46,2024-11-04 16:20:00,2024-11-04 16:46:00,26.0
2024-11-04,arrival,Zurich,Vienna,swiss,Landed,16:20,16:19,2024-11-04 16:20:00,2024-11-04 16:19:00,-1.0
2024-11-04,arrival,Zurich,Berlin,swiss,Landed,16:20,16:18,2024-11-04 16:20:00,2024-11-04 16:18:00,-2.0
2024-11-04,arrival,Zurich,Venice,swiss,Landed,16:25,16:24,2024-11-04 16:25:00,2024-11-04 16:24:00,-1.0
2024-11-04,arrival,Zurich,Ljubljana,swiss,Landed,16:25,16:18,2024-11-04 16:25:00,2024-11-04 16:18:00,-7.0
2024-11-04,arrival,Zurich,Rome,swiss,Landed,16:25,16:34,2024-11-04 16:25:00,2024-11-04 16:34:00,9.0
2024-11-04,arrival,Zurich,Dublin,swiss,Landed,16:30,16:38,2024-11-04 16:30:00,2024-11-04 16:38:00,8.0
2024-11-04,arrival,Zurich,Marseille,swiss,Landed,16:30,17:41,2024-11-04 16:30:00,2024-11-04 17:41:00,71.0
2024-11-04,arrival,Zurich,Belgrade,swiss,Landed,16:30,16:21,2024-11-04 16:30:00,2024-11-04 16:21:00,-9.0
2024-11-04,arrival,Zurich,Cluj-Napoca,swiss,Landed,16:35,16:36,2024-11-04 16:35:00,2024-11-04 16:36:00,1.0
2024-11-04,arrival,Zurich,Warsaw,swiss,Landed,16:35,16:30,2024-11-04 16:35:00,2024-11-04 16:30:00,-5.0
2024-11-04,arrival,Zurich,Budapest,swiss,Landed,16:35,16:44,2024-11-04 16:35:00,2024-11-04 16:44:00,9.0
2024-11-04,arrival,Zurich,Sarajevo,swiss,Landed,16:35,16:26,2024-11-04 16:35:00,2024-11-04 16:26:00,-9.0
2024-11-04,arrival,Zurich,Palermo,swiss,Landed,16:40,16:58,2024-11-04 16:40:00,2024-11-04 16:58:00,18.0
2024-11-04,arrival,Zurich,Copenhagen,swiss,Landed,16:40,17:06,2024-11-04 16:40:00,2024-11-04 17:06:00,26.0
2024-11-04,arrival,Zurich,Barcelona,swiss,Landed,16:40,20:02,2024-11-04 16:40:00,2024-11-04 20:02:00,202.0
2024-11-04,arrival,Zurich,Ohrid,chair,Landed,16:40,20:12,2024-11-04 16:40:00,2024-11-04 20:12:00,212.0
2024-11-04,arrival,Zurich,London LHR,swiss,Landed,16:45,16:51,2024-11-04 16:45:00,2024-11-04 16:51:00,6.0
2024-11-04,arrival,Zurich,Amsterdam,klm,Landed,16:45,16:51,2024-11-04 16:45:00,2024-11-04 16:51:00,6.0
2024-11-04,arrival,Zurich,Malta,km_malta_airlines,Landed,16:50,16:41,2024-11-04 16:50:00,2024-11-04 16:41:00,-9.0
2024-11-04,arrival,Zurich,Wroclaw,swiss,Landed,16:50,16:23,2024-11-04 16:50:00,2024-11-04 16:23:00,-27.0
2024-11-04,arrival,Zurich,Amsterdam,swiss,Landed,16:50,16:47,2024-11-04 16:50:00,2024-11-04 16:47:00,-3.0
2024-11-04,arrival,Zurich,Naples NAP,swiss,Landed,16:50,17:05,2024-11-04 16:50:00,2024-11-04 17:05:00,15.0
2024-11-04,arrival,Zurich,Palma De Mallorca,swiss,Landed,16:55,16:59,2024-11-04 16:55:00,2024-11-04 16:59:00,4.0
2024-11-04,arrival,Zurich,Marrakesh,edelweiss,Landed,16:55,16:56,2024-11-04 16:55:00,2024-11-04 16:56:00,1.0
2024-11-04,arrival,Zurich,Istanbul SAW,ajet_logo,Landed,13:10,12:55,2024-11-04 13:10:00,2024-11-04 12:55:00,-15.0
2024-11-04,arrival,Zurich,Hamburg,euro,Landed,13:25,13:14,2024-11-04 13:25:00,2024-11-04 13:14:00,-11.0
2024-11-04,arrival,Zurich,Amsterdam,klm,Landed,13:35,13:55,2024-11-04 13:35:00,2024-11-04 13:55:00,20.0
2024-11-04,arrival,Zurich,Doha,qatar,Landed,13:40,13:15,2024-11-04 13:40:00,2024-11-04 13:15:00,-25.0
2024-11-04,arrival,Zurich,Riyadh,saudia_logo,Landed,13:45,13:05,2024-11-04 13:45:00,2024-11-04 13:05:00,-40.0
2024-11-04,arrival,Zurich,Frankfurt,lufthansa_neu,Landed,13:55,14:17,2024-11-04 13:55:00,2024-11-04 14:17:00,22.0
2024-11-04,arrival,Zurich,Istanbul IST,turkish,Landed,13:55,13:47,2024-11-04 13:55:00,2024-11-04 13:47:00,-8.0
2024-11-04,arrival,Zurich,Madrid,iberia,Landed,14:10,13:55,2024-11-04 14:10:00,2024-11-04 13:55:00,-15.0
2024-11-04,arrival,Zurich,London LCY,british,Landed,14:10,14:12,2024-11-04 14:10:00,2024-11-04 14:12:00,2.0
2024-11-04,arrival,Zurich,Vienna,austrian,Landed,14:20,14:21,2024-11-04 14:20:00,2024-11-04 14:21:00,1.0
2024-11-04,arrival,Zurich,London LHR,swiss,Landed,14:45,14:57,2024-11-04 14:45:00,2024-11-04 14:57:00,12.0
2024-11-04,arrival,Zurich,Stuttgart,swiss,Landed,14:45,14:46,2024-11-04 14:45:00,2024-11-04 14:46:00,1.0
2024-11-04,arrival,Zurich,Bogotávia Cartagena,edelweiss,Landed,14:45,15:11,2024-11-04 14:45:00,2024-11-04 15:11:00,26.0
2024-11-04,arrival,Zurich,Istanbul SAW,pegasus,Landed,14:50,16:01,2024-11-04 14:50:00,2024-11-04 16:01:00,71.0
2024-11-04,arrival,Zurich,Hamburg,swiss,Landed,11:00,11:15,2024-11-04 11:00:00,2024-11-04 11:15:00,15.0
2024-11-04,arrival,Zurich,Geneva,swiss,Landed,11:00,11:09,2024-11-04 11:00:00,2024-11-04 11:09:00,9.0
2024-11-04,arrival,Zurich,Florence,swiss,Landed,11:00,11:14,2024-11-04 11:00:00,2024-11-04 11:14:00,14.0
2024-11-04,arrival,Zurich,Tel Aviv,elalisrael,Landed,11:00,10:45,2024-11-04 11:00:00,2024-11-04 10:45:00,-15.0
2024-11-04,arrival,Zurich,Amsterdam,klm,Landed,11:05,11:25,2024-11-04 11:05:00,2024-11-04 11:25:00,20.0
2024-11-04,arrival,Zurich,Brussels,swiss,Landed,11:05,11:41,2024-11-04 11:05:00,2024-11-04 11:41:00,36.0
2024-11-04,arrival,Zurich,Berlin,swiss,Landed,11:05,11:05,2024-11-04 11:05:00,2024-11-04 11:05:00,0.0
2024-11-04,arrival,Zurich,Madrid,iberia,Landed,11:10,11:18,2024-11-04 11:10:00,2024-11-04 11:18:00,8.0
2024-11-04,arrival,Zurich,Prague,swiss,Landed,11:10,11:16,2024-11-04 11:10:00,2024-11-04 11:16:00,6.0
2024-11-04,arrival,Zurich,Boston,swiss,Landed,11:10,11:28,2024-11-04 11:10:00,2024-11-04 11:28:00,18.0
2024-11-04,arrival,Zurich,Vienna,swiss,Landed,11:10,11:05,2024-11-04 11:10:00,2024-11-04 11:05:00,-5.0
2024-11-04,arrival,Zurich,Budapest,swiss,Landed,11:15,11:31,2024-11-04 11:15:00,2024-11-04 11:31:00,16.0
2024-11-04,arrival,Zurich,Amsterdam,swiss,Landed,11:15,11:34,2024-11-04 11:15:00,2024-11-04 11:34:00,19.0
2024-11-04,arrival,Zurich,Hanover,swiss,Landed,11:15,11:29,2024-11-04 11:15:00,2024-11-04 11:29:00,14.0
2024-11-04,arrival,Zurich,Paris CDG,swiss,Landed,11:20,11:27,2024-11-04 11:20:00,2024-11-04 11:27:00,7.0
2024-11-04,arrival,Zurich,Rome,swiss,Landed,11:20,11:36,2024-11-04 11:20:00,2024-11-04 11:36:00,16.0
2024-11-04,arrival,Zurich,Nice,swiss,Landed,11:20,11:47,2024-11-04 11:20:00,2024-11-04 11:47:00,27.0
2024-11-04,arrival,Zurich,Tampa,edelweiss,Landed,11:25,13:15,2024-11-04 11:25:00,2024-11-04 13:15:00,110.0
2024-11-04,arrival,Zurich,Belgrade,swiss,Landed,11:25,11:21,2024-11-04 11:25:00,2024-11-04 11:21:00,-4.0
2024-11-04,arrival,Zurich,Krakow,swiss,Landed,11:30,11:38,2024-11-04 11:30:00,2024-11-04 11:38:00,8.0
2024-11-04,arrival,Zurich,Geneva,swiss,Landed,11:30,11:40,2024-11-04 11:30:00,2024-11-04 11:40:00,10.0
2024-11-04,arrival,Zurich,Bremen,swiss,Landed,11:35,11:37,2024-11-04 11:35:00,2024-11-04 11:37:00,2.0
2024-11-04,arrival,Zurich,Stuttgart,swiss,Landed,11:35,11:47,2024-11-04 11:35:00,2024-11-04 11:47:00,12.0
2024-11-04,arrival,Zurich,Newark,swiss,Landed,11:40,11:53,2024-11-04 11:40:00,2024-11-04 11:53:00,13.0
2024-11-04,arrival,Zurich,Copenhagen,swiss,Landed,11:40,11:38,2024-11-04 11:40:00,2024-11-04 11:38:00,-2.0
2024-11-04,arrival,Zurich,Barcelona,swiss,Landed,11:40,16:42,2024-11-04 11:40:00,2024-11-04 16:42:00,302.0
2024-11-04,arrival,Zurich,Milan MXP,swiss,Landed,11:45,12:25,2024-11-04 11:45:00,2024-11-04 12:25:00,40.0
2024-11-04,arrival,Zurich,Birmingham,swiss,Landed,11:45,12:13,2024-11-04 11:45:00,2024-11-04 12:13:00,28.0
2024-11-04,arrival,Zurich,London LHR,swiss,Landed,11:50,11:52,2024-11-04 11:50:00,2024-11-04 11:52:00,2.0
2024-11-04,arrival,Zurich,London LCY,swiss,Landed,11:50,11:54,2024-11-04 11:50:00,2024-11-04 11:54:00,4.0
2024-11-04,arrival,Zurich,Warsaw,swiss,Landed,11:50,11:45,2024-11-04 11:50:00,2024-11-04 11:45:00,-5.0
2024-11-04,arrival,Zurich,Pristina,edelweiss,Landed,11:50,11:44,2024-11-04 11:50:00,2024-11-04 11:44:00,-6.0
2024-11-04,arrival,Zurich,Manchester,swiss,Landed,11:55,12:08,2024-11-04 11:55:00,2024-11-04 12:08:00,13.0
2024-11-04,arrival,Zurich,Luxembourg,swiss,Landed,12:00,11:59,2024-11-04 12:00:00,2024-11-04 11:59:00,-1.0
2024-11-04,arrival,Zurich,Bologna,swiss,Landed,12:00,12:00,2024-11-04 12:00:00,2024-11-04 12:00:00,0.0
2024-11-04,arrival,Zurich,Graz,swiss,Landed,12:00,12:02,2024-11-04 12:00:00,2024-11-04 12:02:00,2.0
2024-11-04,arrival,Zurich,Gothenburg,swiss,Landed,12:05,11:51,2024-11-04 12:05:00,2024-11-04 11:51:00,-14.0
2024-11-04,arrival,Zurich,Geneva,swiss,Landed,12:05,12:09,2024-11-04 12:05:00,2024-11-04 12:09:00,4.0
2024-11-04,arrival,Zurich,Oslo,sas,Landed,12:10,11:59,2024-11-04 12:10:00,2024-11-04 11:59:00,-11.0
2024-11-04,arrival,Zurich,Alicante,swiss,Landed,12:15,12:08,2024-11-04 12:15:00,2024-11-04 12:08:00,-7.0
2024-11-04,arrival,Zurich,Porto,swiss,Landed,12:20,12:13,2024-11-04 12:20:00,2024-11-04 12:13:00,-7.0
2024-11-04,arrival,Zurich,Madrid,swiss,Landed,12:20,12:18,2024-11-04 12:20:00,2024-11-04 12:18:00,-2.0
2024-11-04,arrival,Zurich,Berlin,swiss,Landed,12:20,12:21,2024-11-04 12:20:00,2024-11-04 12:21:00,1.0
2024-11-04,arrival,Zurich,Dubai,emirates-neu,Landed,12:25,12:01,2024-11-04 12:25:00,2024-11-04 12:01:00,-24.0
2024-11-04,arrival,Zurich,Amsterdam,swiss,Landed,12:25,12:24,2024-11-04 12:25:00,2024-11-04 12:24:00,-1.0
2024-11-04,arrival,Zurich,Hamburg,swiss,Landed,12:30,12:31,2024-11-04 12:30:00,2024-11-04 12:31:00,1.0
2024-11-04,arrival,Zurich,Lisbon,tap,Landed,12:40,12:36,2024-11-04 12:40:00,2024-11-04 12:36:00,-4.0
2024-11-04,arrival,Zurich,Antalya,sun,Landed,12:50,12:44,2024-11-04 12:50:00,2024-11-04 12:44:00,-6.0
2024-11-04,arrival,Zurich,Cairo,egypt-air,Landed,12:55,12:40,2024-11-04 12:55:00,2024-11-04 12:40:00,-15.0
2024-11-04,arrival,Zurich,Munich,lufthansa_neu,Landed,12:55,13:52,2024-11-04 12:55:00,2024-11-04 13:52:00,57.0
2024-11-04,arrival,Zurich,Hamburg,euro,Landed,09:05,09:02,2024-11-04 09:05:00,2024-11-04 09:02:00,-3.0
2024-11-04,arrival,Zurich,London LGW,easyjet,Landed,09:20,09:00,2024-11-04 09:20:00,2024-11-04 09:00:00,-20.0
2024-11-04,arrival,Zurich,Madrid,europa,Landed,09:25,09:06,2024-11-04 09:25:00,2024-11-04 09:06:00,-19.0
2024-11-04,arrival,Zurich,London LCY,british,Landed,09:30,09:28,2024-11-04 09:30:00,2024-11-04 09:28:00,-2.0
2024-11-04,arrival,Zurich,Warsaw,lot,Landed,09:35,09:36,2024-11-04 09:35:00,2024-11-04 09:36:00,1.0
2024-11-04,arrival,Zurich,Thessaloniki,aegan,Landed,09:40,09:33,2024-11-04 09:40:00,2024-11-04 09:33:00,-7.0
2024-11-04,arrival,Zurich,London LHR,british,Landed,09:45,09:32,2024-11-04 09:45:00,2024-11-04 09:32:00,-13.0
2024-11-04,arrival,Zurich,Copenhagen,sas,Landed,09:45,09:39,2024-11-04 09:45:00,2024-11-04 09:39:00,-6.0
2024-11-04,arrival,Zurich,Helsinki,finnair,Landed,09:50,10:01,2024-11-04 09:50:00,2024-11-04 10:01:00,11.0
2024-11-04,arrival,Zurich,London LTN,easyjet,Landed,09:50,09:57,2024-11-04 09:50:00,2024-11-04 09:57:00,7.0
2024-11-04,arrival,Zurich,Vienna,austrian,Landed,09:50,09:47,2024-11-04 09:50:00,2024-11-04 09:47:00,-3.0
2024-11-04,arrival,Zurich,Paris CDG,airfrance,Landed,09:50,09:44,2024-11-04 09:50:00,2024-11-04 09:44:00,-6.0
2024-11-04,arrival,Zurich,Lisbon,easyjet,Landed,10:00,09:38,2024-11-04 10:00:00,2024-11-04 09:38:00,-22.0
2024-11-04,arrival,Zurich,Zagreb,croatia_v2,Landed,10:05,10:19,2024-11-04 10:05:00,2024-11-04 10:19:00,14.0
2024-11-04,arrival,Zurich,Frankfurt,swiss,Landed,10:05,10:50,2024-11-04 10:05:00,2024-11-04 10:50:00,45.0
2024-11-04,arrival,Zurich,Istanbul IST,turkish,Landed,10:10,09:57,2024-11-04 10:10:00,2024-11-04 09:57:00,-13.0
2024-11-04,arrival,Zurich,Munich,swiss,Landed,10:10,10:17,2024-11-04 10:10:00,2024-11-04 10:17:00,7.0
2024-11-04,arrival,Zurich,Athens,aegan,Landed,10:20,10:26,2024-11-04 10:20:00,2024-11-04 10:26:00,6.0
2024-11-04,arrival,Zurich,Toronto,canada,Landed,10:25,10:58,2024-11-04 10:25:00,2024-11-04 10:58:00,33.0
2024-11-04,arrival,Zurich,New York,delta,Landed,10:30,10:41,2024-11-04 10:30:00,2024-11-04 10:41:00,11.0
2024-11-04,arrival,Zurich,Sao Paulo,swiss,Landed,10:30,10:22,2024-11-04 10:30:00,2024-11-04 10:22:00,-8.0
2024-11-04,arrival,Zurich,Manchester,easyjet,Landed,10:30,10:53,2024-11-04 10:30:00,2024-11-04 10:53:00,23.0
2024-11-04,arrival,Zurich,Porto,easyjet,Landed,10:35,10:54,2024-11-04 10:35:00,2024-11-04 10:54:00,19.0
2024-11-04,arrival,Zurich,Istanbul SAW,pegasus,Landed,10:35,11:30,2024-11-04 10:35:00,2024-11-04 11:30:00,55.0
2024-11-04,arrival,Zurich,Washington,swiss,Landed,10:35,11:11,2024-11-04 10:35:00,2024-11-04 11:11:00,36.0
2024-11-04,arrival,Zurich,New York,swiss,Landed,10:40,10:38,2024-11-04 10:40:00,2024-11-04 10:38:00,-2.0
2024-11-04,arrival,Zurich,Frankfurt,lufthansa_neu,Landed,10:40,11:22,2024-11-04 10:40:00,2024-11-04 11:22:00,42.0
2024-11-04,arrival,Zurich,Bilbao,edelweiss,Landed,10:45,10:42,2024-11-04 10:45:00,2024-11-04 10:42:00,-3.0
2024-11-04,arrival,Zurich,London LCY,swiss,Landed,10:45,11:00,2024-11-04 10:45:00,2024-11-04 11:00:00,15.0
2024-11-04,arrival,Zurich,Chicago,swiss,Landed,10:45,11:19,2024-11-04 10:45:00,2024-11-04 11:19:00,34.0
2024-11-04,arrival,Zurich,Dresden,swiss,Landed,10:50,10:38,2024-11-04 10:50:00,2024-11-04 10:38:00,-12.0
2024-11-04,arrival,Zurich,Miami,swiss,Landed,10:50,10:55,2024-11-04 10:50:00,2024-11-04 10:55:00,5.0
2024-11-04,arrival,Zurich,Pristina,chair,Landed,10:55,10:43,2024-11-04 10:55:00,2024-11-04 10:43:00,-12.0
2024-11-04,arrival,Zurich,Venice,swiss,Landed,10:55,10:55,2024-11-04 10:55:00,2024-11-04 10:55:00,0.0
2024-11-04,arrival,Zurich,Düsseldorf,swiss,Landed,10:55,11:01,2024-11-04 10:55:00,2024-11-04 11:01:00,6.0
2024-11-04,arrival,Zurich,Doha,qatar,Landed,07:10,06:44,2024-11-04 07:10:00,2024-11-04 06:44:00,-26.0
2024-11-04,arrival,Zurich,Berlin,easyjet,Landed,07:30,07:16,2024-11-04 07:30:00,2024-11-04 07:16:00,-14.0
2024-11-04,arrival,Zurich,Washington,united,Landed,07:40,08:09,2024-11-04 07:40:00,2024-11-04 08:09:00,29.0
2024-11-04,arrival,Zurich,Addis Ababavia Milan,ethiopianairlineslogosvg,Landed,07:40,07:56,2024-11-04 07:40:00,2024-11-04 07:56:00,16.0
2024-11-04,arrival,Zurich,Cologne Bonn,euro,Landed,07:45,07:47,2024-11-04 07:45:00,2024-11-04 07:47:00,2.0
2024-11-04,arrival,Zurich,Ljubljana,swiss,Landed,07:45,07:56,2024-11-04 07:45:00,2024-11-04 07:56:00,11.0
2024-11-04,arrival,Zurich,Milan MXP,swiss,Landed,07:45,07:52,2024-11-04 07:45:00,2024-11-04 07:52:00,7.0
2024-11-04,arrival,Zurich,Antalya,sun,Landed,07:45,08:05,2024-11-04 07:45:00,2024-11-04 08:05:00,20.0
2024-11-04,arrival,Zurich,Singapore,singapore,Landed,07:50,08:02,2024-11-04 07:50:00,2024-11-04 08:02:00,12.0
2024-11-04,arrival,Zurich,Prague,swiss,Landed,07:50,07:55,2024-11-04 07:50:00,2024-11-04 07:55:00,5.0
2024-11-04,arrival,Zurich,Budapest,swiss,Landed,07:55,08:15,2024-11-04 07:55:00,2024-11-04 08:15:00,20.0
2024-11-04,arrival,Zurich,Düsseldorf,euro,Landed,07:55,07:48,2024-11-04 07:55:00,2024-11-04 07:48:00,-7.0
2024-11-04,arrival,Zurich,Chicago,united,Landed,07:55,07:42,2024-11-04 07:55:00,2024-11-04 07:42:00,-13.0
2024-11-04,arrival,Zurich,Brussels,brussels_airlines_logo,Landed,07:55,07:46,2024-11-04 07:55:00,2024-11-04 07:46:00,-9.0
2024-11-04,arrival,Zurich,Paris CDG,swiss,Landed,08:00,07:50,2024-11-04 08:00:00,2024-11-04 07:50:00,-10.0
2024-11-04,arrival,Zurich,Tallinn,swiss,Landed,08:05,07:46,2024-11-04 08:05:00,2024-11-04 07:46:00,-19.0
2024-11-04,arrival,Zurich,Bucharest,swiss,Landed,08:05,08:01,2024-11-04 08:05:00,2024-11-04 08:01:00,-4.0
2024-11-04,arrival,Zurich,Malaga,swiss,Landed,08:15,08:05,2024-11-04 08:15:00,2024-11-04 08:05:00,-10.0
2024-11-04,arrival,Zurich,Amsterdam,klm,Landed,08:15,08:12,2024-11-04 08:15:00,2024-11-04 08:12:00,-3.0
2024-11-04,arrival,Zurich,Philadelphia,american,Landed,08:15,08:41,2024-11-04 08:15:00,2024-11-04 08:41:00,26.0
2024-11-04,arrival,Zurich,Berlin,euro,Landed,08:15,08:15,2024-11-04 08:15:00,2024-11-04 08:15:00,0.0
2024-11-04,arrival,Zurich,Frankfurt,lufthansa_neu,Landed,08:20,08:19,2024-11-04 08:20:00,2024-11-04 08:19:00,-1.0
2024-11-04,arrival,Zurich,Barcelona,swiss,Landed,08:20,08:40,2024-11-04 08:20:00,2024-11-04 08:40:00,20.0
2024-11-04,arrival,Zurich,Vienna,austrian,Landed,08:25,08:19,2024-11-04 08:25:00,2024-11-04 08:19:00,-6.0
2024-11-04,arrival,Zurich,Amsterdam,swiss,Landed,08:25,08:12,2024-11-04 08:25:00,2024-11-04 08:12:00,-13.0
2024-11-04,arrival,Zurich,Geneva,swiss,Landed,08:30,08:25,2024-11-04 08:30:00,2024-11-04 08:25:00,-5.0
2024-11-04,arrival,Zurich,Stockholm,swiss,Landed,08:35,08:36,2024-11-04 08:35:00,2024-11-04 08:36:00,1.0
2024-11-04,arrival,Zurich,Riga,baltic,Landed,08:35,08:44,2024-11-04 08:35:00,2024-11-04 08:44:00,9.0
2024-11-04,arrival,Zurich,London LHR,swiss,Landed,08:40,08:36,2024-11-04 08:40:00,2024-11-04 08:36:00,-4.0
2024-11-04,arrival,Zurich,Newark,united,Landed,08:40,08:56,2024-11-04 08:40:00,2024-11-04 08:56:00,16.0
2024-11-04,arrival,Zurich,Berlin,swiss,Landed,08:45,08:33,2024-11-04 08:45:00,2024-11-04 08:33:00,-12.0
2024-11-04,arrival,Zurich,Copenhagen,swiss,Landed,08:45,08:23,2024-11-04 08:45:00,2024-11-04 08:23:00,-22.0
2024-11-04,arrival,Zurich,Munich,lufthansa_neu,Landed,08:45,08:50,2024-11-04 08:45:00,2024-11-04 08:50:00,5.0
2024-11-04,arrival,Zurich,Belgrade,serbia,Landed,08:50,08:33,2024-11-04 08:50:00,2024-11-04 08:33:00,-17.0
2024-11-04,arrival,Zurich,Barcelona,vueling,Landed,08:55,09:05,2024-11-04 08:55:00,2024-11-04 09:05:00,10.0
2024-11-04,arrival,Zurich,Athens,swiss,Landed,08:55,08:52,2024-11-04 08:55:00,2024-11-04 08:52:00,-3.0
2024-11-04,arrival,Zurich,Mumbai,swiss,Landed,06:10,06:19,2024-11-04 06:10:00,2024-11-04 06:19:00,9.0
2024-11-04,arrival,Zurich,Singapore,swiss,Landed,06:10,06:21,2024-11-04 06:10:00,2024-11-04 06:21:00,11.0
2024-11-04,arrival,Zurich,Hong Kong,swiss,Landed,06:10,06:10,2024-11-04 06:10:00,2024-11-04 06:10:00,0.0
2024-11-04,arrival,Zurich,New York,swiss,Landed,06:10,06:25,2024-11-04 06:10:00,2024-11-04 06:25:00,15.0
2024-11-04,arrival,Zurich,Dubai,swiss,Landed,06:15,06:16,2024-11-04 06:15:00,2024-11-04 06:16:00,1.0
2024-11-04,arrival,Zurich,Montreal,swiss,Landed,06:15,06:27,2024-11-04 06:15:00,2024-11-04 06:27:00,12.0
2024-11-04,arrival,Zurich,Johannesburg,swiss,Landed,06:15,06:12,2024-11-04 06:15:00,2024-11-04 06:12:00,-3.0
2024-11-04,arrival,Zurich,Delhi,swiss,Landed,06:20,06:30,2024-11-04 06:20:00,2024-11-04 06:30:00,10.0
2024-11-04,arrival,Zurich,Mauritiusvia Mahe,edelweiss,Landed,06:20,06:14,2024-11-04 06:20:00,2024-11-04 06:14:00,-6.0
2024-11-04,arrival,Zurich,Abu Dhabi AUH,etihad,Landed,06:30,06:47,2024-11-04 06:30:00,2024-11-04 06:47:00,17.0
2024-11-04,arrival,Zurich,Boston,swiss,Landed,06:35,06:55,2024-11-04 06:35:00,2024-11-04 06:55:00,20.0
2024-11-04,arrival,Zurich,Geneva,swiss,Landed,06:45,06:59,2024-11-04 06:45:00,2024-11-04 06:59:00,14.0
2024-11-04,arrival,Zurich,Bangkok,thai,Landed,06:55,07:03,2024-11-04 06:55:00,2024-11-04 07:03:00,8.0
2024-11-04,departure,Zurich,Athens,swiss,Departed,21:00,20:55,2024-11-04 21:00:00,2024-11-04 20:55:00,-5.0
2024-11-04,departure,Zurich,Stockholm,swiss,Departed,21:00,21:10,2024-11-04 21:00:00,2024-11-04 21:10:00,10.0
2024-11-04,departure,Zurich,Paris CDG,swiss,Departed,21:00,21:00,2024-11-04 21:00:00,2024-11-04 21:00:00,0.0
2024-11-04,departure,Zurich,Geneva,swiss,Departed,21:00,21:00,2024-11-04 21:00:00,2024-11-04 21:00:00,0.0
2024-11-04,departure,Zurich,Prague,swiss,Departed,21:05,21:05,2024-11-04 21:05:00,2024-11-04 21:05:00,0.0
2024-11-04,departure,Zurich,Barcelona,swiss,Departed,21:10,21:20,2024-11-04 21:10:00,2024-11-04 21:20:00,10.0
2024-11-04,departure,Zurich,Bucharest,swiss,Departed,21:10,21:45,2024-11-04 21:10:00,2024-11-04 21:45:00,35.0
2024-11-04,departure,Zurich,Budapest,swiss,Departed,21:10,21:10,2024-11-04 21:10:00,2024-11-04 21:10:00,0.0
2024-11-04,departure,Zurich,Copenhagen,swiss,Departed,21:15,21:25,2024-11-04 21:15:00,2024-11-04 21:25:00,10.0
2024-11-04,departure,Zurich,Ljubljana,swiss,Departed,21:15,21:25,2024-11-04 21:15:00,2024-11-04 21:25:00,10.0
2024-11-04,departure,Zurich,Berlin,easyjet,Departed,21:20,21:20,2024-11-04 21:20:00,2024-11-04 21:20:00,0.0
2024-11-04,departure,Zurich,Barcelona,vueling,Departed,21:25,21:25,2024-11-04 21:25:00,2024-11-04 21:25:00,0.0
2024-11-04,departure,Zurich,Tel Aviv,elalisrael,Departed,21:30,22:10,2024-11-04 21:30:00,2024-11-04 22:10:00,40.0
2024-11-04,departure,Zurich,Muscat,oman,Departed,21:35,21:25,2024-11-04 21:35:00,2024-11-04 21:25:00,-10.0
2024-11-04,departure,Zurich,Porto,easyjet,Departed,21:40,21:30,2024-11-04 21:40:00,2024-11-04 21:30:00,-10.0
2024-11-04,departure,Zurich,Dubai,emirates-neu,Departed,21:50,21:40,2024-11-04 21:50:00,2024-11-04 21:40:00,-10.0
2024-11-04,departure,Zurich,Malaga,swiss,Departed,22:25,22:25,2024-11-04 22:25:00,2024-11-04 22:25:00,0.0
2024-11-04,departure,Zurich,Cape Town,edelweiss,Departed,22:30,22:50,2024-11-04 22:30:00,2024-11-04 22:50:00,20.0
2024-11-04,departure,Zurich,Sao Paulo,swiss,Departed,22:40,22:50,2024-11-04 22:40:00,2024-11-04 22:50:00,10.0
2024-11-04,departure,Zurich,Hong Kong,swiss,Departed,22:40,22:45,2024-11-04 22:40:00,2024-11-04 22:45:00,5.0
2024-11-04,departure,Zurich,Singapore,swiss,Departed,22:40,22:40,2024-11-04 22:40:00,2024-11-04 22:40:00,0.0
2024-11-04,departure,Zurich,Geneva,swiss,Departed,22:45,22:55,2024-11-04 22:45:00,2024-11-04 22:55:00,10.0
2024-11-04,departure,Zurich,Johannesburg,swiss,Departed,22:45,22:40,2024-11-04 22:45:00,2024-11-04 22:40:00,-5.0
2024-11-04,departure,Zurich,Munich,swiss,Departed,19:05,19:05,2024-11-04 19:05:00,2024-11-04 19:05:00,0.0
2024-11-04,departure,Zurich,Helsinki,finnair,Departed,19:05,19:30,2024-11-04 19:05:00,2024-11-04 19:30:00,25.0
2024-11-04,departure,Zurich,Amsterdam,klm,Departed,19:10,19:10,2024-11-04 19:10:00,2024-11-04 19:10:00,0.0
2024-11-04,departure,Zurich,London LCY,british,Departed,19:15,19:15,2024-11-04 19:15:00,2024-11-04 19:15:00,0.0
2024-11-04,departure,Zurich,Vienna,austrian,Departed,19:25,19:25,2024-11-04 19:25:00,2024-11-04 19:25:00,0.0
2024-11-04,departure,Zurich,London LHR,british,Departed,19:30,19:30,2024-11-04 19:30:00,2024-11-04 19:30:00,0.0
2024-11-04,departure,Zurich,Madrid,iberia,Departed,19:40,19:45,2024-11-04 19:40:00,2024-11-04 19:45:00,5.0
2024-11-04,departure,Zurich,Delhi,air_india_logo,Departed,19:50,19:50,2024-11-04 19:50:00,2024-11-04 19:50:00,0.0
2024-11-04,departure,Zurich,Warsaw,lot,Departed,19:55,19:55,2024-11-04 19:55:00,2024-11-04 19:55:00,0.0
2024-11-04,departure,Zurich,Zagreb,croatia_v2,Departed,19:55,20:25,2024-11-04 19:55:00,2024-11-04 20:25:00,30.0
2024-11-04,departure,Zurich,Berlin,euro,Departed,20:05,20:00,2024-11-04 20:05:00,2024-11-04 20:00:00,-5.0
2024-11-04,departure,Zurich,Frankfurt,lufthansa_neu,Departed,20:05,20:05,2024-11-04 20:05:00,2024-11-04 20:05:00,0.0
2024-11-04,departure,Zurich,Cologne Bonn,euro,Departed,20:10,20:15,2024-11-04 20:10:00,2024-11-04 20:15:00,5.0
2024-11-04,departure,Zurich,Hamburg,euro,Departed,20:10,20:15,2024-11-04 20:10:00,2024-11-04 20:15:00,5.0
2024-11-04,departure,Zurich,Munich,lufthansa_neu,Departed,20:15,20:15,2024-11-04 20:15:00,2024-11-04 20:15:00,0.0
2024-11-04,departure,Zurich,Addis Ababavia Milan,ethiopianairlineslogosvg,Departed,20:15,20:30,2024-11-04 20:15:00,2024-11-04 20:30:00,15.0
2024-11-04,departure,Zurich,Pristina,gp-aviation,Departed,20:20,20:30,2024-11-04 20:20:00,2024-11-04 20:30:00,10.0
2024-11-04,departure,Zurich,Copenhagen,sas,Departed,20:25,20:25,2024-11-04 20:25:00,2024-11-04 20:25:00,0.0
2024-11-04,departure,Zurich,Belgrade,serbia,Departed,20:40,21:30,2024-11-04 20:40:00,2024-11-04 21:30:00,50.0
2024-11-04,departure,Zurich,Vienna,austrian,Departed,20:45,20:45,2024-11-04 20:45:00,2024-11-04 20:45:00,0.0
2024-11-04,departure,Zurich,Amsterdam,swiss,Departed,20:45,21:00,2024-11-04 20:45:00,2024-11-04 21:00:00,15.0
2024-11-04,departure,Zurich,Düsseldorf,euro,Departed,20:50,20:50,2024-11-04 20:50:00,2024-11-04 20:50:00,0.0
2024-11-04,departure,Zurich,Milan MXP,swiss,Departed,20:50,21:15,2024-11-04 20:50:00,2024-11-04 21:15:00,25.0
2024-11-04,departure,Zurich,Berlin,swiss,Departed,20:55,21:20,2024-11-04 20:55:00,2024-11-04 21:20:00,25.0
2024-11-04,departure,Zurich,London LHR,swiss,Departed,20:55,21:00,2024-11-04 20:55:00,2024-11-04 21:00:00,5.0
2024-11-04,departure,Zurich,Warsaw,swiss,Departed,17:00,17:00,2024-11-04 17:00:00,2024-11-04 17:00:00,0.0
2024-11-04,departure,Zurich,London LHR,swiss,Departed,17:00,17:15,2024-11-04 17:00:00,2024-11-04 17:15:00,15.0
2024-11-04,departure,Zurich,Bologna,swiss,Departed,17:00,17:20,2024-11-04 17:00:00,2024-11-04 17:20:00,20.0
2024-11-04,departure,Zurich,Manchester,swiss,Departed,17:05,17:15,2024-11-04 17:05:00,2024-11-04 17:15:00,10.0
2024-11-04,departure,Zurich,London LGW,swiss,Departed,17:05,17:05,2024-11-04 17:05:00,2024-11-04 17:05:00,0.0
2024-11-04,departure,Zurich,Malta,swiss,Departed,17:10,17:15,2024-11-04 17:10:00,2024-11-04 17:15:00,5.0
2024-11-04,departure,Zurich,Milan MXP,swiss,Departed,17:15,17:15,2024-11-04 17:15:00,2024-11-04 17:15:00,0.0
2024-11-04,departure,Zurich,Luxembourg,swiss,Departed,17:15,17:20,2024-11-04 17:15:00,2024-11-04 17:20:00,5.0
2024-11-04,departure,Zurich,Copenhagen,swiss,Departed,17:15,17:25,2024-11-04 17:15:00,2024-11-04 17:25:00,10.0
2024-11-04,departure,Zurich,Newark,swiss,Departed,17:15,17:20,2024-11-04 17:15:00,2024-11-04 17:20:00,5.0
2024-11-04,departure,Zurich,Skopje,chair,Departed,17:20,17:20,2024-11-04 17:20:00,2024-11-04 17:20:00,0.0
2024-11-04,departure,Zurich,Berlin,swiss,Departed,17:25,17:25,2024-11-04 17:25:00,2024-11-04 17:25:00,0.0
2024-11-04,departure,Zurich,Amsterdam,swiss,Departed,17:25,17:25,2024-11-04 17:25:00,2024-11-04 17:25:00,0.0
2024-11-04,departure,Zurich,Amsterdam,klm,Departed,17:30,17:35,2024-11-04 17:30:00,2024-11-04 17:35:00,5.0
2024-11-04,departure,Zurich,Barcelona,swiss,Departed,17:30,17:30,2024-11-04 17:30:00,2024-11-04 17:30:00,0.0
2024-11-04,departure,Zurich,Boston,swiss,Departed,17:30,17:45,2024-11-04 17:30:00,2024-11-04 17:45:00,15.0
2024-11-04,departure,Zurich,Pristina,chair,Cancelled,17:35,17:35,2024-11-04 17:35:00,2024-11-04 17:35:00,0.0
2024-11-04,departure,Zurich,Paris CDG,swiss,Departed,17:35,17:35,2024-11-04 17:35:00,2024-11-04 17:35:00,0.0
2024-11-04,departure,Zurich,Budapest,swiss,Departed,17:35,17:35,2024-11-04 17:35:00,2024-11-04 17:35:00,0.0
2024-11-04,departure,Zurich,Rome,swiss,Departed,17:35,17:35,2024-11-04 17:35:00,2024-11-04 17:35:00,0.0
2024-11-04,departure,Zurich,Düsseldorf,swiss,Departed,17:40,17:40,2024-11-04 17:40:00,2024-11-04 17:40:00,0.0
2024-11-04,departure,Zurich,Prague,swiss,Departed,17:40,17:50,2024-11-04 17:40:00,2024-11-04 17:50:00,10.0
2024-11-04,departure,Zurich,Malta,km_malta_airlines,Departed,17:40,17:35,2024-11-04 17:40:00,2024-11-04 17:35:00,-5.0
2024-11-04,departure,Zurich,Venice,swiss,Departed,17:40,17:40,2024-11-04 17:40:00,2024-11-04 17:40:00,0.0
2024-11-04,departure,Zurich,Hanover,swiss,Departed,17:45,17:45,2024-11-04 17:45:00,2024-11-04 17:45:00,0.0
2024-11-04,departure,Zurich,Vienna,swiss,Departed,17:45,17:45,2024-11-04 17:45:00,2024-11-04 17:45:00,0.0
2024-11-04,departure,Zurich,Lamezia Terme,edelweiss,Departed,17:45,17:45,2024-11-04 17:45:00,2024-11-04 17:45:00,0.0
2024-11-04,departure,Zurich,Nice,swiss,Departed,17:50,17:50,2024-11-04 17:50:00,2024-11-04 17:50:00,0.0
2024-11-04,departure,Zurich,Hamburg,swiss,Departed,17:50,17:55,2024-11-04 17:50:00,2024-11-04 17:55:00,5.0
2024-11-04,departure,Zurich,Stuttgart,swiss,Departed,17:50,18:00,2024-11-04 17:50:00,2024-11-04 18:00:00,10.0
2024-11-04,departure,Zurich,Skopje,edelweiss,Departed,17:50,18:00,2024-11-04 17:50:00,2024-11-04 18:00:00,10.0
2024-11-04,departure,Zurich,Brussels,swiss,Departed,17:55,17:55,2024-11-04 17:55:00,2024-11-04 17:55:00,0.0
2024-11-04,departure,Zurich,London LCY,swiss,Departed,17:55,18:00,2024-11-04 17:55:00,2024-11-04 18:00:00,5.0
2024-11-04,departure,Zurich,Pristina,edelweiss,Departed,17:55,18:10,2024-11-04 17:55:00,2024-11-04 18:10:00,15.0
2024-11-04,departure,Zurich,Geneva,swiss,Departed,18:00,18:00,2024-11-04 18:00:00,2024-11-04 18:00:00,0.0
2024-11-04,departure,Zurich,Bangkok,swiss,Departed,18:00,18:20,2024-11-04 18:00:00,2024-11-04 18:20:00,20.0
2024-11-04,departure,Zurich,Malé,edelweiss,Departed,18:00,18:00,2024-11-04 18:00:00,2024-11-04 18:00:00,0.0
2024-11-04,departure,Zurich,Frankfurt,lufthansa_neu,Departed,18:05,18:10,2024-11-04 18:05:00,2024-11-04 18:10:00,5.0
2024-11-04,departure,Zurich,Lisbon,tap,Departed,18:05,19:05,2024-11-04 18:05:00,2024-11-04 19:05:00,60.0
2024-11-04,departure,Zurich,Palma De Mallorca,edelweiss,Departed,18:25,18:25,2024-11-04 18:25:00,2024-11-04 18:25:00,0.0
2024-11-04,departure,Zurich,Berlin,swiss,Departed,18:25,18:20,2024-11-04 18:25:00,2024-11-04 18:20:00,-5.0
2024-11-04,departure,Zurich,London LHR,swiss,Departed,18:25,18:35,2024-11-04 18:25:00,2024-11-04 18:35:00,10.0
2024-11-04,departure,Zurich,Madrid,europa,Departed,18:30,18:30,2024-11-04 18:30:00,2024-11-04 18:30:00,0.0
2024-11-04,departure,Zurich,Istanbul IST,turkish,Departed,18:30,18:30,2024-11-04 18:30:00,2024-11-04 18:30:00,0.0
2024-11-04,departure,Zurich,Paris CDG,airfrance,Departed,18:50,18:50,2024-11-04 18:50:00,2024-11-04 18:50:00,0.0
2024-11-04,departure,Zurich,Frankfurt,swiss,Departed,18:50,18:50,2024-11-04 18:50:00,2024-11-04 18:50:00,0.0
2024-11-04,departure,Zurich,Riyadh,saudia_logo,Departed,15:00,14:50,2024-11-04 15:00:00,2024-11-04 14:50:00,-10.0
2024-11-04,departure,Zurich,Vienna,austrian,Departed,15:05,15:23,2024-11-04 15:05:00,2024-11-04 15:23:00,18.0
2024-11-04,departure,Zurich,Doha,qatar,Departed,15:10,15:05,2024-11-04 15:10:00,2024-11-04 15:05:00,-5.0
2024-11-04,departure,Zurich,London LHR,swiss,Departed,15:30,15:30,2024-11-04 15:30:00,2024-11-04 15:30:00,0.0
2024-11-04,departure,Zurich,Palma De Mallorca,swiss,Departed,15:40,16:35,2024-11-04 15:40:00,2024-11-04 16:35:00,55.0
2024-11-04,departure,Zurich,Oslo,swiss,Departed,15:45,15:50,2024-11-04 15:45:00,2024-11-04 15:50:00,5.0
2024-11-04,departure,Zurich,Düsseldorf,euro,Departed,15:50,15:50,2024-11-04 15:50:00,2024-11-04 15:50:00,0.0
2024-11-04,departure,Zurich,Istanbul SAW,pegasus,Departed,15:50,16:45,2024-11-04 15:50:00,2024-11-04 16:45:00,55.0
2024-11-04,departure,Zurich,Madrid,swiss,Departed,16:20,16:30,2024-11-04 16:20:00,2024-11-04 16:30:00,10.0
2024-11-04,departure,Zurich,Porto,tap,Departed,16:20,16:20,2024-11-04 16:20:00,2024-11-04 16:20:00,0.0
2024-11-04,departure,Zurich,Berlin,swiss,Departed,16:25,16:35,2024-11-04 16:25:00,2024-11-04 16:35:00,10.0
2024-11-04,departure,Zurich,Hamburg,swiss,Departed,16:25,16:40,2024-11-04 16:25:00,2024-11-04 16:40:00,15.0
2024-11-04,departure,Zurich,London LHR,british,Departed,16:25,16:25,2024-11-04 16:25:00,2024-11-04 16:25:00,0.0
2024-11-04,departure,Zurich,London LCY,swiss,Departed,16:25,16:20,2024-11-04 16:25:00,2024-11-04 16:20:00,-5.0
2024-11-04,departure,Zurich,Düsseldorf,swiss,Departed,16:30,16:30,2024-11-04 16:30:00,2024-11-04 16:30:00,0.0
2024-11-04,departure,Zurich,Dublin,swiss,Departed,16:30,16:45,2024-11-04 16:30:00,2024-11-04 16:45:00,15.0
2024-11-04,departure,Zurich,Brussels,swiss,Departed,16:30,16:30,2024-11-04 16:30:00,2024-11-04 16:30:00,0.0
2024-11-04,departure,Zurich,Geneva,swiss,Departed,16:45,16:45,2024-11-04 16:45:00,2024-11-04 16:45:00,0.0
2024-11-04,departure,Zurich,Munich,lufthansa_neu,Departed,16:50,16:50,2024-11-04 16:50:00,2024-11-04 16:50:00,0.0
2024-11-04,departure,Zurich,Valencia,swiss,Departed,16:50,16:50,2024-11-04 16:50:00,2024-11-04 16:50:00,0.0
2024-11-04,departure,Zurich,Florence,swiss,Departed,16:55,16:55,2024-11-04 16:55:00,2024-11-04 16:55:00,0.0
2024-11-04,departure,Zurich,Gothenburg,swiss,Departed,16:55,16:55,2024-11-04 16:55:00,2024-11-04 16:55:00,0.0
2024-11-04,departure,Zurich,Košice,swiss,Departed,16:55,17:45,2024-11-04 16:55:00,2024-11-04 17:45:00,50.0
2024-11-04,departure,Zurich,Oslo,sas,Departed,13:00,13:00,2024-11-04 13:00:00,2024-11-04 13:00:00,0.0
2024-11-04,departure,Zurich,Toronto,canada,Departed,13:00,13:00,2024-11-04 13:00:00,2024-11-04 13:00:00,0.0
2024-11-04,departure,Zurich,Ljubljana,swiss,Departed,13:05,13:15,2024-11-04 13:05:00,2024-11-04 13:15:00,10.0
2024-11-04,departure,Zurich,Tokyo,swiss,Departed,13:05,13:10,2024-11-04 13:05:00,2024-11-04 13:10:00,5.0
2024-11-04,departure,Zurich,Athens,swiss,Departed,13:05,13:10,2024-11-04 13:05:00,2024-11-04 13:10:00,5.0
2024-11-04,departure,Zurich,Venice,swiss,Departed,13:05,13:05,2024-11-04 13:05:00,2024-11-04 13:05:00,0.0
2024-11-04,departure,Zurich,Shanghai,swiss,Departed,13:10,13:10,2024-11-04 13:10:00,2024-11-04 13:10:00,0.0
2024-11-04,departure,Zurich,Chicago,swiss,Departed,13:10,13:10,2024-11-04 13:10:00,2024-11-04 13:10:00,0.0
2024-11-04,departure,Zurich,Los Angeles,swiss,Departed,13:10,13:10,2024-11-04 13:10:00,2024-11-04 13:10:00,0.0
2024-11-04,departure,Zurich,Bangkok,thai,Departed,13:15,13:15,2024-11-04 13:15:00,2024-11-04 13:15:00,0.0
2024-11-04,departure,Zurich,San Francisco,swiss,Departed,13:15,13:15,2024-11-04 13:15:00,2024-11-04 13:15:00,0.0
2024-11-04,departure,Zurich,New York,swiss,Departed,13:15,13:15,2024-11-04 13:15:00,2024-11-04 13:15:00,0.0
2024-11-04,departure,Zurich,Boston,swiss,Departed,13:20,13:45,2024-11-04 13:20:00,2024-11-04 13:45:00,25.0
2024-11-04,departure,Zurich,Milan MXP,swiss,Departed,13:20,13:20,2024-11-04 13:20:00,2024-11-04 13:20:00,0.0
2024-11-04,departure,Zurich,Punta Cana,edelweiss,Departed,13:20,15:00,2024-11-04 13:20:00,2024-11-04 15:00:00,100.0
2024-11-04,departure,Zurich,Seville,edelweiss,Departed,13:30,13:35,2024-11-04 13:30:00,2024-11-04 13:35:00,5.0
2024-11-04,departure,Zurich,New York,delta,Departed,13:30,13:20,2024-11-04 13:30:00,2024-11-04 13:20:00,-10.0
2024-11-04,departure,Zurich,Berlin,swiss,Departed,13:30,13:30,2024-11-04 13:30:00,2024-11-04 13:30:00,0.0
2024-11-04,departure,Zurich,Lisbon,tap,Departed,13:30,14:15,2024-11-04 13:30:00,2024-11-04 14:15:00,45.0
2024-11-04,departure,Zurich,Munich,lufthansa_neu,Departed,13:35,14:30,2024-11-04 13:35:00,2024-11-04 14:30:00,55.0
2024-11-04,departure,Zurich,Antalya,sun,Departed,13:45,13:45,2024-11-04 13:45:00,2024-11-04 13:45:00,0.0
2024-11-04,departure,Zurich,Cairo,egypt-air,Departed,13:55,14:00,2024-11-04 13:55:00,2024-11-04 14:00:00,5.0
2024-11-04,departure,Zurich,Hamburg,euro,Departed,14:05,14:05,2024-11-04 14:05:00,2024-11-04 14:05:00,0.0
2024-11-04,departure,Zurich,Istanbul SAW,ajet_logo,Departed,14:10,14:10,2024-11-04 14:10:00,2024-11-04 14:10:00,0.0
2024-11-04,departure,Zurich,Amsterdam,klm,Departed,14:15,14:30,2024-11-04 14:15:00,2024-11-04 14:30:00,15.0
2024-11-04,departure,Zurich,Dubai,emirates-neu,Departed,14:35,14:35,2024-11-04 14:35:00,2024-11-04 14:35:00,0.0
2024-11-04,departure,Zurich,Frankfurt,lufthansa_neu,Departed,14:45,14:55,2024-11-04 14:45:00,2024-11-04 14:55:00,10.0
2024-11-04,departure,Zurich,London LCY,british,Departed,14:50,14:50,2024-11-04 14:50:00,2024-11-04 14:50:00,0.0
2024-11-04,departure,Zurich,Istanbul IST,turkish,Departed,14:50,14:50,2024-11-04 14:50:00,2024-11-04 14:50:00,0.0
2024-11-04,departure,Zurich,Madrid,iberia,Departed,14:55,14:55,2024-11-04 14:55:00,2024-11-04 14:55:00,0.0
2024-11-04,departure,Zurich,Dublin,swiss,Departed,11:00,11:23,2024-11-04 11:00:00,2024-11-04 11:23:00,23.0
2024-11-04,departure,Zurich,Sofia,swiss,Departed,11:00,11:15,2024-11-04 11:00:00,2024-11-04 11:15:00,15.0
2024-11-04,departure,Zurich,Manchester,easyjet,Departed,11:05,11:40,2024-11-04 11:05:00,2024-11-04 11:40:00,35.0
2024-11-04,departure,Zurich,Istanbul IST,turkish,Departed,11:05,11:00,2024-11-04 11:05:00,2024-11-04 11:00:00,-5.0
2024-11-04,departure,Zurich,Zagreb,croatia_v2,Departed,11:05,11:05,2024-11-04 11:05:00,2024-11-04 11:05:00,0.0
2024-11-04,departure,Zurich,Porto,easyjet,Departed,11:15,11:35,2024-11-04 11:15:00,2024-11-04 11:35:00,20.0
2024-11-04,departure,Zurich,Athens,aegan,Departed,11:20,11:20,2024-11-04 11:20:00,2024-11-04 11:20:00,0.0
2024-11-04,departure,Zurich,Frankfurt,lufthansa_neu,Departed,11:20,11:55,2024-11-04 11:20:00,2024-11-04 11:55:00,35.0
2024-11-04,departure,Zurich,Istanbul SAW,pegasus,Departed,11:40,12:35,2024-11-04 11:40:00,2024-11-04 12:35:00,55.0
2024-11-04,departure,Zurich,Cluj-Napoca,swiss,Departed,11:40,12:00,2024-11-04 11:40:00,2024-11-04 12:00:00,20.0
2024-11-04,departure,Zurich,Washington,united,Departed,11:45,11:40,2024-11-04 11:45:00,2024-11-04 11:40:00,-5.0
2024-11-04,departure,Zurich,Ohrid,chair,Departed,11:45,12:00,2024-11-04 11:45:00,2024-11-04 12:00:00,15.0
2024-11-04,departure,Zurich,Palermo,swiss,Departed,11:50,12:10,2024-11-04 11:50:00,2024-11-04 12:10:00,20.0
2024-11-04,departure,Zurich,Amsterdam,klm,Departed,11:50,12:06,2024-11-04 11:50:00,2024-11-04 12:06:00,16.0
2024-11-04,departure,Zurich,Madrid,iberia,Departed,11:55,12:10,2024-11-04 11:55:00,2024-11-04 12:10:00,15.0
2024-11-04,departure,Zurich,Warsaw,swiss,Departed,11:55,12:00,2024-11-04 11:55:00,2024-11-04 12:00:00,5.0
2024-11-04,departure,Zurich,Geneva,swiss,Departed,11:55,12:45,2024-11-04 11:55:00,2024-11-04 12:45:00,50.0
2024-11-04,departure,Zurich,Hanover,swiss,Departed,12:00,12:00,2024-11-04 12:00:00,2024-11-04 12:00:00,0.0
2024-11-04,departure,Zurich,Delhi,swiss,Departed,12:00,12:25,2024-11-04 12:00:00,2024-11-04 12:25:00,25.0
2024-11-04,departure,Zurich,Belgrade,swiss,Departed,12:05,12:05,2024-11-04 12:05:00,2024-11-04 12:05:00,0.0
2024-11-04,departure,Zurich,Malaga,swiss,Departed,12:05,12:30,2024-11-04 12:05:00,2024-11-04 12:30:00,25.0
2024-11-04,departure,Zurich,Catania,edelweiss,Departed,12:05,12:05,2024-11-04 12:05:00,2024-11-04 12:05:00,0.0
2024-11-04,departure,Zurich,Palma De Mallorca,swiss,Departed,12:10,12:10,2024-11-04 12:10:00,2024-11-04 12:10:00,0.0
2024-11-04,departure,Zurich,London LHR,swiss,Departed,12:10,12:10,2024-11-04 12:10:00,2024-11-04 12:10:00,0.0
2024-11-04,departure,Zurich,London LCY,swiss,Departed,12:10,12:20,2024-11-04 12:10:00,2024-11-04 12:20:00,10.0
2024-11-04,departure,Zurich,Stockholm,swiss,Departed,12:15,12:30,2024-11-04 12:15:00,2024-11-04 12:30:00,15.0
2024-11-04,departure,Zurich,Copenhagen,swiss,Departed,12:15,12:45,2024-11-04 12:15:00,2024-11-04 12:45:00,30.0
2024-11-04,departure,Zurich,Manchester,swiss,Departed,12:15,12:15,2024-11-04 12:15:00,2024-11-04 12:15:00,0.0
2024-11-04,departure,Zurich,Frankfurt,swiss,Departed,12:15,12:15,2024-11-04 12:15:00,2024-11-04 12:15:00,0.0
2024-11-04,departure,Zurich,Edinburgh,edelweiss,Departed,12:20,12:25,2024-11-04 12:20:00,2024-11-04 12:25:00,5.0
2024-11-04,departure,Zurich,Barcelona,swiss,Departed,12:20,13:35,2024-11-04 12:20:00,2024-11-04 13:35:00,75.0
2024-11-04,departure,Zurich,Sarajevo,swiss,Departed,12:25,12:35,2024-11-04 12:25:00,2024-11-04 12:35:00,10.0
2024-11-04,departure,Zurich,Budapest,swiss,Departed,12:25,12:35,2024-11-04 12:25:00,2024-11-04 12:35:00,10.0
2024-11-04,departure,Zurich,Bucharest,swiss,Departed,12:25,12:25,2024-11-04 12:25:00,2024-11-04 12:25:00,0.0
2024-11-04,departure,Zurich,Rome,swiss,Departed,12:25,12:34,2024-11-04 12:25:00,2024-11-04 12:34:00,9.0
2024-11-04,departure,Zurich,Naples NAP,swiss,Departed,12:30,12:55,2024-11-04 12:30:00,2024-11-04 12:55:00,25.0
2024-11-04,departure,Zurich,Stuttgart,swiss,Departed,12:30,12:40,2024-11-04 12:30:00,2024-11-04 12:40:00,10.0
2024-11-04,departure,Zurich,Hamburg,swiss,Departed,12:30,12:30,2024-11-04 12:30:00,2024-11-04 12:30:00,0.0
2024-11-04,departure,Zurich,Prague,swiss,Departed,12:35,13:04,2024-11-04 12:35:00,2024-11-04 13:04:00,29.0
2024-11-04,departure,Zurich,Lisbon,swiss,Departed,12:35,12:55,2024-11-04 12:35:00,2024-11-04 12:55:00,20.0
2024-11-04,departure,Zurich,Nice,swiss,Departed,12:35,12:35,2024-11-04 12:35:00,2024-11-04 12:35:00,0.0
2024-11-04,departure,Zurich,Düsseldorf,swiss,Departed,12:35,12:50,2024-11-04 12:35:00,2024-11-04 12:50:00,15.0
2024-11-04,departure,Zurich,Marseille,swiss,Departed,12:40,12:40,2024-11-04 12:40:00,2024-11-04 12:40:00,0.0
2024-11-04,departure,Zurich,Berlin,swiss,Departed,12:40,12:40,2024-11-04 12:40:00,2024-11-04 12:40:00,0.0
2024-11-04,departure,Zurich,Tel Aviv,elalisrael,Departed,12:40,13:05,2024-11-04 12:40:00,2024-11-04 13:05:00,25.0
2024-11-04,departure,Zurich,Vienna,swiss,Departed,12:40,13:00,2024-11-04 12:40:00,2024-11-04 13:00:00,20.0
2024-11-04,departure,Zurich,Wroclaw,swiss,Departed,12:45,12:45,2024-11-04 12:45:00,2024-11-04 12:45:00,0.0
2024-11-04,departure,Zurich,Montreal,swiss,Departed,12:45,12:55,2024-11-04 12:45:00,2024-11-04 12:55:00,10.0
2024-11-04,departure,Zurich,Amsterdam,swiss,Departed,12:45,13:05,2024-11-04 12:45:00,2024-11-04 13:05:00,20.0
2024-11-04,departure,Zurich,Paris CDG,swiss,Departed,12:50,12:54,2024-11-04 12:50:00,2024-11-04 12:54:00,4.0
2024-11-04,departure,Zurich,Cairo,swiss,Departed,12:50,13:05,2024-11-04 12:50:00,2024-11-04 13:05:00,15.0
2024-11-04,departure,Zurich,Miami,swiss,Departed,12:50,13:00,2024-11-04 12:50:00,2024-11-04 13:00:00,10.0
2024-11-04,departure,Zurich,Dubai,swiss,Departed,12:55,12:55,2024-11-04 12:55:00,2024-11-04 12:55:00,0.0
2024-11-04,departure,Zurich,Geneva,swiss,Departed,12:55,13:25,2024-11-04 12:55:00,2024-11-04 13:25:00,30.0
2024-11-04,departure,Zurich,Brussels,swiss,Departed,12:55,12:59,2024-11-04 12:55:00,2024-11-04 12:59:00,4.0
2024-11-04,departure,Zurich,Florence,swiss,Departed,12:55,12:55,2024-11-04 12:55:00,2024-11-04 12:55:00,0.0
2024-11-04,departure,Zurich,Amsterdam,klm,Departed,09:00,08:50,2024-11-04 09:00:00,2024-11-04 08:50:00,-10.0
2024-11-04,departure,Zurich,Frankfurt,lufthansa_neu,Departed,09:00,09:05,2024-11-04 09:00:00,2024-11-04 09:05:00,5.0
2024-11-04,departure,Zurich,Marrakesh,edelweiss,Departed,09:05,09:10,2024-11-04 09:05:00,2024-11-04 09:10:00,5.0
2024-11-04,departure,Zurich,Luxembourg,swiss,Departed,09:05,09:10,2024-11-04 09:05:00,2024-11-04 09:10:00,5.0
2024-11-04,departure,Zurich,Berlin,euro,Departed,09:05,09:05,2024-11-04 09:05:00,2024-11-04 09:05:00,0.0
2024-11-04,departure,Zurich,Liberiavia San Jose,edelweiss,Departed,09:10,09:10,2024-11-04 09:10:00,2024-11-04 09:10:00,0.0
2024-11-04,departure,Zurich,Vienna,austrian,Departed,09:10,09:10,2024-11-04 09:10:00,2024-11-04 09:10:00,0.0
2024-11-04,departure,Zurich,Stuttgart,swiss,Departed,09:10,09:10,2024-11-04 09:10:00,2024-11-04 09:10:00,0.0
2024-11-04,departure,Zurich,Athens,swiss,Departed,09:15,09:15,2024-11-04 09:15:00,2024-11-04 09:15:00,0.0
2024-11-04,departure,Zurich,Ponta Delgada,edelweiss,Departed,09:20,09:20,2024-11-04 09:20:00,2024-11-04 09:20:00,0.0
2024-11-04,departure,Zurich,Riga,baltic,Departed,09:20,09:30,2024-11-04 09:20:00,2024-11-04 09:30:00,10.0
2024-11-04,departure,Zurich,Lisbon,swiss,Departed,09:25,09:30,2024-11-04 09:25:00,2024-11-04 09:30:00,5.0
2024-11-04,departure,Zurich,Malaga,swiss,Departed,09:25,09:40,2024-11-04 09:25:00,2024-11-04 09:40:00,15.0
2024-11-04,departure,Zurich,Munich,lufthansa_neu,Departed,09:25,10:20,2024-11-04 09:25:00,2024-11-04 10:20:00,55.0
2024-11-04,departure,Zurich,Tenerife,edelweiss,Departed,09:30,09:35,2024-11-04 09:30:00,2024-11-04 09:35:00,5.0
2024-11-04,departure,Zurich,Gran Canaria,edelweiss,Departed,09:30,09:40,2024-11-04 09:30:00,2024-11-04 09:40:00,10.0
2024-11-04,departure,Zurich,Porto,swiss,Departed,09:30,09:35,2024-11-04 09:30:00,2024-11-04 09:35:00,5.0
2024-11-04,departure,Zurich,Hurghada,edelweiss,Departed,09:35,09:35,2024-11-04 09:35:00,2024-11-04 09:35:00,0.0
2024-11-04,departure,Zurich,Belgrade,serbia,Departed,09:35,09:35,2024-11-04 09:35:00,2024-11-04 09:35:00,0.0
2024-11-04,departure,Zurich,Barcelona,vueling,Departed,09:40,12:55,2024-11-04 09:40:00,2024-11-04 12:55:00,195.0
2024-11-04,departure,Zurich,Oslo,swiss,Departed,09:40,09:40,2024-11-04 09:40:00,2024-11-04 09:40:00,0.0
2024-11-04,departure,Zurich,Chicago,united,Departed,09:40,09:40,2024-11-04 09:40:00,2024-11-04 09:40:00,0.0
2024-11-04,departure,Zurich,Mumbai,swiss,Departed,09:45,09:45,2024-11-04 09:45:00,2024-11-04 09:45:00,0.0
2024-11-04,departure,Zurich,Hamburg,euro,Departed,09:45,09:45,2024-11-04 09:45:00,2024-11-04 09:45:00,0.0
2024-11-04,departure,Zurich,New York,swiss,Departed,09:50,09:45,2024-11-04 09:50:00,2024-11-04 09:45:00,-5.0
2024-11-04,departure,Zurich,Reykjavík,edelweiss,Departed,09:55,10:00,2024-11-04 09:55:00,2024-11-04 10:00:00,5.0
2024-11-04,departure,Zurich,Valencia,swiss,Departed,09:55,09:55,2024-11-04 09:55:00,2024-11-04 09:55:00,0.0
2024-11-04,departure,Zurich,Stockholm,swiss,Departed,09:55,10:00,2024-11-04 09:55:00,2024-11-04 10:00:00,5.0
2024-11-04,departure,Zurich,London LGW,easyjet,Departed,10:05,09:56,2024-11-04 10:05:00,2024-11-04 09:56:00,-9.0
2024-11-04,departure,Zurich,Madrid,europa,Departed,10:10,10:10,2024-11-04 10:10:00,2024-11-04 10:10:00,0.0
2024-11-04,departure,Zurich,London LCY,british,Departed,10:10,10:10,2024-11-04 10:10:00,2024-11-04 10:10:00,0.0
2024-11-04,departure,Zurich,London LHR,swiss,Departed,10:15,10:15,2024-11-04 10:15:00,2024-11-04 10:15:00,0.0
2024-11-04,departure,Zurich,Sal,edelweiss,Departed,10:15,10:25,2024-11-04 10:15:00,2024-11-04 10:25:00,10.0
2024-11-04,departure,Zurich,Philadelphia,american,Departed,10:15,10:15,2024-11-04 10:15:00,2024-11-04 10:15:00,0.0
2024-11-04,departure,Zurich,Newark,united,Departed,10:20,10:15,2024-11-04 10:20:00,2024-11-04 10:15:00,-5.0
2024-11-04,departure,Zurich,Copenhagen,sas,Departed,10:25,10:35,2024-11-04 10:25:00,2024-11-04 10:35:00,10.0
2024-11-04,departure,Zurich,Warsaw,lot,Departed,10:25,10:25,2024-11-04 10:25:00,2024-11-04 10:25:00,0.0
2024-11-04,departure,Zurich,Abu Dhabi AUH,etihad,Departed,10:25,10:25,2024-11-04 10:25:00,2024-11-04 10:25:00,0.0
2024-11-04,departure,Zurich,Thessaloniki,aegan,Departed,10:30,10:30,2024-11-04 10:30:00,2024-11-04 10:30:00,0.0
2024-11-04,departure,Zurich,Sharm El Sheikhvia Luxor,edelweiss,Departed,10:30,10:35,2024-11-04 10:30:00,2024-11-04 10:35:00,5.0
2024-11-04,departure,Zurich,London LHR,british,Departed,10:35,10:35,2024-11-04 10:35:00,2024-11-04 10:35:00,0.0
2024-11-04,departure,Zurich,Singapore,singapore,Departed,10:35,10:40,2024-11-04 10:35:00,2024-11-04 10:40:00,5.0
2024-11-04,departure,Zurich,Helsinki,finnair,Departed,10:35,10:45,2024-11-04 10:35:00,2024-11-04 10:45:00,10.0
2024-11-04,departure,Zurich,London LTN,easyjet,Departed,10:35,10:43,2024-11-04 10:35:00,2024-11-04 10:43:00,8.0
2024-11-04,departure,Zurich,Lisbon,easyjet,Departed,10:40,10:59,2024-11-04 10:40:00,2024-11-04 10:59:00,19.0
2024-11-04,departure,Zurich,Vienna,austrian,Departed,10:40,10:40,2024-11-04 10:40:00,2024-11-04 10:40:00,0.0
2024-11-04,departure,Zurich,Paris CDG,airfrance,Departed,10:50,10:50,2024-11-04 10:50:00,2024-11-04 10:50:00,0.0
2024-11-04,departure,Zurich,Warsaw,swiss,Departed,07:00,07:00,2024-11-04 07:00:00,2024-11-04 07:00:00,0.0
2024-11-04,departure,Zurich,Frankfurt,swiss,Departed,07:00,07:00,2024-11-04 07:00:00,2024-11-04 07:00:00,0.0
2024-11-04,departure,Zurich,Manchester,swiss,Departed,07:00,07:04,2024-11-04 07:00:00,2024-11-04 07:04:00,4.0
2024-11-04,departure,Zurich,Gothenburg,swiss,Departed,07:00,07:00,2024-11-04 07:00:00,2024-11-04 07:00:00,0.0
2024-11-04,departure,Zurich,London LHR,swiss,Departed,07:05,07:20,2024-11-04 07:05:00,2024-11-04 07:20:00,15.0
2024-11-04,departure,Zurich,Copenhagen,swiss,Departed,07:05,07:05,2024-11-04 07:05:00,2024-11-04 07:05:00,0.0
2024-11-04,departure,Zurich,Birmingham,swiss,Departed,07:05,07:10,2024-11-04 07:05:00,2024-11-04 07:10:00,5.0
2024-11-04,departure,Zurich,Munich,swiss,Departed,07:10,07:35,2024-11-04 07:10:00,2024-11-04 07:35:00,25.0
2024-11-04,departure,Zurich,Dresden,swiss,Departed,07:10,07:10,2024-11-04 07:10:00,2024-11-04 07:10:00,0.0
2024-11-04,departure,Zurich,Budapest,swiss,Departed,07:10,07:10,2024-11-04 07:10:00,2024-11-04 07:10:00,0.0
2024-11-04,departure,Zurich,Hamburg,swiss,Departed,07:10,07:10,2024-11-04 07:10:00,2024-11-04 07:10:00,0.0
2024-11-04,departure,Zurich,Barcelona,swiss,Departed,07:15,07:40,2024-11-04 07:15:00,2024-11-04 07:40:00,25.0
2024-11-04,departure,Zurich,Berlin,swiss,Departed,07:15,07:15,2024-11-04 07:15:00,2024-11-04 07:15:00,0.0
2024-11-04,departure,Zurich,Amsterdam,swiss,Departed,07:15,07:20,2024-11-04 07:15:00,2024-11-04 07:20:00,5.0
2024-11-04,departure,Zurich,Krakow,swiss,Departed,07:20,07:20,2024-11-04 07:20:00,2024-11-04 07:20:00,0.0
2024-11-04,departure,Zurich,Rome,swiss,Departed,07:20,07:20,2024-11-04 07:20:00,2024-11-04 07:20:00,0.0
2024-11-04,departure,Zurich,Düsseldorf,swiss,Departed,07:20,07:20,2024-11-04 07:20:00,2024-11-04 07:20:00,0.0
2024-11-04,departure,Zurich,Vienna,swiss,Departed,07:20,07:20,2024-11-04 07:20:00,2024-11-04 07:20:00,0.0
2024-11-04,departure,Zurich,Paris CDG,swiss,Departed,07:25,07:30,2024-11-04 07:25:00,2024-11-04 07:30:00,5.0
2024-11-04,departure,Zurich,Bremen,swiss,Departed,07:25,07:25,2024-11-04 07:25:00,2024-11-04 07:25:00,0.0
2024-11-04,departure,Zurich,Prague,swiss,Departed,07:25,07:35,2024-11-04 07:25:00,2024-11-04 07:35:00,10.0
2024-11-04,departure,Zurich,Geneva,swiss,Departed,07:30,07:55,2024-11-04 07:30:00,2024-11-04 07:55:00,25.0
2024-11-04,departure,Zurich,Brussels,swiss,Departed,07:30,07:45,2024-11-04 07:30:00,2024-11-04 07:45:00,15.0
2024-11-04,departure,Zurich,Madrid,iberia,Departed,07:30,07:30,2024-11-04 07:30:00,2024-11-04 07:30:00,0.0
2024-11-04,departure,Zurich,Hanover,swiss,Departed,07:30,07:30,2024-11-04 07:30:00,2024-11-04 07:30:00,0.0
2024-11-04,departure,Zurich,Florence,swiss,Departed,07:35,07:30,2024-11-04 07:35:00,2024-11-04 07:30:00,-5.0
2024-11-04,departure,Zurich,Nice,swiss,Departed,07:35,07:35,2024-11-04 07:35:00,2024-11-04 07:35:00,0.0
2024-11-04,departure,Zurich,Venice,swiss,Departed,07:35,07:45,2024-11-04 07:35:00,2024-11-04 07:45:00,10.0
2024-11-04,departure,Zurich,London LCY,swiss,Departed,07:55,07:55,2024-11-04 07:55:00,2024-11-04 07:55:00,0.0
2024-11-04,departure,Zurich,Berlin,easyjet,Departed,08:10,08:01,2024-11-04 08:10:00,2024-11-04 08:01:00,-9.0
2024-11-04,departure,Zurich,Amsterdam,swiss,Departed,08:30,08:35,2024-11-04 08:30:00,2024-11-04 08:35:00,5.0
2024-11-04,departure,Zurich,Cologne Bonn,euro,Departed,08:30,08:30,2024-11-04 08:30:00,2024-11-04 08:30:00,0.0
2024-11-04,departure,Zurich,Berlin,swiss,Departed,08:35,08:35,2024-11-04 08:35:00,2024-11-04 08:35:00,0.0
2024-11-04,departure,Zurich,Düsseldorf,euro,Departed,08:35,08:35,2024-11-04 08:35:00,2024-11-04 08:35:00,0.0
2024-11-04,departure,Zurich,Antalya,sun,Departed,08:35,08:50,2024-11-04 08:35:00,2024-11-04 08:50:00,15.0
2024-11-04,departure,Zurich,Doha,qatar,Departed,08:45,08:45,2024-11-04 08:45:00,2024-11-04 08:45:00,0.0
2024-11-04,departure,Zurich,Brussels,brussels_airlines_logo,Departed,08:45,08:55,2024-11-04 08:45:00,2024-11-04 08:55:00,10.0
2024-11-04,departure,Zurich,Graz,swiss,Departed,08:45,08:50,2024-11-04 08:45:00,2024-11-04 08:50:00,5.0
2024-11-04,departure,Zurich,Hamburg,swiss,Departed,08:45,08:45,2024-11-04 08:45:00,2024-11-04 08:45:00,0.0
2024-11-04,departure,Zurich,Bologna,swiss,Departed,08:50,09:08,2024-11-04 08:50:00,2024-11-04 09:08:00,18.0
2024-11-04,departure,Zurich,Milan MXP,swiss,Departed,08:55,08:55,2024-11-04 08:55:00,2024-11-04 08:55:00,0.0
2024-11-04,departure,Zurich,Geneva,swiss,Departed,08:55,08:55,2024-11-04 08:55:00,2024-11-04 08:55:00,0.0
2024-11-04,departure,Zurich,Pristina,chair,Departed,05:45,05:45,2024-11-04 05:45:00,2024-11-04 05:45:00,0.0
2024-11-04,departure,Zurich,Bilbao,edelweiss,Departed,06:00,06:00,2024-11-04 06:00:00,2024-11-04 06:00:00,0.0
2024-11-04,departure,Zurich,Hurghada,chair,Departed,06:00,05:55,2024-11-04 06:00:00,2024-11-04 05:55:00,-5.0
2024-11-04,departure,Zurich,Lisbon,tap,Departed,06:10,06:15,2024-11-04 06:10:00,2024-11-04 06:15:00,5.0
2024-11-04,departure,Zurich,Porto,swiss,Departed,06:25,06:20,2024-11-04 06:25:00,2024-11-04 06:20:00,-5.0
2024-11-04,departure,Zurich,Paris CDG,airfrance,Departed,06:30,06:30,2024-11-04 06:30:00,2024-11-04 06:30:00,0.0
2024-11-04,departure,Zurich,Istanbul IST,turkish,Departed,06:45,06:45,2024-11-04 06:45:00,2024-11-04 06:45:00,0.0
2024-11-04,departure,Zurich,Pristina,edelweiss,Departed,06:45,06:55,2024-11-04 06:45:00,2024-11-04 06:55:00,10.0
2024-11-04,departure,Zurich,Madrid,swiss,Departed,06:50,07:00,2024-11-04 06:50:00,2024-11-04 07:00:00,10.0
2024-11-04,departure,Zurich,London LCY,swiss,Departed,06:50,06:55,2024-11-04 06:50:00,2024-11-04 06:55:00,5.0
2024-11-04,departure,Zurich,London LHR,british,Departed,06:50,06:45,2024-11-04 06:50:00,2024-11-04 06:45:00,-5.0
2024-11-04,departure,Zurich,Amsterdam,klm,Departed,06:55,06:55,2024-11-04 06:55:00,2024-11-04 06:55:00,0.0
2024-11-04,departure,Zurich,Belgrade,swiss,Departed,06:55,06:55,2024-11-04 06:55:00,2024-11-04 06:55:00,0.0
2024-11-04,departure,Zurich,Alicante,swiss,Departed,06:55,06:55,2024-11-04 06:55:00,2024-11-04 06:55:00,0.0
2024-11-12,arrival,Zurich,Berlin,swiss,Cancelled,21:05,21:05,2024-11-12 21:05:00,2024-11-12 21:05:00,0.0
2024-11-12,arrival,Zurich,Geneva,swiss,Landed,21:05,20:59,2024-11-12 21:05:00,2024-11-12 20:59:00,-6.0
2024-11-12,arrival,Zurich,Paris CDG,swiss,Landed,21:10,21:02,2024-11-12 21:10:00,2024-11-12 21:02:00,-8.0
2024-11-12,arrival,Zurich,Düsseldorf,swiss,Landed,21:15,21:12,2024-11-12 21:15:00,2024-11-12 21:12:00,-3.0
2024-11-12,arrival,Zurich,Warsaw,swiss,Landed,21:15,21:23,2024-11-12 21:15:00,2024-11-12 21:23:00,8.0
2024-11-12,arrival,Zurich,Prague,swiss,Landed,21:20,21:00,2024-11-12 21:20:00,2024-11-12 21:00:00,-20.0
2024-11-12,arrival,Zurich,Brussels,swiss,Landed,21:20,21:27,2024-11-12 21:20:00,2024-11-12 21:27:00,7.0
2024-11-12,arrival,Zurich,Nice,swiss,Landed,21:20,21:05,2024-11-12 21:20:00,2024-11-12 21:05:00,-15.0
2024-11-12,arrival,Zurich,London LGW,swiss,Landed,21:25,21:32,2024-11-12 21:25:00,2024-11-12 21:32:00,7.0
2024-11-12,arrival,Zurich,Palma De Mallorca,swiss,Landed,21:25,21:21,2024-11-12 21:25:00,2024-11-12 21:21:00,-4.0
2024-11-12,arrival,Zurich,Venice,swiss,Landed,21:25,21:17,2024-11-12 21:25:00,2024-11-12 21:17:00,-8.0
2024-11-12,arrival,Zurich,Hanover,swiss,Landed,21:30,21:27,2024-11-12 21:30:00,2024-11-12 21:27:00,-3.0
2024-11-12,arrival,Zurich,London LHR,swiss,Landed,21:30,21:15,2024-11-12 21:30:00,2024-11-12 21:15:00,-15.0
2024-11-12,arrival,Zurich,Amsterdam,swiss,Landed,21:30,21:49,2024-11-12 21:30:00,2024-11-12 21:49:00,19.0
2024-11-12,arrival,Zurich,Rome FCO,swiss,Landed,21:35,21:36,2024-11-12 21:35:00,2024-11-12 21:36:00,1.0
2024-11-12,arrival,Zurich,Krakow,swiss,Landed,21:35,21:20,2024-11-12 21:35:00,2024-11-12 21:20:00,-15.0
2024-11-12,arrival,Zurich,Hamburg,swiss,Landed,21:35,21:28,2024-11-12 21:35:00,2024-11-12 21:28:00,-7.0
2024-11-12,arrival,Zurich,Budapest,swiss,Landed,21:40,21:36,2024-11-12 21:40:00,2024-11-12 21:36:00,-4.0
2024-11-12,arrival,Zurich,Vienna,swiss,Landed,21:40,21:46,2024-11-12 21:40:00,2024-11-12 21:46:00,6.0
2024-11-12,arrival,Zurich,Manchester,swiss,Landed,21:45,21:59,2024-11-12 21:45:00,2024-11-12 21:59:00,14.0
2024-11-12,arrival,Zurich,Munich,swiss,Landed,21:45,21:44,2024-11-12 21:45:00,2024-11-12 21:44:00,-1.0
2024-11-12,arrival,Zurich,Copenhagen,swiss,Landed,21:45,21:40,2024-11-12 21:45:00,2024-11-12 21:40:00,-5.0
2024-11-12,arrival,Zurich,Frankfurt,swiss,Landed,21:50,22:10,2024-11-12 21:50:00,2024-11-12 22:10:00,20.0
2024-11-12,arrival,Zurich,Dublin,swiss,Landed,21:50,22:05,2024-11-12 21:50:00,2024-11-12 22:05:00,15.0
2024-11-12,arrival,Zurich,Barcelona,swiss,Landed,21:50,22:23,2024-11-12 21:50:00,2024-11-12 22:23:00,33.0
2024-11-12,arrival,Zurich,Madrid,swiss,Landed,21:55,21:55,2024-11-12 21:55:00,2024-11-12 21:55:00,0.0
2024-11-12,arrival,Zurich,London LCY,swiss,Landed,21:55,21:52,2024-11-12 21:55:00,2024-11-12 21:52:00,-3.0
2024-11-12,arrival,Zurich,London LHR,british,Landed,22:00,21:41,2024-11-12 22:00:00,2024-11-12 21:41:00,-19.0
2024-11-12,arrival,Zurich,Belgrade,swiss,Landed,22:00,22:10,2024-11-12 22:00:00,2024-11-12 22:10:00,10.0
2024-11-12,arrival,Zurich,Valencia,swiss,Landed,22:00,21:56,2024-11-12 22:00:00,2024-11-12 21:56:00,-4.0
2024-11-12,arrival,Zurich,Alicante,swiss,Landed,22:00,21:57,2024-11-12 22:00:00,2024-11-12 21:57:00,-3.0
2024-11-12,arrival,Zurich,Larnaca,edelweiss,Landed,22:05,22:40,2024-11-12 22:05:00,2024-11-12 22:40:00,35.0
2024-11-12,arrival,Zurich,Berlin,swiss,Landed,22:10,22:14,2024-11-12 22:10:00,2024-11-12 22:14:00,4.0
2024-11-12,arrival,Zurich,Istanbul IST,turkish,Landed,22:20,22:01,2024-11-12 22:20:00,2024-11-12 22:01:00,-19.0
2024-11-12,arrival,Zurich,Pristina,chair,Landed,22:20,22:21,2024-11-12 22:20:00,2024-11-12 22:21:00,1.0
2024-11-12,arrival,Zurich,Madrid,iberia,Landed,22:20,22:14,2024-11-12 22:20:00,2024-11-12 22:14:00,-6.0
2024-11-12,arrival,Zurich,Amsterdam,klm,Landed,22:30,22:48,2024-11-12 22:30:00,2024-11-12 22:48:00,18.0
2024-11-12,arrival,Zurich,Paris CDG,airfrance,Landed,22:30,22:42,2024-11-12 22:30:00,2024-11-12 22:42:00,12.0
2024-11-12,arrival,Zurich,Lisbon,tap,Landed,22:35,22:37,2024-11-12 22:35:00,2024-11-12 22:37:00,2.0
2024-11-12,arrival,Zurich,London LHR,swiss,Landed,22:45,22:50,2024-11-12 22:45:00,2024-11-12 22:50:00,5.0
2024-11-12,arrival,Zurich,Pristina,edelweiss,Landed,22:55,22:45,2024-11-12 22:55:00,2024-11-12 22:45:00,-10.0
2024-11-12,arrival,Zurich,Shanghai,swiss,Landed,19:00,18:56,2024-11-12 19:00:00,2024-11-12 18:56:00,-4.0
2024-11-12,arrival,Zurich,Madeira,edelweiss,Landed,19:00,19:07,2024-11-12 19:00:00,2024-11-12 19:07:00,7.0
2024-11-12,arrival,Zurich,Warsaw,lot,Landed,19:05,19:01,2024-11-12 19:05:00,2024-11-12 19:01:00,-4.0
2024-11-12,arrival,Zurich,Frankfurt,lufthansa_neu,Landed,19:10,19:26,2024-11-12 19:10:00,2024-11-12 19:26:00,16.0
2024-11-12,arrival,Zurich,Lanzarote,edelweiss,Landed,19:10,19:14,2024-11-12 19:10:00,2024-11-12 19:14:00,4.0
2024-11-12,arrival,Zurich,Fuerteventura,edelweiss,Landed,19:10,19:00,2024-11-12 19:10:00,2024-11-12 19:00:00,-10.0
2024-11-12,arrival,Zurich,Lisbon,swiss,Landed,19:15,19:11,2024-11-12 19:15:00,2024-11-12 19:11:00,-4.0
2024-11-12,arrival,Zurich,Gran Canaria,edelweiss,Landed,19:15,19:04,2024-11-12 19:15:00,2024-11-12 19:04:00,-11.0
2024-11-12,arrival,Zurich,Zagreb,croatia_v2,Landed,19:15,19:20,2024-11-12 19:15:00,2024-11-12 19:20:00,5.0
2024-11-12,arrival,Zurich,Tenerife,edelweiss,Landed,19:15,19:15,2024-11-12 19:15:00,2024-11-12 19:15:00,0.0
2024-11-12,arrival,Zurich,Pristina,gp-aviation,Landed,19:20,19:35,2024-11-12 19:20:00,2024-11-12 19:35:00,15.0
2024-11-12,arrival,Zurich,Bangkok,swiss,Landed,19:25,19:41,2024-11-12 19:25:00,2024-11-12 19:41:00,16.0
2024-11-12,arrival,Zurich,Cologne Bonn,euro,Landed,19:30,19:53,2024-11-12 19:30:00,2024-11-12 19:53:00,23.0
2024-11-12,arrival,Zurich,Hamburg,euro,Landed,19:30,19:17,2024-11-12 19:30:00,2024-11-12 19:17:00,-13.0
2024-11-12,arrival,Zurich,Berlin,euro,Landed,19:30,19:29,2024-11-12 19:30:00,2024-11-12 19:29:00,-1.0
2024-11-12,arrival,Zurich,London LGW,easyjet,Landed,19:35,19:59,2024-11-12 19:35:00,2024-11-12 19:59:00,24.0
2024-11-12,arrival,Zurich,Munich,lufthansa_neu,Landed,19:35,19:42,2024-11-12 19:35:00,2024-11-12 19:42:00,7.0
2024-11-12,arrival,Zurich,Athens,swiss,Landed,19:35,19:27,2024-11-12 19:35:00,2024-11-12 19:27:00,-8.0
2024-11-12,arrival,Zurich,Düsseldorf,swiss,Landed,19:45,19:44,2024-11-12 19:45:00,2024-11-12 19:44:00,-1.0
2024-11-12,arrival,Zurich,Copenhagen,sas,Landed,19:45,19:54,2024-11-12 19:45:00,2024-11-12 19:54:00,9.0
2024-11-12,arrival,Zurich,Dubai DXB,emirates-neu,Landed,19:50,19:22,2024-11-12 19:50:00,2024-11-12 19:22:00,-28.0
2024-11-12,arrival,Zurich,Vienna,austrian,Landed,19:50,19:50,2024-11-12 19:50:00,2024-11-12 19:50:00,0.0
2024-11-12,arrival,Zurich,Brussels,swiss,Cancelled,19:50,19:50,2024-11-12 19:50:00,2024-11-12 19:50:00,0.0
2024-11-12,arrival,Zurich,Belgrade,serbia,Landed,19:55,20:07,2024-11-12 19:55:00,2024-11-12 20:07:00,12.0
2024-11-12,arrival,Zurich,Luxembourg,swiss,Landed,19:55,20:14,2024-11-12 19:55:00,2024-11-12 20:14:00,19.0
2024-11-12,arrival,Zurich,Geneva,swiss,Landed,19:55,20:08,2024-11-12 19:55:00,2024-11-12 20:08:00,13.0
2024-11-12,arrival,Zurich,Hurghada,edelweiss,Landed,19:55,19:48,2024-11-12 19:55:00,2024-11-12 19:48:00,-7.0
2024-11-12,arrival,Zurich,Milan MXP,swiss,Landed,20:00,20:19,2024-11-12 20:00:00,2024-11-12 20:19:00,19.0
2024-11-12,arrival,Zurich,London LHR,swiss,Landed,20:00,20:11,2024-11-12 20:00:00,2024-11-12 20:11:00,11.0
2024-11-12,arrival,Zurich,Berlin,swiss,Landed,20:05,20:11,2024-11-12 20:05:00,2024-11-12 20:11:00,6.0
2024-11-12,arrival,Zurich,Stuttgart,swiss,Landed,20:05,19:57,2024-11-12 20:05:00,2024-11-12 19:57:00,-8.0
2024-11-12,arrival,Zurich,Marsa Alam,edelweiss,Landed,20:05,19:48,2024-11-12 20:05:00,2024-11-12 19:48:00,-17.0
2024-11-12,arrival,Zurich,Barcelona,vueling,Landed,20:10,20:23,2024-11-12 20:10:00,2024-11-12 20:23:00,13.0
2024-11-12,arrival,Zurich,Florence,swiss,Landed,20:10,20:28,2024-11-12 20:10:00,2024-11-12 20:28:00,18.0
2024-11-12,arrival,Zurich,Hamburg,swiss,Landed,20:10,20:22,2024-11-12 20:10:00,2024-11-12 20:22:00,12.0
2024-11-12,arrival,Zurich,Düsseldorf,euro,Landed,20:10,20:27,2024-11-12 20:10:00,2024-11-12 20:27:00,17.0
2024-11-12,arrival,Zurich,Palma De Mallorca,swiss,Landed,20:15,20:29,2024-11-12 20:15:00,2024-11-12 20:29:00,14.0
2024-11-12,arrival,Zurich,London LCY,swiss,Landed,20:20,20:35,2024-11-12 20:20:00,2024-11-12 20:35:00,15.0
2024-11-12,arrival,Zurich,Berlin,easyjet,Landed,20:25,20:33,2024-11-12 20:25:00,2024-11-12 20:33:00,8.0
2024-11-12,arrival,Zurich,Sal,edelweiss,Landed,20:55,20:47,2024-11-12 20:55:00,2024-11-12 20:47:00,-8.0
2024-11-12,arrival,Zurich,Antalya,edelweiss,Landed,17:00,17:07,2024-11-12 17:00:00,2024-11-12 17:07:00,7.0
2024-11-12,arrival,Zurich,Lisbon,tap,Landed,17:10,17:33,2024-11-12 17:10:00,2024-11-12 17:33:00,23.0
2024-11-12,arrival,Zurich,Istanbul IST,turkish,Landed,17:10,17:28,2024-11-12 17:10:00,2024-11-12 17:28:00,18.0
2024-11-12,arrival,Zurich,Berlin,swiss,Cancelled,17:15,17:15,2024-11-12 17:15:00,2024-11-12 17:15:00,0.0
2024-11-12,arrival,Zurich,Frankfurt,lufthansa_neu,Landed,17:15,17:21,2024-11-12 17:15:00,2024-11-12 17:21:00,6.0
2024-11-12,arrival,Zurich,Madrid,europa,Landed,17:15,17:43,2024-11-12 17:15:00,2024-11-12 17:43:00,28.0
2024-11-12,arrival,Zurich,Stockholm,swiss,Landed,17:55,18:15,2024-11-12 17:55:00,2024-11-12 18:15:00,20.0
2024-11-12,arrival,Zurich,Paris CDG,airfrance,Landed,17:55,18:02,2024-11-12 17:55:00,2024-11-12 18:02:00,7.0
2024-11-12,arrival,Zurich,Hurghada,cairo,Landed,18:05,18:18,2024-11-12 18:05:00,2024-11-12 18:18:00,13.0
2024-11-12,arrival,Zurich,London LHR,british,Landed,18:15,18:34,2024-11-12 18:15:00,2024-11-12 18:34:00,19.0
2024-11-12,arrival,Zurich,Bucharest,swiss,Landed,18:20,18:02,2024-11-12 18:20:00,2024-11-12 18:02:00,-18.0
2024-11-12,arrival,Zurich,Helsinki,finnair,Landed,18:20,18:09,2024-11-12 18:20:00,2024-11-12 18:09:00,-11.0
2024-11-12,arrival,Zurich,Amsterdam,klm,Landed,18:25,18:30,2024-11-12 18:25:00,2024-11-12 18:30:00,5.0
2024-11-12,arrival,Zurich,Tokyo,swiss,Landed,18:30,18:26,2024-11-12 18:30:00,2024-11-12 18:26:00,-4.0
2024-11-12,arrival,Zurich,London LCY,british,Landed,18:35,18:40,2024-11-12 18:35:00,2024-11-12 18:40:00,5.0
2024-11-12,arrival,Zurich,Malaga,swiss,Landed,18:40,18:34,2024-11-12 18:40:00,2024-11-12 18:34:00,-6.0
2024-11-12,arrival,Zurich,Vienna,austrian,Landed,18:40,18:22,2024-11-12 18:40:00,2024-11-12 18:22:00,-18.0
2024-11-12,arrival,Zurich,Cairo,swiss,Landed,18:55,18:49,2024-11-12 18:55:00,2024-11-12 18:49:00,-6.0
2024-11-12,arrival,Zurich,Madrid,iberia,Landed,18:55,18:38,2024-11-12 18:55:00,2024-11-12 18:38:00,-17.0
2024-11-12,arrival,Zurich,Valencia,swiss,Landed,15:00,14:58,2024-11-12 15:00:00,2024-11-12 14:58:00,-2.0
2024-11-12,arrival,Zurich,Porto,tap,Landed,15:05,15:04,2024-11-12 15:05:00,2024-11-12 15:04:00,-1.0
2024-11-12,arrival,Zurich,Düsseldorf,euro,Landed,15:10,15:04,2024-11-12 15:10:00,2024-11-12 15:04:00,-6.0
2024-11-12,arrival,Zurich,Los Angeles,swiss,Landed,15:15,15:11,2024-11-12 15:15:00,2024-11-12 15:11:00,-4.0
2024-11-12,arrival,Zurich,San Francisco,swiss,Landed,15:30,15:07,2024-11-12 15:30:00,2024-11-12 15:07:00,-23.0
2024-11-12,arrival,Zurich,Oslo,swiss,Landed,15:30,15:13,2024-11-12 15:30:00,2024-11-12 15:13:00,-17.0
2024-11-12,arrival,Zurich,Porto,swiss,Landed,15:30,15:47,2024-11-12 15:30:00,2024-11-12 15:47:00,17.0
2024-11-12,arrival,Zurich,Thessaloniki,swiss,Landed,15:35,16:17,2024-11-12 15:35:00,2024-11-12 16:17:00,42.0
2024-11-12,arrival,Zurich,Hanover,swiss,Landed,15:35,15:21,2024-11-12 15:35:00,2024-11-12 15:21:00,-14.0
2024-11-12,arrival,Zurich,Milan MXP,swiss,Landed,15:35,15:36,2024-11-12 15:35:00,2024-11-12 15:36:00,1.0
2024-11-12,arrival,Zurich,London LHR,british,Landed,15:40,15:33,2024-11-12 15:40:00,2024-11-12 15:33:00,-7.0
2024-11-12,arrival,Zurich,Malaga,swiss,Landed,15:40,15:30,2024-11-12 15:40:00,2024-11-12 15:30:00,-10.0
2024-11-12,arrival,Zurich,Frankfurt,swiss,Landed,15:40,16:28,2024-11-12 15:40:00,2024-11-12 16:28:00,48.0
2024-11-12,arrival,Zurich,Stockholm,swiss,Landed,15:40,16:07,2024-11-12 15:40:00,2024-11-12 16:07:00,27.0
2024-11-12,arrival,Zurich,Geneva,swiss,Landed,15:45,15:39,2024-11-12 15:45:00,2024-11-12 15:39:00,-6.0
2024-11-12,arrival,Zurich,Luxembourg,swiss,Landed,15:45,15:43,2024-11-12 15:45:00,2024-11-12 15:43:00,-2.0
2024-11-12,arrival,Zurich,Stuttgart,swiss,Landed,15:45,15:48,2024-11-12 15:45:00,2024-11-12 15:48:00,3.0
2024-11-12,arrival,Zurich,Florence,swiss,Landed,15:55,18:41,2024-11-12 15:55:00,2024-11-12 18:41:00,166.0
2024-11-12,arrival,Zurich,Düsseldorf,swiss,Landed,16:00,15:53,2024-11-12 16:00:00,2024-11-12 15:53:00,-7.0
2024-11-12,arrival,Zurich,Nice,swiss,Landed,16:05,16:02,2024-11-12 16:05:00,2024-11-12 16:02:00,-3.0
2024-11-12,arrival,Zurich,London LCY,swiss,Landed,16:05,16:22,2024-11-12 16:05:00,2024-11-12 16:22:00,17.0
2024-11-12,arrival,Zurich,Dublin,swiss,Landed,16:05,16:49,2024-11-12 16:05:00,2024-11-12 16:49:00,44.0
2024-11-12,arrival,Zurich,Munich,lufthansa_neu,Landed,16:10,17:19,2024-11-12 16:10:00,2024-11-12 17:19:00,69.0
2024-11-12,arrival,Zurich,Prague,swiss,Landed,16:10,15:57,2024-11-12 16:10:00,2024-11-12 15:57:00,-13.0
2024-11-12,arrival,Zurich,Ljubljana,swiss,Landed,16:10,15:55,2024-11-12 16:10:00,2024-11-12 15:55:00,-15.0
2024-11-12,arrival,Zurich,Bologna,swiss,Landed,16:10,16:21,2024-11-12 16:10:00,2024-11-12 16:21:00,11.0
2024-11-12,arrival,Zurich,Hamburg,swiss,Landed,16:15,16:16,2024-11-12 16:15:00,2024-11-12 16:16:00,1.0
2024-11-12,arrival,Zurich,Malé,edelweiss,Landed,16:15,16:10,2024-11-12 16:15:00,2024-11-12 16:10:00,-5.0
2024-11-12,arrival,Zurich,Paris CDG,swiss,Landed,16:15,16:51,2024-11-12 16:15:00,2024-11-12 16:51:00,36.0
2024-11-12,arrival,Zurich,Lisbon,swiss,Landed,16:20,16:39,2024-11-12 16:20:00,2024-11-12 16:39:00,19.0
2024-11-12,arrival,Zurich,Vienna,swiss,Landed,16:20,16:12,2024-11-12 16:20:00,2024-11-12 16:12:00,-8.0
2024-11-12,arrival,Zurich,Berlin,swiss,Landed,16:20,16:33,2024-11-12 16:20:00,2024-11-12 16:33:00,13.0
2024-11-12,arrival,Zurich,Venice,swiss,Landed,16:25,16:16,2024-11-12 16:25:00,2024-11-12 16:16:00,-9.0
2024-11-12,arrival,Zurich,Rome FCO,swiss,Landed,16:25,16:42,2024-11-12 16:25:00,2024-11-12 16:42:00,17.0
2024-11-12,arrival,Zurich,Brussels,swiss,Landed,16:25,16:40,2024-11-12 16:25:00,2024-11-12 16:40:00,15.0
2024-11-12,arrival,Zurich,Bordeaux,swiss,Landed,16:25,16:38,2024-11-12 16:25:00,2024-11-12 16:38:00,13.0
2024-11-12,arrival,Zurich,Belgrade,swiss,Landed,16:30,16:36,2024-11-12 16:30:00,2024-11-12 16:36:00,6.0
2024-11-12,arrival,Zurich,Sarajevo,swiss,Landed,16:30,16:30,2024-11-12 16:30:00,2024-11-12 16:30:00,0.0
2024-11-12,arrival,Zurich,Budapest,swiss,Landed,16:35,16:54,2024-11-12 16:35:00,2024-11-12 16:54:00,19.0
2024-11-12,arrival,Zurich,Warsaw,swiss,Landed,16:35,16:44,2024-11-12 16:35:00,2024-11-12 16:44:00,9.0
2024-11-12,arrival,Zurich,Tirana,swiss,Landed,16:35,17:40,2024-11-12 16:35:00,2024-11-12 17:40:00,65.0
2024-11-12,arrival,Zurich,Copenhagen,swiss,Landed,16:40,16:57,2024-11-12 16:40:00,2024-11-12 16:57:00,17.0
2024-11-12,arrival,Zurich,Barcelona,swiss,Landed,16:40,16:51,2024-11-12 16:40:00,2024-11-12 16:51:00,11.0
2024-11-12,arrival,Zurich,Amsterdam,klm,Landed,16:45,17:16,2024-11-12 16:45:00,2024-11-12 17:16:00,31.0
2024-11-12,arrival,Zurich,London LHR,swiss,Landed,16:45,17:03,2024-11-12 16:45:00,2024-11-12 17:03:00,18.0
2024-11-12,arrival,Zurich,Amsterdam,swiss,Landed,16:50,17:06,2024-11-12 16:50:00,2024-11-12 17:06:00,16.0
2024-11-12,arrival,Zurich,Malta,km_malta_airlines,Landed,16:50,16:58,2024-11-12 16:50:00,2024-11-12 16:58:00,8.0
2024-11-12,arrival,Zurich,Izmir,sun,Landed,13:10,12:58,2024-11-12 13:10:00,2024-11-12 12:58:00,-12.0
2024-11-12,arrival,Zurich,Istanbul SAW,ajet_logo,Landed,13:10,12:39,2024-11-12 13:10:00,2024-11-12 12:39:00,-31.0
2024-11-12,arrival,Zurich,Amsterdam,klm,Landed,13:35,13:42,2024-11-12 13:35:00,2024-11-12 13:42:00,7.0
2024-11-12,arrival,Zurich,Istanbul IST,turkish,Landed,13:55,13:46,2024-11-12 13:55:00,2024-11-12 13:46:00,-9.0
2024-11-12,arrival,Zurich,Frankfurt,lufthansa_neu,Cancelled,14:05,14:05,2024-11-12 14:05:00,2024-11-12 14:05:00,0.0
2024-11-12,arrival,Zurich,London LCY,british,Landed,14:10,14:17,2024-11-12 14:10:00,2024-11-12 14:17:00,7.0
2024-11-12,arrival,Zurich,Madrid,iberia,Landed,14:10,14:22,2024-11-12 14:10:00,2024-11-12 14:22:00,12.0
2024-11-12,arrival,Zurich,London LHR,british,Landed,14:10,14:36,2024-11-12 14:10:00,2024-11-12 14:36:00,26.0
2024-11-12,arrival,Zurich,Istanbul SAW,pegasus,Landed,14:15,14:06,2024-11-12 14:15:00,2024-11-12 14:06:00,-9.0
2024-11-12,arrival,Zurich,Vienna,austrian,Landed,14:20,14:03,2024-11-12 14:20:00,2024-11-12 14:03:00,-17.0
2024-11-12,arrival,Zurich,London LHR,swiss,Landed,14:45,14:55,2024-11-12 14:45:00,2024-11-12 14:55:00,10.0
2024-11-12,arrival,Zurich,Hamburg,euro,Landed,14:55,14:49,2024-11-12 14:55:00,2024-11-12 14:49:00,-6.0
2024-11-12,arrival,Zurich,Geneva,swiss,Landed,11:00,11:00,2024-11-12 11:00:00,2024-11-12 11:00:00,0.0
2024-11-12,arrival,Zurich,Düsseldorf,swiss,Landed,11:00,11:20,2024-11-12 11:00:00,2024-11-12 11:20:00,20.0
2024-11-12,arrival,Zurich,Hamburg,swiss,Landed,11:00,11:24,2024-11-12 11:00:00,2024-11-12 11:24:00,24.0
2024-11-12,arrival,Zurich,Luxembourg,swiss,Landed,11:05,11:10,2024-11-12 11:05:00,2024-11-12 11:10:00,5.0
2024-11-12,arrival,Zurich,Brussels,swiss,Landed,11:05,11:31,2024-11-12 11:05:00,2024-11-12 11:31:00,26.0
2024-11-12,arrival,Zurich,Amsterdam,klm,Landed,11:05,11:16,2024-11-12 11:05:00,2024-11-12 11:16:00,11.0
2024-11-12,arrival,Zurich,Berlin,swiss,Landed,11:05,11:08,2024-11-12 11:05:00,2024-11-12 11:08:00,3.0
2024-11-12,arrival,Zurich,Prague,swiss,Landed,11:10,11:12,2024-11-12 11:10:00,2024-11-12 11:12:00,2.0
2024-11-12,arrival,Zurich,Boston,swiss,Landed,11:10,11:19,2024-11-12 11:10:00,2024-11-12 11:19:00,9.0
2024-11-12,arrival,Zurich,Madrid,iberia,Landed,11:10,11:04,2024-11-12 11:10:00,2024-11-12 11:04:00,-6.0
2024-11-12,arrival,Zurich,Vienna,swiss,Landed,11:10,11:04,2024-11-12 11:10:00,2024-11-12 11:04:00,-6.0
2024-11-12,arrival,Zurich,Budapest,swiss,Landed,11:15,11:28,2024-11-12 11:15:00,2024-11-12 11:28:00,13.0
2024-11-12,arrival,Zurich,Dresden,swiss,Landed,11:15,11:40,2024-11-12 11:15:00,2024-11-12 11:40:00,25.0
2024-11-12,arrival,Zurich,Amsterdam,swiss,Landed,11:15,11:30,2024-11-12 11:15:00,2024-11-12 11:30:00,15.0
2024-11-12,arrival,Zurich,Paris CDG,swiss,Landed,11:20,11:26,2024-11-12 11:20:00,2024-11-12 11:26:00,6.0
2024-11-12,arrival,Zurich,Nice,swiss,Landed,11:20,11:40,2024-11-12 11:20:00,2024-11-12 11:40:00,20.0
2024-11-12,arrival,Zurich,Rome FCO,swiss,Landed,11:20,11:38,2024-11-12 11:20:00,2024-11-12 11:38:00,18.0
2024-11-12,arrival,Zurich,Stuttgart,swiss,Landed,11:25,11:41,2024-11-12 11:25:00,2024-11-12 11:41:00,16.0
2024-11-12,arrival,Zurich,Bologna,swiss,Landed,11:25,11:32,2024-11-12 11:25:00,2024-11-12 11:32:00,7.0
2024-11-12,arrival,Zurich,Pristina,chair,Landed,11:30,11:30,2024-11-12 11:30:00,2024-11-12 11:30:00,0.0
2024-11-12,arrival,Zurich,Birmingham,swiss,Landed,11:35,11:43,2024-11-12 11:35:00,2024-11-12 11:43:00,8.0
2024-11-12,arrival,Zurich,Geneva,swiss,Landed,11:35,11:46,2024-11-12 11:35:00,2024-11-12 11:46:00,11.0
2024-11-12,arrival,Zurich,Copenhagen,swiss,Landed,11:40,11:45,2024-11-12 11:40:00,2024-11-12 11:45:00,5.0
2024-11-12,arrival,Zurich,Barcelona,swiss,Landed,11:40,11:48,2024-11-12 11:40:00,2024-11-12 11:48:00,8.0
2024-11-12,arrival,Zurich,London LHR,british,Landed,11:40,12:02,2024-11-12 11:40:00,2024-11-12 12:02:00,22.0
2024-11-12,arrival,Zurich,Newark,swiss,Landed,11:40,12:09,2024-11-12 11:40:00,2024-11-12 12:09:00,29.0
2024-11-12,arrival,Zurich,Milan MXP,swiss,Landed,11:45,11:52,2024-11-12 11:45:00,2024-11-12 11:52:00,7.0
2024-11-12,arrival,Zurich,Pristina,edelweiss,Landed,11:50,11:44,2024-11-12 11:50:00,2024-11-12 11:44:00,-6.0
2024-11-12,arrival,Zurich,London LHR,swiss,Landed,11:50,11:57,2024-11-12 11:50:00,2024-11-12 11:57:00,7.0
2024-11-12,arrival,Zurich,London LCY,swiss,Landed,11:50,12:08,2024-11-12 11:50:00,2024-11-12 12:08:00,18.0
2024-11-12,arrival,Zurich,Warsaw,swiss,Landed,11:50,11:56,2024-11-12 11:50:00,2024-11-12 11:56:00,6.0
2024-11-12,arrival,Zurich,San Josevia Liberia,edelweiss,Landed,11:55,11:59,2024-11-12 11:55:00,2024-11-12 11:59:00,4.0
2024-11-12,arrival,Zurich,Manchester,swiss,Landed,11:55,12:13,2024-11-12 11:55:00,2024-11-12 12:13:00,18.0
2024-11-12,arrival,Zurich,Amsterdam,swiss,Landed,12:05,12:32,2024-11-12 12:05:00,2024-11-12 12:32:00,27.0
2024-11-12,arrival,Zurich,Reykjavík KEF,iceland,Landed,12:05,12:24,2024-11-12 12:05:00,2024-11-12 12:24:00,19.0
2024-11-12,arrival,Zurich,Geneva,swiss,Landed,12:05,12:10,2024-11-12 12:05:00,2024-11-12 12:10:00,5.0
2024-11-12,arrival,Zurich,Oslo,sas,Landed,12:10,12:03,2024-11-12 12:10:00,2024-11-12 12:03:00,-7.0
2024-11-12,arrival,Zurich,Gothenburg,swiss,Landed,12:10,12:06,2024-11-12 12:10:00,2024-11-12 12:06:00,-4.0
2024-11-12,arrival,Zurich,Berlin,swiss,Landed,12:15,12:19,2024-11-12 12:15:00,2024-11-12 12:19:00,4.0
2024-11-12,arrival,Zurich,Malta,swiss,Landed,12:15,12:32,2024-11-12 12:15:00,2024-11-12 12:32:00,17.0
2024-11-12,arrival,Zurich,Madrid,swiss,Landed,12:20,12:27,2024-11-12 12:20:00,2024-11-12 12:27:00,7.0
2024-11-12,arrival,Zurich,Hamburg,swiss,Landed,12:20,12:25,2024-11-12 12:20:00,2024-11-12 12:25:00,5.0
2024-11-12,arrival,Zurich,Dubai DXB,emirates-neu,Landed,12:25,12:34,2024-11-12 12:25:00,2024-11-12 12:34:00,9.0
2024-11-12,arrival,Zurich,Lisbon,tap,Landed,12:40,13:03,2024-11-12 12:40:00,2024-11-12 13:03:00,23.0
2024-11-12,arrival,Zurich,Antalya,sun,Landed,12:50,12:45,2024-11-12 12:50:00,2024-11-12 12:45:00,-5.0
2024-11-12,arrival,Zurich,Munich,lufthansa_neu,Landed,12:55,12:53,2024-11-12 12:55:00,2024-11-12 12:53:00,-2.0
2024-11-12,arrival,Zurich,Hamburg,euro,Landed,09:05,08:51,2024-11-12 09:05:00,2024-11-12 08:51:00,-14.0
2024-11-12,arrival,Zurich,London LCY,british,Landed,09:30,09:32,2024-11-12 09:30:00,2024-11-12 09:32:00,2.0
2024-11-12,arrival,Zurich,Warsaw,lot,Landed,09:35,09:24,2024-11-12 09:35:00,2024-11-12 09:24:00,-11.0
2024-11-12,arrival,Zurich,Madrid,europa,Landed,09:45,09:29,2024-11-12 09:45:00,2024-11-12 09:29:00,-16.0
2024-11-12,arrival,Zurich,Copenhagen,sas,Landed,09:45,09:37,2024-11-12 09:45:00,2024-11-12 09:37:00,-8.0
2024-11-12,arrival,Zurich,Vienna,austrian,Landed,09:50,09:33,2024-11-12 09:50:00,2024-11-12 09:33:00,-17.0
2024-11-12,arrival,Zurich,Helsinki,finnair,Cancelled,09:50,09:50,2024-11-12 09:50:00,2024-11-12 09:50:00,0.0
2024-11-12,arrival,Zurich,Paris CDG,airfrance,Landed,09:50,09:44,2024-11-12 09:50:00,2024-11-12 09:44:00,-6.0
2024-11-12,arrival,Zurich,Malévia Dubai,beond_logo,Landed,09:55,08:49,2024-11-12 09:55:00,2024-11-12 08:49:00,-66.0
2024-11-12,arrival,Zurich,Frankfurt,swiss,Landed,10:05,10:44,2024-11-12 10:05:00,2024-11-12 10:44:00,39.0
2024-11-12,arrival,Zurich,Zagreb,croatia_v2,Landed,10:05,10:06,2024-11-12 10:05:00,2024-11-12 10:06:00,1.0
2024-11-12,arrival,Zurich,Istanbul IST,turkish,Landed,10:10,09:24,2024-11-12 10:10:00,2024-11-12 09:24:00,-46.0
2024-11-12,arrival,Zurich,Munich,swiss,Landed,10:10,10:10,2024-11-12 10:10:00,2024-11-12 10:10:00,0.0
2024-11-12,arrival,Zurich,Punta Cana,edelweiss,Landed,10:15,11:17,2024-11-12 10:15:00,2024-11-12 11:17:00,62.0
2024-11-12,arrival,Zurich,Athens,aegan,Landed,10:20,10:10,2024-11-12 10:20:00,2024-11-12 10:10:00,-10.0
2024-11-12,arrival,Zurich,Frankfurt,lufthansa_neu,Landed,10:30,10:34,2024-11-12 10:30:00,2024-11-12 10:34:00,4.0
2024-11-12,arrival,Zurich,Istanbul SAW,pegasus,Landed,10:35,10:32,2024-11-12 10:35:00,2024-11-12 10:32:00,-3.0
2024-11-12,arrival,Zurich,Sao Paulo,swiss,Landed,10:35,10:36,2024-11-12 10:35:00,2024-11-12 10:36:00,1.0
2024-11-12,arrival,Zurich,New York,swiss,Landed,10:40,10:58,2024-11-12 10:40:00,2024-11-12 10:58:00,18.0
2024-11-12,arrival,Zurich,Chicago,swiss,Landed,10:45,10:56,2024-11-12 10:45:00,2024-11-12 10:56:00,11.0
2024-11-12,arrival,Zurich,London LCY,swiss,Landed,10:45,10:48,2024-11-12 10:45:00,2024-11-12 10:48:00,3.0
2024-11-12,arrival,Zurich,Miami,swiss,Landed,10:50,11:09,2024-11-12 10:50:00,2024-11-12 11:09:00,19.0
2024-11-12,arrival,Zurich,Hanover,swiss,Landed,10:55,10:47,2024-11-12 10:55:00,2024-11-12 10:47:00,-8.0
2024-11-12,arrival,Zurich,Venice,swiss,Landed,10:55,10:40,2024-11-12 10:55:00,2024-11-12 10:40:00,-15.0
2024-11-12,arrival,Zurich,Doha,qatar,Landed,07:10,06:38,2024-11-12 07:10:00,2024-11-12 06:38:00,-32.0
2024-11-12,arrival,Zurich,Washington,united,Landed,07:40,07:39,2024-11-12 07:40:00,2024-11-12 07:39:00,-1.0
2024-11-12,arrival,Zurich,Addis Ababavia Milan,ethiopianairlineslogosvg,Landed,07:40,07:09,2024-11-12 07:40:00,2024-11-12 07:09:00,-31.0
2024-11-12,arrival,Zurich,Cologne Bonn,euro,Landed,07:45,07:42,2024-11-12 07:45:00,2024-11-12 07:42:00,-3.0
2024-11-12,arrival,Zurich,Milan MXP,swiss,Landed,07:45,07:41,2024-11-12 07:45:00,2024-11-12 07:41:00,-4.0
2024-11-12,arrival,Zurich,Ljubljana,swiss,Landed,07:50,07:35,2024-11-12 07:50:00,2024-11-12 07:35:00,-15.0
2024-11-12,arrival,Zurich,Singapore,singapore,Landed,07:50,07:58,2024-11-12 07:50:00,2024-11-12 07:58:00,8.0
2024-11-12,arrival,Zurich,Brussels,brussels_airlines_logo,Landed,07:55,07:49,2024-11-12 07:55:00,2024-11-12 07:49:00,-6.0
2024-11-12,arrival,Zurich,Chicago,united,Landed,07:55,08:00,2024-11-12 07:55:00,2024-11-12 08:00:00,5.0
2024-11-12,arrival,Zurich,Düsseldorf,euro,Landed,07:55,07:48,2024-11-12 07:55:00,2024-11-12 07:48:00,-7.0
2024-11-12,arrival,Zurich,Budapest,swiss,Landed,07:55,07:45,2024-11-12 07:55:00,2024-11-12 07:45:00,-10.0
2024-11-12,arrival,Zurich,Bucharest,swiss,Landed,08:05,07:36,2024-11-12 08:05:00,2024-11-12 07:36:00,-29.0
2024-11-12,arrival,Zurich,Prague,swiss,Landed,08:10,08:16,2024-11-12 08:10:00,2024-11-12 08:16:00,6.0
2024-11-12,arrival,Zurich,Berlin,euro,Landed,08:15,07:55,2024-11-12 08:15:00,2024-11-12 07:55:00,-20.0
2024-11-12,arrival,Zurich,Amsterdam,klm,Landed,08:15,08:02,2024-11-12 08:15:00,2024-11-12 08:02:00,-13.0
2024-11-12,arrival,Zurich,Philadelphia,american,Landed,08:15,08:19,2024-11-12 08:15:00,2024-11-12 08:19:00,4.0
2024-11-12,arrival,Zurich,Frankfurt,lufthansa_neu,Landed,08:20,08:16,2024-11-12 08:20:00,2024-11-12 08:16:00,-4.0
2024-11-12,arrival,Zurich,Vienna,austrian,Landed,08:25,08:12,2024-11-12 08:25:00,2024-11-12 08:12:00,-13.0
2024-11-12,arrival,Zurich,Amsterdam,swiss,Landed,08:25,08:15,2024-11-12 08:25:00,2024-11-12 08:15:00,-10.0
2024-11-12,arrival,Zurich,Barcelona,swiss,Landed,08:30,08:23,2024-11-12 08:30:00,2024-11-12 08:23:00,-7.0
2024-11-12,arrival,Zurich,Geneva,swiss,Landed,08:30,08:27,2024-11-12 08:30:00,2024-11-12 08:27:00,-3.0
2024-11-12,arrival,Zurich,Stockholm,swiss,Landed,08:35,08:35,2024-11-12 08:35:00,2024-11-12 08:35:00,0.0
2024-11-12,arrival,Zurich,Newark,united,Landed,08:40,08:31,2024-11-12 08:40:00,2024-11-12 08:31:00,-9.0
2024-11-12,arrival,Zurich,London LHR,swiss,Landed,08:40,08:43,2024-11-12 08:40:00,2024-11-12 08:43:00,3.0
2024-11-12,arrival,Zurich,Copenhagen,swiss,Landed,08:45,08:25,2024-11-12 08:45:00,2024-11-12 08:25:00,-20.0
2024-11-12,arrival,Zurich,Munich,lufthansa_neu,Landed,08:45,08:58,2024-11-12 08:45:00,2024-11-12 08:58:00,13.0
2024-11-12,arrival,Zurich,Berlin,swiss,Landed,08:45,08:30,2024-11-12 08:45:00,2024-11-12 08:30:00,-15.0
2024-11-12,arrival,Zurich,Paris CDG,swiss,Landed,08:45,08:53,2024-11-12 08:45:00,2024-11-12 08:53:00,8.0
2024-11-12,arrival,Zurich,Belgrade,serbia,Landed,08:50,08:36,2024-11-12 08:50:00,2024-11-12 08:36:00,-14.0
2024-11-12,arrival,Zurich,Barcelona,vueling,Landed,08:55,09:00,2024-11-12 08:55:00,2024-11-12 09:00:00,5.0
2024-11-12,arrival,Zurich,Athens,swiss,Landed,08:55,08:51,2024-11-12 08:55:00,2024-11-12 08:51:00,-4.0
2024-11-12,arrival,Zurich,Singapore,swiss,Landed,06:10,06:28,2024-11-12 06:10:00,2024-11-12 06:28:00,18.0
2024-11-12,arrival,Zurich,Mumbai,swiss,Landed,06:10,06:30,2024-11-12 06:10:00,2024-11-12 06:30:00,20.0
2024-11-12,arrival,Zurich,Hong Kong,swiss,Landed,06:10,06:10,2024-11-12 06:10:00,2024-11-12 06:10:00,0.0
2024-11-12,arrival,Zurich,New York,swiss,Landed,06:10,06:18,2024-11-12 06:10:00,2024-11-12 06:18:00,8.0
2024-11-12,arrival,Zurich,Johannesburg,swiss,Landed,06:15,06:16,2024-11-12 06:15:00,2024-11-12 06:16:00,1.0
2024-11-12,arrival,Zurich,Dubai DXB,swiss,Landed,06:15,06:21,2024-11-12 06:15:00,2024-11-12 06:21:00,6.0
2024-11-12,arrival,Zurich,Montreal,swiss,Landed,06:15,06:25,2024-11-12 06:15:00,2024-11-12 06:25:00,10.0
2024-11-12,arrival,Zurich,Cape Town,edelweiss,Landed,06:20,06:12,2024-11-12 06:20:00,2024-11-12 06:12:00,-8.0
2024-11-12,arrival,Zurich,Delhi,swiss,Landed,06:20,06:14,2024-11-12 06:20:00,2024-11-12 06:14:00,-6.0
2024-11-12,arrival,Zurich,Abu Dhabi,etihad,Landed,06:30,06:23,2024-11-12 06:30:00,2024-11-12 06:23:00,-7.0
2024-11-12,arrival,Zurich,Geneva,swiss,Landed,06:45,06:50,2024-11-12 06:45:00,2024-11-12 06:50:00,5.0
2024-11-12,arrival,Zurich,Bangkok,thai,Landed,06:55,06:54,2024-11-12 06:55:00,2024-11-12 06:54:00,-1.0
2024-11-12,departure,Zurich,Paris CDG,swiss,Departed,21:00,21:00,2024-11-12 21:00:00,2024-11-12 21:00:00,0.0
2024-11-12,departure,Zurich,Athens,swiss,Departed,21:00,21:00,2024-11-12 21:00:00,2024-11-12 21:00:00,0.0
2024-11-12,departure,Zurich,Geneva,swiss,Departed,21:00,21:00,2024-11-12 21:00:00,2024-11-12 21:00:00,0.0
2024-11-12,departure,Zurich,Berlin,easyjet,Departed,21:05,21:05,2024-11-12 21:05:00,2024-11-12 21:05:00,0.0
2024-11-12,departure,Zurich,Prague,swiss,Departed,21:05,21:00,2024-11-12 21:05:00,2024-11-12 21:00:00,-5.0
2024-11-12,departure,Zurich,Budapest,swiss,Departed,21:10,21:10,2024-11-12 21:10:00,2024-11-12 21:10:00,0.0
2024-11-12,departure,Zurich,Barcelona,swiss,Departed,21:10,21:10,2024-11-12 21:10:00,2024-11-12 21:10:00,0.0
2024-11-12,departure,Zurich,Bucharest,swiss,Departed,21:10,21:15,2024-11-12 21:10:00,2024-11-12 21:15:00,5.0
2024-11-12,departure,Zurich,Ljubljana,swiss,Departed,21:15,21:15,2024-11-12 21:15:00,2024-11-12 21:15:00,0.0
2024-11-12,departure,Zurich,Copenhagen,swiss,Departed,21:15,21:15,2024-11-12 21:15:00,2024-11-12 21:15:00,0.0
2024-11-12,departure,Zurich,Milan MXP,swiss,Departed,21:20,21:25,2024-11-12 21:20:00,2024-11-12 21:25:00,5.0
2024-11-12,departure,Zurich,Dubai DXB,emirates-neu,Departed,21:50,21:40,2024-11-12 21:50:00,2024-11-12 21:40:00,-10.0
2024-11-12,departure,Zurich,Singapore,swiss,Departed,22:40,22:35,2024-11-12 22:40:00,2024-11-12 22:35:00,-5.0
2024-11-12,departure,Zurich,Buenos Airesvia Sao Paulo,swiss,Departed,22:40,22:50,2024-11-12 22:40:00,2024-11-12 22:50:00,10.0
2024-11-12,departure,Zurich,Hong Kong,swiss,Departed,22:40,22:45,2024-11-12 22:40:00,2024-11-12 22:45:00,5.0
2024-11-12,departure,Zurich,Johannesburg,swiss,Departed,22:45,22:45,2024-11-12 22:45:00,2024-11-12 22:45:00,0.0
2024-11-12,departure,Zurich,Hurghada,cairo,Departed,19:05,19:05,2024-11-12 19:05:00,2024-11-12 19:05:00,0.0
2024-11-12,departure,Zurich,Munich,swiss,Departed,19:05,19:00,2024-11-12 19:05:00,2024-11-12 19:00:00,-5.0
2024-11-12,departure,Zurich,London LHR,british,Departed,19:05,19:10,2024-11-12 19:05:00,2024-11-12 19:10:00,5.0
2024-11-12,departure,Zurich,Helsinki,finnair,Departed,19:05,19:00,2024-11-12 19:05:00,2024-11-12 19:00:00,-5.0
2024-11-12,departure,Zurich,Amsterdam,klm,Departed,19:10,19:20,2024-11-12 19:10:00,2024-11-12 19:20:00,10.0
2024-11-12,departure,Zurich,London LCY,british,Departed,19:15,19:19,2024-11-12 19:15:00,2024-11-12 19:19:00,4.0
2024-11-12,departure,Zurich,Vienna,austrian,Departed,19:25,19:25,2024-11-12 19:25:00,2024-11-12 19:25:00,0.0
2024-11-12,departure,Zurich,Madrid,iberia,Departed,19:40,19:30,2024-11-12 19:40:00,2024-11-12 19:30:00,-10.0
2024-11-12,departure,Zurich,Warsaw,lot,Departed,19:55,19:55,2024-11-12 19:55:00,2024-11-12 19:55:00,0.0
2024-11-12,departure,Zurich,Zagreb,croatia_v2,Departed,19:55,19:55,2024-11-12 19:55:00,2024-11-12 19:55:00,0.0
2024-11-12,departure,Zurich,Frankfurt,lufthansa_neu,Departed,20:05,20:15,2024-11-12 20:05:00,2024-11-12 20:15:00,10.0
2024-11-12,departure,Zurich,Hamburg,euro,Departed,20:10,20:10,2024-11-12 20:10:00,2024-11-12 20:10:00,0.0
2024-11-12,departure,Zurich,Cologne Bonn,euro,Departed,20:10,20:25,2024-11-12 20:10:00,2024-11-12 20:25:00,15.0
2024-11-12,departure,Zurich,Berlin,euro,Departed,20:10,20:10,2024-11-12 20:10:00,2024-11-12 20:10:00,0.0
2024-11-12,departure,Zurich,London LGW,easyjet,Departed,20:15,20:35,2024-11-12 20:15:00,2024-11-12 20:35:00,20.0
2024-11-12,departure,Zurich,Addis Ababavia Milan,ethiopianairlineslogosvg,Departed,20:15,20:15,2024-11-12 20:15:00,2024-11-12 20:15:00,0.0
2024-11-12,departure,Zurich,Munich,lufthansa_neu,Departed,20:15,20:20,2024-11-12 20:15:00,2024-11-12 20:20:00,5.0
2024-11-12,departure,Zurich,Pristina,gp-aviation,Departed,20:20,20:25,2024-11-12 20:20:00,2024-11-12 20:25:00,5.0
2024-11-12,departure,Zurich,Copenhagen,sas,Departed,20:25,20:35,2024-11-12 20:25:00,2024-11-12 20:35:00,10.0
2024-11-12,departure,Zurich,Belgrade,serbia,Departed,20:40,20:50,2024-11-12 20:40:00,2024-11-12 20:50:00,10.0
2024-11-12,departure,Zurich,Vienna,austrian,Departed,20:45,20:35,2024-11-12 20:45:00,2024-11-12 20:35:00,-10.0
2024-11-12,departure,Zurich,Amsterdam,swiss,Departed,20:45,20:45,2024-11-12 20:45:00,2024-11-12 20:45:00,0.0
2024-11-12,departure,Zurich,Düsseldorf,euro,Departed,20:50,21:05,2024-11-12 20:50:00,2024-11-12 21:05:00,15.0
2024-11-12,departure,Zurich,Stockholm,swiss,Departed,20:55,20:55,2024-11-12 20:55:00,2024-11-12 20:55:00,0.0
2024-11-12,departure,Zurich,Barcelona,vueling,Departed,20:55,21:05,2024-11-12 20:55:00,2024-11-12 21:05:00,10.0
2024-11-12,departure,Zurich,London LHR,swiss,Departed,20:55,20:55,2024-11-12 20:55:00,2024-11-12 20:55:00,0.0
2024-11-12,departure,Zurich,Berlin,swiss,Departed,20:55,20:55,2024-11-12 20:55:00,2024-11-12 20:55:00,0.0
2024-11-12,departure,Zurich,London LHR,swiss,Departed,17:00,16:55,2024-11-12 17:00:00,2024-11-12 16:55:00,-5.0
2024-11-12,departure,Zurich,Florence,swiss,Departed,17:00,17:10,2024-11-12 17:00:00,2024-11-12 17:10:00,10.0
2024-11-12,departure,Zurich,Manchester,swiss,Departed,17:05,17:10,2024-11-12 17:05:00,2024-11-12 17:10:00,5.0
2024-11-12,departure,Zurich,London LGW,swiss,Departed,17:05,17:05,2024-11-12 17:05:00,2024-11-12 17:05:00,0.0
2024-11-12,departure,Zurich,Copenhagen,swiss,Departed,17:15,17:20,2024-11-12 17:15:00,2024-11-12 17:20:00,5.0
2024-11-12,departure,Zurich,Luxembourg,swiss,Departed,17:15,17:20,2024-11-12 17:15:00,2024-11-12 17:20:00,5.0
2024-11-12,departure,Zurich,Newark,swiss,Departed,17:15,18:20,2024-11-12 17:15:00,2024-11-12 18:20:00,65.0
2024-11-12,departure,Zurich,Krakow,swiss,Departed,17:20,17:20,2024-11-12 17:20:00,2024-11-12 17:20:00,0.0
2024-11-12,departure,Zurich,Milan MXP,swiss,Departed,17:20,17:20,2024-11-12 17:20:00,2024-11-12 17:20:00,0.0
2024-11-12,departure,Zurich,Berlin,swiss,Cancelled,17:20,17:20,2024-11-12 17:20:00,2024-11-12 17:20:00,0.0
2024-11-12,departure,Zurich,Stuttgart,swiss,Departed,17:25,17:25,2024-11-12 17:25:00,2024-11-12 17:25:00,0.0
2024-11-12,departure,Zurich,Amsterdam,swiss,Departed,17:25,17:25,2024-11-12 17:25:00,2024-11-12 17:25:00,0.0
2024-11-12,departure,Zurich,Belgrade,swiss,Departed,17:25,17:40,2024-11-12 17:25:00,2024-11-12 17:40:00,15.0
2024-11-12,departure,Zurich,Amsterdam,klm,Departed,17:30,17:50,2024-11-12 17:30:00,2024-11-12 17:50:00,20.0
2024-11-12,departure,Zurich,Boston,swiss,Departed,17:30,18:25,2024-11-12 17:30:00,2024-11-12 18:25:00,55.0
2024-11-12,departure,Zurich,Barcelona,swiss,Departed,17:30,17:30,2024-11-12 17:30:00,2024-11-12 17:30:00,0.0
2024-11-12,departure,Zurich,Budapest,swiss,Departed,17:35,17:35,2024-11-12 17:35:00,2024-11-12 17:35:00,0.0
2024-11-12,departure,Zurich,Rome FCO,swiss,Departed,17:35,17:35,2024-11-12 17:35:00,2024-11-12 17:35:00,0.0
2024-11-12,departure,Zurich,Paris CDG,swiss,Departed,17:35,17:35,2024-11-12 17:35:00,2024-11-12 17:35:00,0.0
2024-11-12,departure,Zurich,Malta,km_malta_airlines,Departed,17:40,17:45,2024-11-12 17:40:00,2024-11-12 17:45:00,5.0
2024-11-12,departure,Zurich,Nice,swiss,Departed,17:40,17:50,2024-11-12 17:40:00,2024-11-12 17:50:00,10.0
2024-11-12,departure,Zurich,Prague,swiss,Departed,17:40,17:40,2024-11-12 17:40:00,2024-11-12 17:40:00,0.0
2024-11-12,departure,Zurich,Hanover,swiss,Departed,17:45,17:50,2024-11-12 17:45:00,2024-11-12 17:50:00,5.0
2024-11-12,departure,Zurich,Pristina,chair,Departed,17:45,17:45,2024-11-12 17:45:00,2024-11-12 17:45:00,0.0
2024-11-12,departure,Zurich,Vienna,swiss,Departed,17:45,18:35,2024-11-12 17:45:00,2024-11-12 18:35:00,50.0
2024-11-12,departure,Zurich,Düsseldorf,swiss,Departed,17:45,17:45,2024-11-12 17:45:00,2024-11-12 17:45:00,0.0
2024-11-12,departure,Zurich,Venice,swiss,Departed,17:50,18:20,2024-11-12 17:50:00,2024-11-12 18:20:00,30.0
2024-11-12,departure,Zurich,Hamburg,swiss,Departed,17:50,17:50,2024-11-12 17:50:00,2024-11-12 17:50:00,0.0
2024-11-12,departure,Zurich,Pristina,edelweiss,Departed,17:50,18:00,2024-11-12 17:50:00,2024-11-12 18:00:00,10.0
2024-11-12,departure,Zurich,Brussels,swiss,Departed,17:55,17:55,2024-11-12 17:55:00,2024-11-12 17:55:00,0.0
2024-11-12,departure,Zurich,London LCY,swiss,Departed,17:55,17:50,2024-11-12 17:55:00,2024-11-12 17:50:00,-5.0
2024-11-12,departure,Zurich,Bangkok,swiss,Departed,18:00,18:08,2024-11-12 18:00:00,2024-11-12 18:08:00,8.0
2024-11-12,departure,Zurich,Geneva,swiss,Departed,18:00,18:05,2024-11-12 18:00:00,2024-11-12 18:05:00,5.0
2024-11-12,departure,Zurich,Lisbon,tap,Departed,18:00,18:20,2024-11-12 18:00:00,2024-11-12 18:20:00,20.0
2024-11-12,departure,Zurich,Istanbul IST,turkish,Departed,18:05,18:20,2024-11-12 18:05:00,2024-11-12 18:20:00,15.0
2024-11-12,departure,Zurich,Frankfurt,lufthansa_neu,Departed,18:05,18:10,2024-11-12 18:05:00,2024-11-12 18:10:00,5.0
2024-11-12,departure,Zurich,Mauritius,edelweiss,Departed,18:10,19:30,2024-11-12 18:10:00,2024-11-12 19:30:00,80.0
2024-11-12,departure,Zurich,London LHR,swiss,Departed,18:25,18:25,2024-11-12 18:25:00,2024-11-12 18:25:00,0.0
2024-11-12,departure,Zurich,Berlin,swiss,Departed,18:25,18:20,2024-11-12 18:25:00,2024-11-12 18:20:00,-5.0
2024-11-12,departure,Zurich,Madrid,europa,Departed,18:30,18:30,2024-11-12 18:30:00,2024-11-12 18:30:00,0.0
2024-11-12,departure,Zurich,Paris CDG,airfrance,Departed,18:50,19:00,2024-11-12 18:50:00,2024-11-12 19:00:00,10.0
2024-11-12,departure,Zurich,Frankfurt,swiss,Departed,18:50,19:05,2024-11-12 18:50:00,2024-11-12 19:05:00,15.0
2024-11-12,departure,Zurich,Vienna,austrian,Departed,15:05,15:00,2024-11-12 15:05:00,2024-11-12 15:00:00,-5.0
2024-11-12,departure,Zurich,London LHR,british,Departed,15:05,15:25,2024-11-12 15:05:00,2024-11-12 15:25:00,20.0
2024-11-12,departure,Zurich,Istanbul SAW,pegasus,Departed,15:25,15:20,2024-11-12 15:25:00,2024-11-12 15:20:00,-5.0
2024-11-12,departure,Zurich,London LHR,swiss,Departed,15:30,15:45,2024-11-12 15:30:00,2024-11-12 15:45:00,15.0
2024-11-12,departure,Zurich,Hamburg,euro,Departed,15:35,15:25,2024-11-12 15:35:00,2024-11-12 15:25:00,-10.0
2024-11-12,departure,Zurich,Palma De Mallorca,swiss,Departed,15:40,15:40,2024-11-12 15:40:00,2024-11-12 15:40:00,0.0
2024-11-12,departure,Zurich,Düsseldorf,euro,Departed,15:50,15:50,2024-11-12 15:50:00,2024-11-12 15:50:00,0.0
2024-11-12,departure,Zurich,Porto,tap,Departed,16:20,16:45,2024-11-12 16:20:00,2024-11-12 16:45:00,25.0
2024-11-12,departure,Zurich,Madrid,swiss,Departed,16:20,16:20,2024-11-12 16:20:00,2024-11-12 16:20:00,0.0
2024-11-12,departure,Zurich,Hamburg,swiss,Departed,16:25,16:25,2024-11-12 16:25:00,2024-11-12 16:25:00,0.0
2024-11-12,departure,Zurich,Berlin,swiss,Departed,16:25,16:25,2024-11-12 16:25:00,2024-11-12 16:25:00,0.0
2024-11-12,departure,Zurich,London LCY,swiss,Departed,16:25,16:25,2024-11-12 16:25:00,2024-11-12 16:25:00,0.0
2024-11-12,departure,Zurich,Warsaw,swiss,Departed,16:25,16:40,2024-11-12 16:25:00,2024-11-12 16:40:00,15.0
2024-11-12,departure,Zurich,Düsseldorf,swiss,Departed,16:30,16:35,2024-11-12 16:30:00,2024-11-12 16:35:00,5.0
2024-11-12,departure,Zurich,Dublin,swiss,Departed,16:30,16:43,2024-11-12 16:30:00,2024-11-12 16:43:00,13.0
2024-11-12,departure,Zurich,Brussels,swiss,Cancelled,16:30,16:30,2024-11-12 16:30:00,2024-11-12 16:30:00,0.0
2024-11-12,departure,Zurich,Malévia Dubai,beond_logo,Departed,16:35,16:25,2024-11-12 16:35:00,2024-11-12 16:25:00,-10.0
2024-11-12,departure,Zurich,London LHR,british,Departed,16:35,16:35,2024-11-12 16:35:00,2024-11-12 16:35:00,0.0
2024-11-12,departure,Zurich,Palma De Mallorca,swiss,Departed,16:40,16:40,2024-11-12 16:40:00,2024-11-12 16:40:00,0.0
2024-11-12,departure,Zurich,Alicante,swiss,Departed,16:40,16:40,2024-11-12 16:40:00,2024-11-12 16:40:00,0.0
2024-11-12,departure,Zurich,Geneva,swiss,Departed,16:45,16:45,2024-11-12 16:45:00,2024-11-12 16:45:00,0.0
2024-11-12,departure,Zurich,Valencia,swiss,Departed,16:50,17:15,2024-11-12 16:50:00,2024-11-12 17:15:00,25.0
2024-11-12,departure,Zurich,Munich,lufthansa_neu,Departed,16:50,17:55,2024-11-12 16:50:00,2024-11-12 17:55:00,65.0
2024-11-12,departure,Zurich,Oslo,sas,Departed,13:00,13:00,2024-11-12 13:00:00,2024-11-12 13:00:00,0.0
2024-11-12,departure,Zurich,Athens,swiss,Departed,13:00,13:00,2024-11-12 13:00:00,2024-11-12 13:00:00,0.0
2024-11-12,departure,Zurich,Reykjavík KEF,iceland,Departed,13:00,13:20,2024-11-12 13:00:00,2024-11-12 13:20:00,20.0
2024-11-12,departure,Zurich,Dubai DXB,swiss,Departed,13:05,13:05,2024-11-12 13:05:00,2024-11-12 13:05:00,0.0
2024-11-12,departure,Zurich,Bologna,swiss,Departed,13:05,13:10,2024-11-12 13:05:00,2024-11-12 13:10:00,5.0
2024-11-12,departure,Zurich,Venice,swiss,Departed,13:05,13:05,2024-11-12 13:05:00,2024-11-12 13:05:00,0.0
2024-11-12,departure,Zurich,Shanghai,swiss,Departed,13:10,13:10,2024-11-12 13:10:00,2024-11-12 13:10:00,0.0
2024-11-12,departure,Zurich,Los Angeles,swiss,Departed,13:10,13:10,2024-11-12 13:10:00,2024-11-12 13:10:00,0.0
2024-11-12,departure,Zurich,Chicago,swiss,Departed,13:10,13:10,2024-11-12 13:10:00,2024-11-12 13:10:00,0.0
2024-11-12,departure,Zurich,Bangkok,thai,Departed,13:15,13:15,2024-11-12 13:15:00,2024-11-12 13:15:00,0.0
2024-11-12,departure,Zurich,San Francisco,swiss,Departed,13:15,13:15,2024-11-12 13:15:00,2024-11-12 13:15:00,0.0
2024-11-12,departure,Zurich,New York,swiss,Departed,13:15,13:15,2024-11-12 13:15:00,2024-11-12 13:15:00,0.0
2024-11-12,departure,Zurich,Stuttgart,swiss,Departed,13:20,13:20,2024-11-12 13:20:00,2024-11-12 13:20:00,0.0
2024-11-12,departure,Zurich,Berlin,swiss,Cancelled,13:30,13:30,2024-11-12 13:30:00,2024-11-12 13:30:00,0.0
2024-11-12,departure,Zurich,Lisbon,tap,Departed,13:30,13:50,2024-11-12 13:30:00,2024-11-12 13:50:00,20.0
2024-11-12,departure,Zurich,Larnaca,edelweiss,Departed,13:35,13:59,2024-11-12 13:35:00,2024-11-12 13:59:00,24.0
2024-11-12,departure,Zurich,Munich,lufthansa_neu,Departed,13:35,13:30,2024-11-12 13:35:00,2024-11-12 13:30:00,-5.0
2024-11-12,departure,Zurich,Antalya,sun,Departed,13:45,13:40,2024-11-12 13:45:00,2024-11-12 13:40:00,-5.0
2024-11-12,departure,Zurich,Izmir,sun,Departed,14:00,14:00,2024-11-12 14:00:00,2024-11-12 14:00:00,0.0
2024-11-12,departure,Zurich,Istanbul SAW,ajet_logo,Departed,14:10,14:00,2024-11-12 14:10:00,2024-11-12 14:00:00,-10.0
2024-11-12,departure,Zurich,Amsterdam,klm,Departed,14:15,15:35,2024-11-12 14:15:00,2024-11-12 15:35:00,80.0
2024-11-12,departure,Zurich,Dubai DXB,emirates-neu,Departed,14:35,14:35,2024-11-12 14:35:00,2024-11-12 14:35:00,0.0
2024-11-12,departure,Zurich,Frankfurt,lufthansa_neu,Cancelled,14:45,14:45,2024-11-12 14:45:00,2024-11-12 14:45:00,0.0
2024-11-12,departure,Zurich,Istanbul IST,turkish,Departed,14:50,14:50,2024-11-12 14:50:00,2024-11-12 14:50:00,0.0
2024-11-12,departure,Zurich,London LCY,british,Departed,14:50,14:55,2024-11-12 14:50:00,2024-11-12 14:55:00,5.0
2024-11-12,departure,Zurich,Madrid,iberia,Departed,14:55,15:10,2024-11-12 14:55:00,2024-11-12 15:10:00,15.0
2024-11-12,departure,Zurich,Istanbul IST,turkish,Departed,11:05,10:55,2024-11-12 11:05:00,2024-11-12 10:55:00,-10.0
2024-11-12,departure,Zurich,Zagreb,croatia_v2,Departed,11:05,11:00,2024-11-12 11:05:00,2024-11-12 11:00:00,-5.0
2024-11-12,departure,Zurich,Frankfurt,lufthansa_neu,Departed,11:15,12:35,2024-11-12 11:15:00,2024-11-12 12:35:00,80.0
2024-11-12,departure,Zurich,Athens,aegan,Departed,11:20,11:20,2024-11-12 11:20:00,2024-11-12 11:20:00,0.0
2024-11-12,departure,Zurich,Istanbul SAW,pegasus,Departed,11:40,11:40,2024-11-12 11:40:00,2024-11-12 11:40:00,0.0
2024-11-12,departure,Zurich,Tirana,swiss,Departed,11:40,12:50,2024-11-12 11:40:00,2024-11-12 12:50:00,70.0
2024-11-12,departure,Zurich,Washington,united,Departed,11:45,11:50,2024-11-12 11:45:00,2024-11-12 11:50:00,5.0
2024-11-12,departure,Zurich,Amsterdam,klm,Departed,11:50,11:55,2024-11-12 11:50:00,2024-11-12 11:55:00,5.0
2024-11-12,departure,Zurich,Madrid,iberia,Departed,11:55,11:55,2024-11-12 11:55:00,2024-11-12 11:55:00,0.0
2024-11-12,departure,Zurich,Warsaw,swiss,Departed,11:55,11:55,2024-11-12 11:55:00,2024-11-12 11:55:00,0.0
2024-11-12,departure,Zurich,Hanover,swiss,Departed,12:00,12:00,2024-11-12 12:00:00,2024-11-12 12:00:00,0.0
2024-11-12,departure,Zurich,Delhi,swiss,Departed,12:00,12:05,2024-11-12 12:00:00,2024-11-12 12:05:00,5.0
2024-11-12,departure,Zurich,Belgrade,swiss,Departed,12:05,12:15,2024-11-12 12:05:00,2024-11-12 12:15:00,10.0
2024-11-12,departure,Zurich,Malaga,swiss,Departed,12:05,12:05,2024-11-12 12:05:00,2024-11-12 12:05:00,0.0
2024-11-12,departure,Zurich,Geneva,swiss,Departed,12:05,12:15,2024-11-12 12:05:00,2024-11-12 12:15:00,10.0
2024-11-12,departure,Zurich,London LCY,swiss,Departed,12:10,12:05,2024-11-12 12:10:00,2024-11-12 12:05:00,-5.0
2024-11-12,departure,Zurich,London LHR,swiss,Departed,12:10,12:20,2024-11-12 12:10:00,2024-11-12 12:20:00,10.0
2024-11-12,departure,Zurich,Stockholm,swiss,Departed,12:15,12:30,2024-11-12 12:15:00,2024-11-12 12:30:00,15.0
2024-11-12,departure,Zurich,Frankfurt,swiss,Departed,12:15,12:15,2024-11-12 12:15:00,2024-11-12 12:15:00,0.0
2024-11-12,departure,Zurich,Copenhagen,swiss,Departed,12:15,12:20,2024-11-12 12:15:00,2024-11-12 12:20:00,5.0
2024-11-12,departure,Zurich,Cancun,edelweiss,Departed,12:20,13:00,2024-11-12 12:20:00,2024-11-12 13:00:00,40.0
2024-11-12,departure,Zurich,Barcelona,swiss,Departed,12:20,12:20,2024-11-12 12:20:00,2024-11-12 12:20:00,0.0
2024-11-12,departure,Zurich,Budapest,swiss,Departed,12:25,12:40,2024-11-12 12:25:00,2024-11-12 12:40:00,15.0
2024-11-12,departure,Zurich,Rome FCO,swiss,Departed,12:25,12:25,2024-11-12 12:25:00,2024-11-12 12:25:00,0.0
2024-11-12,departure,Zurich,Sarajevo,swiss,Departed,12:25,12:25,2024-11-12 12:25:00,2024-11-12 12:25:00,0.0
2024-11-12,departure,Zurich,Bordeaux,swiss,Departed,12:25,12:25,2024-11-12 12:25:00,2024-11-12 12:25:00,0.0
2024-11-12,departure,Zurich,Bucharest,swiss,Departed,12:30,12:40,2024-11-12 12:30:00,2024-11-12 12:40:00,10.0
2024-11-12,departure,Zurich,Hamburg,swiss,Departed,12:30,12:30,2024-11-12 12:30:00,2024-11-12 12:30:00,0.0
2024-11-12,departure,Zurich,London LHR,british,Departed,12:30,12:40,2024-11-12 12:30:00,2024-11-12 12:40:00,10.0
2024-11-12,departure,Zurich,Florence,swiss,Departed,12:30,12:55,2024-11-12 12:30:00,2024-11-12 12:55:00,25.0
2024-11-12,departure,Zurich,Lisbon,swiss,Departed,12:35,12:45,2024-11-12 12:35:00,2024-11-12 12:45:00,10.0
2024-11-12,departure,Zurich,Prague,swiss,Departed,12:35,12:35,2024-11-12 12:35:00,2024-11-12 12:35:00,0.0
2024-11-12,departure,Zurich,Düsseldorf,swiss,Departed,12:35,12:50,2024-11-12 12:35:00,2024-11-12 12:50:00,15.0
2024-11-12,departure,Zurich,Luxembourg,swiss,Departed,12:40,12:40,2024-11-12 12:40:00,2024-11-12 12:40:00,0.0
2024-11-12,departure,Zurich,Vienna,swiss,Departed,12:40,12:50,2024-11-12 12:40:00,2024-11-12 12:50:00,10.0
2024-11-12,departure,Zurich,Berlin,swiss,Departed,12:40,12:40,2024-11-12 12:40:00,2024-11-12 12:40:00,0.0
2024-11-12,departure,Zurich,Nice,swiss,Departed,12:45,12:40,2024-11-12 12:45:00,2024-11-12 12:40:00,-5.0
2024-11-12,departure,Zurich,Amsterdam,swiss,Departed,12:45,12:40,2024-11-12 12:45:00,2024-11-12 12:40:00,-5.0
2024-11-12,departure,Zurich,Montreal,swiss,Departed,12:45,13:00,2024-11-12 12:45:00,2024-11-12 13:00:00,15.0
2024-11-12,departure,Zurich,Paris CDG,swiss,Departed,12:50,13:05,2024-11-12 12:50:00,2024-11-12 13:05:00,15.0
2024-11-12,departure,Zurich,Miami,swiss,Departed,12:50,12:55,2024-11-12 12:50:00,2024-11-12 12:55:00,5.0
2024-11-12,departure,Zurich,Milan MXP,swiss,Departed,12:50,12:50,2024-11-12 12:50:00,2024-11-12 12:50:00,0.0
2024-11-12,departure,Zurich,Geneva,swiss,Departed,12:55,13:05,2024-11-12 12:55:00,2024-11-12 13:05:00,10.0
2024-11-12,departure,Zurich,Ljubljana,swiss,Departed,12:55,12:55,2024-11-12 12:55:00,2024-11-12 12:55:00,0.0
2024-11-12,departure,Zurich,Washington,swiss,Departed,12:55,13:00,2024-11-12 12:55:00,2024-11-12 13:00:00,5.0
2024-11-12,departure,Zurich,Brussels,swiss,Departed,12:55,12:55,2024-11-12 12:55:00,2024-11-12 12:55:00,0.0
2024-11-12,departure,Zurich,Amsterdam,klm,Departed,09:00,09:00,2024-11-12 09:00:00,2024-11-12 09:00:00,0.0
2024-11-12,departure,Zurich,Frankfurt,lufthansa_neu,Departed,09:00,09:15,2024-11-12 09:00:00,2024-11-12 09:15:00,15.0
2024-11-12,departure,Zurich,Geneva,swiss,Departed,09:00,09:00,2024-11-12 09:00:00,2024-11-12 09:00:00,0.0
2024-11-12,departure,Zurich,Berlin,euro,Departed,09:05,08:55,2024-11-12 09:05:00,2024-11-12 08:55:00,-10.0
2024-11-12,departure,Zurich,Stuttgart,swiss,Departed,09:10,09:05,2024-11-12 09:10:00,2024-11-12 09:05:00,-5.0
2024-11-12,departure,Zurich,Vienna,austrian,Departed,09:10,09:00,2024-11-12 09:10:00,2024-11-12 09:00:00,-10.0
2024-11-12,departure,Zurich,Gran Canaria,edelweiss,Departed,09:25,09:25,2024-11-12 09:25:00,2024-11-12 09:25:00,0.0
2024-11-12,departure,Zurich,Malaga,swiss,Departed,09:25,09:25,2024-11-12 09:25:00,2024-11-12 09:25:00,0.0
2024-11-12,departure,Zurich,Tenerife,edelweiss,Departed,09:25,09:25,2024-11-12 09:25:00,2024-11-12 09:25:00,0.0
2024-11-12,departure,Zurich,Munich,lufthansa_neu,Departed,09:25,09:45,2024-11-12 09:25:00,2024-11-12 09:45:00,20.0
2024-11-12,departure,Zurich,Antalya,edelweiss,Departed,09:30,09:30,2024-11-12 09:30:00,2024-11-12 09:30:00,0.0
2024-11-12,departure,Zurich,Zanzibarvia Kilimanjaro,edelweiss,Departed,09:30,09:50,2024-11-12 09:30:00,2024-11-12 09:50:00,20.0
2024-11-12,departure,Zurich,Marsa Alam,edelweiss,Departed,09:30,09:30,2024-11-12 09:30:00,2024-11-12 09:30:00,0.0
2024-11-12,departure,Zurich,Porto,swiss,Departed,09:30,09:35,2024-11-12 09:30:00,2024-11-12 09:35:00,5.0
2024-11-12,departure,Zurich,Fuerteventura,edelweiss,Departed,09:35,09:35,2024-11-12 09:35:00,2024-11-12 09:35:00,0.0
2024-11-12,departure,Zurich,Belgrade,serbia,Departed,09:35,09:35,2024-11-12 09:35:00,2024-11-12 09:35:00,0.0
2024-11-12,departure,Zurich,Hurghada,edelweiss,Departed,09:35,09:35,2024-11-12 09:35:00,2024-11-12 09:35:00,0.0
2024-11-12,departure,Zurich,Oslo,swiss,Departed,09:40,09:40,2024-11-12 09:40:00,2024-11-12 09:40:00,0.0
2024-11-12,departure,Zurich,Barcelona,vueling,Departed,09:40,09:45,2024-11-12 09:40:00,2024-11-12 09:45:00,5.0
2024-11-12,departure,Zurich,Chicago,united,Departed,09:40,09:40,2024-11-12 09:40:00,2024-11-12 09:40:00,0.0
2024-11-12,departure,Zurich,Mumbai,swiss,Departed,09:45,09:45,2024-11-12 09:45:00,2024-11-12 09:45:00,0.0
2024-11-12,departure,Zurich,Hamburg,euro,Departed,09:45,09:45,2024-11-12 09:45:00,2024-11-12 09:45:00,0.0
2024-11-12,departure,Zurich,Lisbon,swiss,Departed,09:45,09:45,2024-11-12 09:45:00,2024-11-12 09:45:00,0.0
2024-11-12,departure,Zurich,Cairo,swiss,Departed,09:45,09:45,2024-11-12 09:45:00,2024-11-12 09:45:00,0.0
2024-11-12,departure,Zurich,New York,swiss,Departed,09:50,09:50,2024-11-12 09:50:00,2024-11-12 09:50:00,0.0
2024-11-12,departure,Zurich,Madeira,edelweiss,Departed,09:50,09:50,2024-11-12 09:50:00,2024-11-12 09:50:00,0.0
2024-11-12,departure,Zurich,Valencia,swiss,Departed,09:55,09:55,2024-11-12 09:55:00,2024-11-12 09:55:00,0.0
2024-11-12,departure,Zurich,Stockholm,swiss,Departed,09:55,10:25,2024-11-12 09:55:00,2024-11-12 10:25:00,30.0
2024-11-12,departure,Zurich,Lanzarote,edelweiss,Departed,09:55,09:55,2024-11-12 09:55:00,2024-11-12 09:55:00,0.0
2024-11-12,departure,Zurich,Thessaloniki,swiss,Departed,10:00,10:00,2024-11-12 10:00:00,2024-11-12 10:00:00,0.0
2024-11-12,departure,Zurich,London LCY,british,Departed,10:10,10:10,2024-11-12 10:10:00,2024-11-12 10:10:00,0.0
2024-11-12,departure,Zurich,London LHR,swiss,Departed,10:15,10:15,2024-11-12 10:15:00,2024-11-12 10:15:00,0.0
2024-11-12,departure,Zurich,Philadelphia,american,Departed,10:15,10:10,2024-11-12 10:15:00,2024-11-12 10:10:00,-5.0
2024-11-12,departure,Zurich,Newark,united,Departed,10:20,10:15,2024-11-12 10:20:00,2024-11-12 10:15:00,-5.0
2024-11-12,departure,Zurich,Warsaw,lot,Departed,10:25,10:25,2024-11-12 10:25:00,2024-11-12 10:25:00,0.0
2024-11-12,departure,Zurich,Abu Dhabi,etihad,Departed,10:25,10:25,2024-11-12 10:25:00,2024-11-12 10:25:00,0.0
2024-11-12,departure,Zurich,Copenhagen,sas,Departed,10:25,10:20,2024-11-12 10:25:00,2024-11-12 10:20:00,-5.0
2024-11-12,departure,Zurich,Dublin,swiss,Departed,10:35,10:35,2024-11-12 10:35:00,2024-11-12 10:35:00,0.0
2024-11-12,departure,Zurich,Madrid,europa,Departed,10:35,10:25,2024-11-12 10:35:00,2024-11-12 10:25:00,-10.0
2024-11-12,departure,Zurich,Singapore,singapore,Departed,10:35,10:35,2024-11-12 10:35:00,2024-11-12 10:35:00,0.0
2024-11-12,departure,Zurich,Helsinki,finnair,Cancelled,10:35,10:35,2024-11-12 10:35:00,2024-11-12 10:35:00,0.0
2024-11-12,departure,Zurich,Vienna,austrian,Departed,10:40,10:40,2024-11-12 10:40:00,2024-11-12 10:40:00,0.0
2024-11-12,departure,Zurich,Paris CDG,airfrance,Departed,10:50,10:50,2024-11-12 10:50:00,2024-11-12 10:50:00,0.0
2024-11-12,departure,Zurich,Frankfurt,swiss,Departed,07:00,07:00,2024-11-12 07:00:00,2024-11-12 07:00:00,0.0
2024-11-12,departure,Zurich,Warsaw,swiss,Departed,07:00,07:08,2024-11-12 07:00:00,2024-11-12 07:08:00,8.0
2024-11-12,departure,Zurich,Birmingham,swiss,Departed,07:00,07:00,2024-11-12 07:00:00,2024-11-12 07:00:00,0.0
2024-11-12,departure,Zurich,Manchester,swiss,Departed,07:00,07:10,2024-11-12 07:00:00,2024-11-12 07:10:00,10.0
2024-11-12,departure,Zurich,Copenhagen,swiss,Departed,07:05,07:05,2024-11-12 07:05:00,2024-11-12 07:05:00,0.0
2024-11-12,departure,Zurich,London LHR,swiss,Departed,07:05,07:05,2024-11-12 07:05:00,2024-11-12 07:05:00,0.0
2024-11-12,departure,Zurich,Gothenburg,swiss,Departed,07:05,07:05,2024-11-12 07:05:00,2024-11-12 07:05:00,0.0
2024-11-12,departure,Zurich,Munich,swiss,Departed,07:10,07:10,2024-11-12 07:10:00,2024-11-12 07:10:00,0.0
2024-11-12,departure,Zurich,Dresden,swiss,Departed,07:10,07:10,2024-11-12 07:10:00,2024-11-12 07:10:00,0.0
2024-11-12,departure,Zurich,Budapest,swiss,Departed,07:10,07:10,2024-11-12 07:10:00,2024-11-12 07:10:00,0.0
2024-11-12,departure,Zurich,Hamburg,swiss,Departed,07:10,07:15,2024-11-12 07:10:00,2024-11-12 07:15:00,5.0
2024-11-12,departure,Zurich,Barcelona,swiss,Departed,07:15,07:20,2024-11-12 07:15:00,2024-11-12 07:20:00,5.0
2024-11-12,departure,Zurich,Berlin,swiss,Departed,07:15,07:15,2024-11-12 07:15:00,2024-11-12 07:15:00,0.0
2024-11-12,departure,Zurich,Amsterdam,swiss,Departed,07:15,07:20,2024-11-12 07:15:00,2024-11-12 07:20:00,5.0
2024-11-12,departure,Zurich,Hanover,swiss,Departed,07:20,07:20,2024-11-12 07:20:00,2024-11-12 07:20:00,0.0
2024-11-12,departure,Zurich,Düsseldorf,swiss,Departed,07:20,07:20,2024-11-12 07:20:00,2024-11-12 07:20:00,0.0
2024-11-12,departure,Zurich,Vienna,swiss,Departed,07:20,07:20,2024-11-12 07:20:00,2024-11-12 07:20:00,0.0
2024-11-12,departure,Zurich,Rome FCO,swiss,Departed,07:20,07:20,2024-11-12 07:20:00,2024-11-12 07:20:00,0.0
2024-11-12,departure,Zurich,Prague,swiss,Departed,07:25,07:30,2024-11-12 07:25:00,2024-11-12 07:30:00,5.0
2024-11-12,departure,Zurich,Paris CDG,swiss,Departed,07:25,07:35,2024-11-12 07:25:00,2024-11-12 07:35:00,10.0
2024-11-12,departure,Zurich,Nice,swiss,Departed,07:25,07:25,2024-11-12 07:25:00,2024-11-12 07:25:00,0.0
2024-11-12,departure,Zurich,Brussels,swiss,Departed,07:30,07:35,2024-11-12 07:30:00,2024-11-12 07:35:00,5.0
2024-11-12,departure,Zurich,Geneva,swiss,Departed,07:30,07:30,2024-11-12 07:30:00,2024-11-12 07:30:00,0.0
2024-11-12,departure,Zurich,Madrid,iberia,Departed,07:30,07:40,2024-11-12 07:30:00,2024-11-12 07:40:00,10.0
2024-11-12,departure,Zurich,Bologna,swiss,Departed,07:35,07:35,2024-11-12 07:35:00,2024-11-12 07:35:00,0.0
2024-11-12,departure,Zurich,Venice,swiss,Departed,07:35,07:35,2024-11-12 07:35:00,2024-11-12 07:35:00,0.0
2024-11-12,departure,Zurich,Luxembourg,swiss,Departed,07:35,07:35,2024-11-12 07:35:00,2024-11-12 07:35:00,0.0
2024-11-12,departure,Zurich,London LCY,swiss,Departed,07:55,07:55,2024-11-12 07:55:00,2024-11-12 07:55:00,0.0
2024-11-12,departure,Zurich,Amsterdam,swiss,Departed,08:10,08:10,2024-11-12 08:10:00,2024-11-12 08:10:00,0.0
2024-11-12,departure,Zurich,Cologne Bonn,euro,Departed,08:30,08:25,2024-11-12 08:30:00,2024-11-12 08:25:00,-5.0
2024-11-12,departure,Zurich,Berlin,swiss,Departed,08:30,08:30,2024-11-12 08:30:00,2024-11-12 08:30:00,0.0
2024-11-12,departure,Zurich,Düsseldorf,euro,Departed,08:35,08:35,2024-11-12 08:35:00,2024-11-12 08:35:00,0.0
2024-11-12,departure,Zurich,Hamburg,swiss,Departed,08:35,08:35,2024-11-12 08:35:00,2024-11-12 08:35:00,0.0
2024-11-12,departure,Zurich,Brussels,brussels_airlines_logo,Departed,08:45,08:45,2024-11-12 08:45:00,2024-11-12 08:45:00,0.0
2024-11-12,departure,Zurich,Doha,qatar,Departed,08:45,08:35,2024-11-12 08:45:00,2024-11-12 08:35:00,-10.0
2024-11-12,departure,Zurich,Milan MXP,swiss,Departed,08:55,08:55,2024-11-12 08:55:00,2024-11-12 08:55:00,0.0
2024-11-12,departure,Zurich,Lisbon,tap,Departed,06:10,06:10,2024-11-12 06:10:00,2024-11-12 06:10:00,0.0
2024-11-12,departure,Zurich,Paris CDG,airfrance,Departed,06:30,06:30,2024-11-12 06:30:00,2024-11-12 06:30:00,0.0
2024-11-12,departure,Zurich,Pristina,chair,Departed,06:30,06:30,2024-11-12 06:30:00,2024-11-12 06:30:00,0.0
2024-11-12,departure,Zurich,Istanbul IST,turkish,Departed,06:45,06:45,2024-11-12 06:45:00,2024-11-12 06:45:00,0.0
2024-11-12,departure,Zurich,Pristina,edelweiss,Departed,06:45,06:45,2024-11-12 06:45:00,2024-11-12 06:45:00,0.0
2024-11-12,departure,Zurich,London LCY,swiss,Departed,06:50,06:50,2024-11-12 06:50:00,2024-11-12 06:50:00,0.0
2024-11-12,departure,Zurich,London LHR,british,Departed,06:50,06:50,2024-11-12 06:50:00,2024-11-12 06:50:00,0.0
2024-11-12,departure,Zurich,Malta,swiss,Departed,06:55,07:00,2024-11-12 06:55:00,2024-11-12 07:00:00,5.0
2024-11-12,departure,Zurich,Madrid,swiss,Departed,06:55,06:55,2024-11-12 06:55:00,2024-11-12 06:55:00,0.0
2024-11-12,departure,Zurich,Amsterdam,klm,Departed,06:55,06:50,2024-11-12 06:55:00,2024-11-12 06:50:00,-5.0
2024-11-06,arrival,Zurich,Berlin,swiss,Landed,21:05,20:59,2024-11-06 21:05:00,2024-11-06 20:59:00,-6.0
2024-11-06,arrival,Zurich,Geneva,swiss,Landed,21:05,20:50,2024-11-06 21:05:00,2024-11-06 20:50:00,-15.0
2024-11-06,arrival,Zurich,Venice,swiss,Landed,21:10,21:04,2024-11-06 21:10:00,2024-11-06 21:04:00,-6.0
2024-11-06,arrival,Zurich,Paris CDG,swiss,Landed,21:10,20:57,2024-11-06 21:10:00,2024-11-06 20:57:00,-13.0
2024-11-06,arrival,Zurich,Luxembourg,swiss,Landed,21:10,20:58,2024-11-06 21:10:00,2024-11-06 20:58:00,-12.0
2024-11-06,arrival,Zurich,Bremen,swiss,Landed,21:15,20:49,2024-11-06 21:15:00,2024-11-06 20:49:00,-26.0
2024-11-06,arrival,Zurich,Dresden,swiss,Landed,21:15,20:54,2024-11-06 21:15:00,2024-11-06 20:54:00,-21.0
2024-11-06,arrival,Zurich,Prague,swiss,Landed,21:20,21:00,2024-11-06 21:20:00,2024-11-06 21:00:00,-20.0
2024-11-06,arrival,Zurich,Brussels,swiss,Landed,21:20,21:12,2024-11-06 21:20:00,2024-11-06 21:12:00,-8.0
2024-11-06,arrival,Zurich,Nice,swiss,Landed,21:20,21:01,2024-11-06 21:20:00,2024-11-06 21:01:00,-19.0
2024-11-06,arrival,Zurich,London LGW,swiss,Landed,21:25,21:09,2024-11-06 21:25:00,2024-11-06 21:09:00,-16.0
2024-11-06,arrival,Zurich,Düsseldorf,swiss,Landed,21:25,21:20,2024-11-06 21:25:00,2024-11-06 21:20:00,-5.0
2024-11-06,arrival,Zurich,Hanover,swiss,Landed,21:25,21:16,2024-11-06 21:25:00,2024-11-06 21:16:00,-9.0
2024-11-06,arrival,Zurich,London LHR,swiss,Landed,21:30,21:15,2024-11-06 21:30:00,2024-11-06 21:15:00,-15.0
2024-11-06,arrival,Zurich,Wroclaw,swiss,Landed,21:30,21:13,2024-11-06 21:30:00,2024-11-06 21:13:00,-17.0
2024-11-06,arrival,Zurich,Amsterdam,swiss,Landed,21:30,21:10,2024-11-06 21:30:00,2024-11-06 21:10:00,-20.0
2024-11-06,arrival,Zurich,Rome FCO,swiss,Landed,21:35,21:26,2024-11-06 21:35:00,2024-11-06 21:26:00,-9.0
2024-11-06,arrival,Zurich,Vienna,swiss,Landed,21:35,21:23,2024-11-06 21:35:00,2024-11-06 21:23:00,-12.0
2024-11-06,arrival,Zurich,Hamburg,swiss,Landed,21:35,21:33,2024-11-06 21:35:00,2024-11-06 21:33:00,-2.0
2024-11-06,arrival,Zurich,Cairo,swiss,Landed,21:40,21:39,2024-11-06 21:40:00,2024-11-06 21:39:00,-1.0
2024-11-06,arrival,Zurich,Budapest,swiss,Landed,21:40,21:42,2024-11-06 21:40:00,2024-11-06 21:42:00,2.0
2024-11-06,arrival,Zurich,Manchester,swiss,Landed,21:45,21:43,2024-11-06 21:45:00,2024-11-06 21:43:00,-2.0
2024-11-06,arrival,Zurich,Munich,swiss,Landed,21:45,21:55,2024-11-06 21:45:00,2024-11-06 21:55:00,10.0
2024-11-06,arrival,Zurich,Copenhagen,swiss,Landed,21:45,21:30,2024-11-06 21:45:00,2024-11-06 21:30:00,-15.0
2024-11-06,arrival,Zurich,Barcelona,swiss,Landed,21:50,21:53,2024-11-06 21:50:00,2024-11-06 21:53:00,3.0
2024-11-06,arrival,Zurich,Warsaw,swiss,Landed,21:50,21:50,2024-11-06 21:50:00,2024-11-06 21:50:00,0.0
2024-11-06,arrival,Zurich,Dublin,swiss,Landed,21:50,21:47,2024-11-06 21:50:00,2024-11-06 21:47:00,-3.0
2024-11-06,arrival,Zurich,Frankfurt,swiss,Landed,21:50,21:39,2024-11-06 21:50:00,2024-11-06 21:39:00,-11.0
2024-11-06,arrival,Zurich,Valencia,swiss,Landed,21:55,21:33,2024-11-06 21:55:00,2024-11-06 21:33:00,-22.0
2024-11-06,arrival,Zurich,Madrid,swiss,Landed,21:55,22:30,2024-11-06 21:55:00,2024-11-06 22:30:00,35.0
2024-11-06,arrival,Zurich,London LHR,british,Landed,22:00,21:36,2024-11-06 22:00:00,2024-11-06 21:36:00,-24.0
2024-11-06,arrival,Zurich,London LCY,swiss,Cancelled,22:00,22:00,2024-11-06 22:00:00,2024-11-06 22:00:00,0.0
2024-11-06,arrival,Zurich,Larnaca,edelweiss,Landed,22:00,22:17,2024-11-06 22:00:00,2024-11-06 22:17:00,17.0
2024-11-06,arrival,Zurich,Berlin,swiss,Landed,22:10,21:54,2024-11-06 22:10:00,2024-11-06 21:54:00,-16.0
2024-11-06,arrival,Zurich,Skopje,chair,Landed,22:15,22:09,2024-11-06 22:15:00,2024-11-06 22:09:00,-6.0
2024-11-06,arrival,Zurich,Madrid,iberia,Landed,22:20,22:44,2024-11-06 22:20:00,2024-11-06 22:44:00,24.0
2024-11-06,arrival,Zurich,Istanbul IST,turkish,Landed,22:20,21:59,2024-11-06 22:20:00,2024-11-06 21:59:00,-21.0
2024-11-06,arrival,Zurich,Paris CDG,airfrance,Landed,22:30,22:24,2024-11-06 22:30:00,2024-11-06 22:24:00,-6.0
2024-11-06,arrival,Zurich,Amsterdam,klm,Landed,22:30,22:43,2024-11-06 22:30:00,2024-11-06 22:43:00,13.0
2024-11-06,arrival,Zurich,Lisbon,tap,Landed,22:35,22:27,2024-11-06 22:35:00,2024-11-06 22:27:00,-8.0
2024-11-06,arrival,Zurich,Pristina,chair,Landed,22:35,22:08,2024-11-06 22:35:00,2024-11-06 22:08:00,-27.0
2024-11-06,arrival,Zurich,London LHR,swiss,Landed,22:45,23:11,2024-11-06 22:45:00,2024-11-06 23:11:00,26.0
2024-11-06,arrival,Zurich,Skopje,edelweiss,Landed,22:55,22:36,2024-11-06 22:55:00,2024-11-06 22:36:00,-19.0
2024-11-06,arrival,Zurich,Pristina,edelweiss,Landed,22:55,22:38,2024-11-06 22:55:00,2024-11-06 22:38:00,-17.0
2024-11-06,arrival,Zurich,Shanghai,swiss,Landed,19:00,18:53,2024-11-06 19:00:00,2024-11-06 18:53:00,-7.0
2024-11-06,arrival,Zurich,Marrakeshvia Agadir,edelweiss,Landed,19:05,19:16,2024-11-06 19:05:00,2024-11-06 19:16:00,11.0
2024-11-06,arrival,Zurich,Warsaw,lot,Landed,19:05,19:06,2024-11-06 19:05:00,2024-11-06 19:06:00,1.0
2024-11-06,arrival,Zurich,Muscat,oman,Landed,19:05,18:48,2024-11-06 19:05:00,2024-11-06 18:48:00,-17.0
2024-11-06,arrival,Zurich,Tromsø,edelweiss,Landed,19:10,18:56,2024-11-06 19:10:00,2024-11-06 18:56:00,-14.0
2024-11-06,arrival,Zurich,Frankfurt,lufthansa_neu,Landed,19:10,19:04,2024-11-06 19:10:00,2024-11-06 19:04:00,-6.0
2024-11-06,arrival,Zurich,Malaga,swiss,Landed,19:10,19:11,2024-11-06 19:10:00,2024-11-06 19:11:00,1.0
2024-11-06,arrival,Zurich,Lisbon,swiss,Landed,19:15,20:00,2024-11-06 19:15:00,2024-11-06 20:00:00,45.0
2024-11-06,arrival,Zurich,Gran Canaria,edelweiss,Landed,19:15,19:10,2024-11-06 19:15:00,2024-11-06 19:10:00,-5.0
2024-11-06,arrival,Zurich,Tenerife,edelweiss,Landed,19:15,19:15,2024-11-06 19:15:00,2024-11-06 19:15:00,0.0
2024-11-06,arrival,Zurich,Zagreb,croatia_v2,Landed,19:15,19:15,2024-11-06 19:15:00,2024-11-06 19:15:00,0.0
2024-11-06,arrival,Zurich,Pristina,gp-aviation,Landed,19:20,19:34,2024-11-06 19:20:00,2024-11-06 19:34:00,14.0
2024-11-06,arrival,Zurich,Bangkok,swiss,Landed,19:25,19:20,2024-11-06 19:25:00,2024-11-06 19:20:00,-5.0
2024-11-06,arrival,Zurich,Hamburg,euro,Landed,19:30,19:27,2024-11-06 19:30:00,2024-11-06 19:27:00,-3.0
2024-11-06,arrival,Zurich,Berlin,euro,Landed,19:30,19:21,2024-11-06 19:30:00,2024-11-06 19:21:00,-9.0
2024-11-06,arrival,Zurich,Cologne Bonn,euro,Landed,19:30,19:28,2024-11-06 19:30:00,2024-11-06 19:28:00,-2.0
2024-11-06,arrival,Zurich,Munich,lufthansa_neu,Landed,19:35,19:25,2024-11-06 19:35:00,2024-11-06 19:25:00,-10.0
2024-11-06,arrival,Zurich,Athens,swiss,Landed,19:35,19:25,2024-11-06 19:35:00,2024-11-06 19:25:00,-10.0
2024-11-06,arrival,Zurich,London LGW,easyjet,Landed,19:35,19:35,2024-11-06 19:35:00,2024-11-06 19:35:00,0.0
2024-11-06,arrival,Zurich,Copenhagen,sas,Landed,19:45,19:43,2024-11-06 19:45:00,2024-11-06 19:43:00,-2.0
2024-11-06,arrival,Zurich,Düsseldorf,swiss,Landed,19:45,19:31,2024-11-06 19:45:00,2024-11-06 19:31:00,-14.0
2024-11-06,arrival,Zurich,Brussels,swiss,Landed,19:50,19:43,2024-11-06 19:50:00,2024-11-06 19:43:00,-7.0
2024-11-06,arrival,Zurich,Dubai DXB,emirates-neu,Landed,19:50,19:32,2024-11-06 19:50:00,2024-11-06 19:32:00,-18.0
2024-11-06,arrival,Zurich,Vienna,austrian,Landed,19:50,20:18,2024-11-06 19:50:00,2024-11-06 20:18:00,28.0
2024-11-06,arrival,Zurich,Hurghada,edelweiss,Landed,19:55,19:46,2024-11-06 19:55:00,2024-11-06 19:46:00,-9.0
2024-11-06,arrival,Zurich,Belgrade,serbia,Landed,19:55,19:42,2024-11-06 19:55:00,2024-11-06 19:42:00,-13.0
2024-11-06,arrival,Zurich,London LHR,swiss,Landed,20:00,19:53,2024-11-06 20:00:00,2024-11-06 19:53:00,-7.0
2024-11-06,arrival,Zurich,Milan MXP,swiss,Landed,20:00,20:08,2024-11-06 20:00:00,2024-11-06 20:08:00,8.0
2024-11-06,arrival,Zurich,Barcelona,vueling,Landed,20:05,20:00,2024-11-06 20:05:00,2024-11-06 20:00:00,-5.0
2024-11-06,arrival,Zurich,Berlin,swiss,Landed,20:05,20:05,2024-11-06 20:05:00,2024-11-06 20:05:00,0.0
2024-11-06,arrival,Zurich,Stuttgart,swiss,Landed,20:05,19:57,2024-11-06 20:05:00,2024-11-06 19:57:00,-8.0
2024-11-06,arrival,Zurich,Hamburg,swiss,Landed,20:10,20:04,2024-11-06 20:10:00,2024-11-06 20:04:00,-6.0
2024-11-06,arrival,Zurich,Graz,swiss,Landed,20:10,20:05,2024-11-06 20:10:00,2024-11-06 20:05:00,-5.0
2024-11-06,arrival,Zurich,Düsseldorf,euro,Landed,20:10,20:01,2024-11-06 20:10:00,2024-11-06 20:01:00,-9.0
2024-11-06,arrival,Zurich,Geneva,swiss,Landed,20:10,20:19,2024-11-06 20:10:00,2024-11-06 20:19:00,9.0
2024-11-06,arrival,Zurich,Palma De Mallorca,swiss,Landed,20:15,20:11,2024-11-06 20:15:00,2024-11-06 20:11:00,-4.0
2024-11-06,arrival,Zurich,Florence,swiss,Landed,20:15,20:11,2024-11-06 20:15:00,2024-11-06 20:11:00,-4.0
2024-11-06,arrival,Zurich,London LCY,swiss,Cancelled,20:20,20:20,2024-11-06 20:20:00,2024-11-06 20:20:00,0.0
2024-11-06,arrival,Zurich,Amsterdam,swiss,Landed,20:25,20:12,2024-11-06 20:25:00,2024-11-06 20:12:00,-13.0
2024-11-06,arrival,Zurich,Berlin,easyjet,Landed,20:35,20:34,2024-11-06 20:35:00,2024-11-06 20:34:00,-1.0
2024-11-06,arrival,Zurich,Manchester,easyjet,Landed,20:50,21:04,2024-11-06 20:50:00,2024-11-06 21:04:00,14.0
2024-11-06,arrival,Zurich,Heraklion,edelweiss,Landed,17:00,16:36,2024-11-06 17:00:00,2024-11-06 16:36:00,-24.0
2024-11-06,arrival,Zurich,Lisbon,tap,Landed,17:10,19:13,2024-11-06 17:10:00,2024-11-06 19:13:00,123.0
2024-11-06,arrival,Zurich,Istanbul IST,turkish,Landed,17:10,16:58,2024-11-06 17:10:00,2024-11-06 16:58:00,-12.0
2024-11-06,arrival,Zurich,Berlin,swiss,Landed,17:15,17:04,2024-11-06 17:15:00,2024-11-06 17:04:00,-11.0
2024-11-06,arrival,Zurich,Madrid,europa,Landed,17:15,17:12,2024-11-06 17:15:00,2024-11-06 17:12:00,-3.0
2024-11-06,arrival,Zurich,Frankfurt,lufthansa_neu,Landed,17:15,17:13,2024-11-06 17:15:00,2024-11-06 17:13:00,-2.0
2024-11-06,arrival,Zurich,Stockholm ARN,swiss,Landed,17:50,17:58,2024-11-06 17:50:00,2024-11-06 17:58:00,8.0
2024-11-06,arrival,Zurich,Paris CDG,airfrance,Landed,17:55,17:49,2024-11-06 17:55:00,2024-11-06 17:49:00,-6.0
2024-11-06,arrival,Zurich,Mauritius,edelweiss,Landed,18:10,18:11,2024-11-06 18:10:00,2024-11-06 18:11:00,1.0
2024-11-06,arrival,Zurich,London LHR,british,Landed,18:15,18:24,2024-11-06 18:15:00,2024-11-06 18:24:00,9.0
2024-11-06,arrival,Zurich,Delhi,air_india_logo,Landed,18:15,17:55,2024-11-06 18:15:00,2024-11-06 17:55:00,-20.0
2024-11-06,arrival,Zurich,Bucharest OTP,swiss,Landed,18:15,17:58,2024-11-06 18:15:00,2024-11-06 17:58:00,-17.0
2024-11-06,arrival,Zurich,Helsinki,finnair,Landed,18:20,18:05,2024-11-06 18:20:00,2024-11-06 18:05:00,-15.0
2024-11-06,arrival,Zurich,Amsterdam,klm,Landed,18:25,18:27,2024-11-06 18:25:00,2024-11-06 18:27:00,2.0
2024-11-06,arrival,Zurich,Riga,baltic,Landed,18:35,18:33,2024-11-06 18:35:00,2024-11-06 18:33:00,-2.0
2024-11-06,arrival,Zurich,London LCY,british,Cancelled,18:35,18:35,2024-11-06 18:35:00,2024-11-06 18:35:00,0.0
2024-11-06,arrival,Zurich,Vienna,austrian,Landed,18:40,18:22,2024-11-06 18:40:00,2024-11-06 18:22:00,-18.0
2024-11-06,arrival,Zurich,Madrid,iberia,Landed,18:55,18:36,2024-11-06 18:55:00,2024-11-06 18:36:00,-19.0
2024-11-06,arrival,Zurich,Düsseldorf,euro,Landed,15:10,15:09,2024-11-06 15:10:00,2024-11-06 15:09:00,-1.0
2024-11-06,arrival,Zurich,Los Angeles,swiss,Landed,15:15,15:03,2024-11-06 15:15:00,2024-11-06 15:03:00,-12.0
2024-11-06,arrival,Zurich,Alicante,swiss,Landed,15:25,15:25,2024-11-06 15:25:00,2024-11-06 15:25:00,0.0
2024-11-06,arrival,Zurich,Valencia,swiss,Landed,15:25,15:18,2024-11-06 15:25:00,2024-11-06 15:18:00,-7.0
2024-11-06,arrival,Zurich,Oslo,swiss,Landed,15:30,15:08,2024-11-06 15:30:00,2024-11-06 15:08:00,-22.0
2024-11-06,arrival,Zurich,London LHR,british,Landed,15:30,15:38,2024-11-06 15:30:00,2024-11-06 15:38:00,8.0
2024-11-06,arrival,Zurich,London LTN,easyjet,Landed,15:30,15:26,2024-11-06 15:30:00,2024-11-06 15:26:00,-4.0
2024-11-06,arrival,Zurich,San Francisco,swiss,Landed,15:30,15:32,2024-11-06 15:30:00,2024-11-06 15:32:00,2.0
2024-11-06,arrival,Zurich,Porto,swiss,Landed,15:35,15:36,2024-11-06 15:35:00,2024-11-06 15:36:00,1.0
2024-11-06,arrival,Zurich,Luxembourg,swiss,Landed,15:35,15:28,2024-11-06 15:35:00,2024-11-06 15:28:00,-7.0
2024-11-06,arrival,Zurich,Stockholm ARN,swiss,Landed,15:40,15:42,2024-11-06 15:40:00,2024-11-06 15:42:00,2.0
2024-11-06,arrival,Zurich,Frankfurt,swiss,Landed,15:40,15:44,2024-11-06 15:40:00,2024-11-06 15:44:00,4.0
2024-11-06,arrival,Zurich,Malaga,swiss,Landed,15:40,15:34,2024-11-06 15:40:00,2024-11-06 15:34:00,-6.0
2024-11-06,arrival,Zurich,Athens,swiss,Landed,15:45,15:41,2024-11-06 15:45:00,2024-11-06 15:41:00,-4.0
2024-11-06,arrival,Zurich,Geneva,swiss,Landed,15:45,15:43,2024-11-06 15:45:00,2024-11-06 15:43:00,-2.0
2024-11-06,arrival,Zurich,Faro,edelweiss,Landed,15:55,15:57,2024-11-06 15:55:00,2024-11-06 15:57:00,2.0
2024-11-06,arrival,Zurich,Hurghada,chair,Landed,15:55,16:03,2024-11-06 15:55:00,2024-11-06 16:03:00,8.0
2024-11-06,arrival,Zurich,Düsseldorf,swiss,Landed,16:00,15:57,2024-11-06 16:00:00,2024-11-06 15:57:00,-3.0
2024-11-06,arrival,Zurich,Lisbon,swiss,Landed,16:00,17:10,2024-11-06 16:00:00,2024-11-06 17:10:00,70.0
2024-11-06,arrival,Zurich,Stuttgart,swiss,Landed,16:00,15:52,2024-11-06 16:00:00,2024-11-06 15:52:00,-8.0
2024-11-06,arrival,Zurich,London LCY,swiss,Landed,16:05,16:53,2024-11-06 16:05:00,2024-11-06 16:53:00,48.0
2024-11-06,arrival,Zurich,Dublin,swiss,Landed,16:05,15:59,2024-11-06 16:05:00,2024-11-06 15:59:00,-6.0
2024-11-06,arrival,Zurich,Nice,swiss,Landed,16:05,15:54,2024-11-06 16:05:00,2024-11-06 15:54:00,-11.0
2024-11-06,arrival,Zurich,Bologna,swiss,Landed,16:10,16:20,2024-11-06 16:10:00,2024-11-06 16:20:00,10.0
2024-11-06,arrival,Zurich,Prague,swiss,Landed,16:10,15:57,2024-11-06 16:10:00,2024-11-06 15:57:00,-13.0
2024-11-06,arrival,Zurich,Palma De Mallorca,chair,Landed,16:10,16:12,2024-11-06 16:10:00,2024-11-06 16:12:00,2.0
2024-11-06,arrival,Zurich,Ljubljana,swiss,Landed,16:10,16:00,2024-11-06 16:10:00,2024-11-06 16:00:00,-10.0
2024-11-06,arrival,Zurich,Milan MXP,swiss,Landed,16:15,16:05,2024-11-06 16:15:00,2024-11-06 16:05:00,-10.0
2024-11-06,arrival,Zurich,Tallinn,swiss,Landed,16:15,16:08,2024-11-06 16:15:00,2024-11-06 16:08:00,-7.0
2024-11-06,arrival,Zurich,Paris CDG,swiss,Landed,16:20,16:39,2024-11-06 16:20:00,2024-11-06 16:39:00,19.0
2024-11-06,arrival,Zurich,Vienna,swiss,Landed,16:20,16:11,2024-11-06 16:20:00,2024-11-06 16:11:00,-9.0
2024-11-06,arrival,Zurich,Berlin,swiss,Landed,16:20,16:17,2024-11-06 16:20:00,2024-11-06 16:17:00,-3.0
2024-11-06,arrival,Zurich,Rome FCO,swiss,Landed,16:25,16:28,2024-11-06 16:25:00,2024-11-06 16:28:00,3.0
2024-11-06,arrival,Zurich,Venice,swiss,Landed,16:25,16:11,2024-11-06 16:25:00,2024-11-06 16:11:00,-14.0
2024-11-06,arrival,Zurich,Florence,swiss,Landed,16:25,16:17,2024-11-06 16:25:00,2024-11-06 16:17:00,-8.0
2024-11-06,arrival,Zurich,Brussels,swiss,Landed,16:25,16:18,2024-11-06 16:25:00,2024-11-06 16:18:00,-7.0
2024-11-06,arrival,Zurich,Belgrade,swiss,Landed,16:30,16:41,2024-11-06 16:30:00,2024-11-06 16:41:00,11.0
2024-11-06,arrival,Zurich,Krakow,swiss,Landed,16:30,16:38,2024-11-06 16:30:00,2024-11-06 16:38:00,8.0
2024-11-06,arrival,Zurich,Munich,lufthansa_neu,Landed,16:30,16:22,2024-11-06 16:30:00,2024-11-06 16:22:00,-8.0
2024-11-06,arrival,Zurich,Marseille,swiss,Landed,16:35,16:13,2024-11-06 16:35:00,2024-11-06 16:13:00,-22.0
2024-11-06,arrival,Zurich,Budapest,swiss,Landed,16:35,17:00,2024-11-06 16:35:00,2024-11-06 17:00:00,25.0
2024-11-06,arrival,Zurich,Košice,swiss,Landed,16:35,16:23,2024-11-06 16:35:00,2024-11-06 16:23:00,-12.0
2024-11-06,arrival,Zurich,Warsaw,swiss,Landed,16:35,16:23,2024-11-06 16:35:00,2024-11-06 16:23:00,-12.0
2024-11-06,arrival,Zurich,Barcelona,swiss,Landed,16:40,17:25,2024-11-06 16:40:00,2024-11-06 17:25:00,45.0
2024-11-06,arrival,Zurich,London LHR,british,Landed,16:40,16:50,2024-11-06 16:40:00,2024-11-06 16:50:00,10.0
2024-11-06,arrival,Zurich,Hamburg,swiss,Landed,16:40,16:50,2024-11-06 16:40:00,2024-11-06 16:50:00,10.0
2024-11-06,arrival,Zurich,Amsterdam,klm,Landed,16:45,16:46,2024-11-06 16:45:00,2024-11-06 16:46:00,1.0
2024-11-06,arrival,Zurich,Split,edelweiss,Landed,16:45,17:03,2024-11-06 16:45:00,2024-11-06 17:03:00,18.0
2024-11-06,arrival,Zurich,London LHR,swiss,Landed,16:45,16:28,2024-11-06 16:45:00,2024-11-06 16:28:00,-17.0
2024-11-06,arrival,Zurich,Copenhagen,swiss,Landed,16:45,16:47,2024-11-06 16:45:00,2024-11-06 16:47:00,2.0
2024-11-06,arrival,Zurich,Amsterdam,swiss,Landed,16:50,16:32,2024-11-06 16:50:00,2024-11-06 16:32:00,-18.0
2024-11-06,arrival,Zurich,Malta,km_malta_airlines,Landed,16:50,16:40,2024-11-06 16:50:00,2024-11-06 16:40:00,-10.0
2024-11-06,arrival,Zurich,Palma De Mallorca,swiss,Landed,16:55,16:46,2024-11-06 16:55:00,2024-11-06 16:46:00,-9.0
2024-11-06,arrival,Zurich,Istanbul SAW,ajet_logo,Landed,13:10,13:31,2024-11-06 13:10:00,2024-11-06 13:31:00,21.0
2024-11-06,arrival,Zurich,Amsterdam,klm,Landed,13:35,13:30,2024-11-06 13:35:00,2024-11-06 13:30:00,-5.0
2024-11-06,arrival,Zurich,Riyadh,saudia_logo,Landed,13:45,13:10,2024-11-06 13:45:00,2024-11-06 13:10:00,-35.0
2024-11-06,arrival,Zurich,Istanbul IST,turkish,Landed,13:55,14:06,2024-11-06 13:55:00,2024-11-06 14:06:00,11.0
2024-11-06,arrival,Zurich,Frankfurt,lufthansa_neu,Landed,13:55,13:52,2024-11-06 13:55:00,2024-11-06 13:52:00,-3.0
2024-11-06,arrival,Zurich,Split,croatia_v2,Landed,14:05,14:23,2024-11-06 14:05:00,2024-11-06 14:23:00,18.0
2024-11-06,arrival,Zurich,London LCY,british,Landed,14:10,15:21,2024-11-06 14:10:00,2024-11-06 15:21:00,71.0
2024-11-06,arrival,Zurich,Vienna,austrian,Landed,14:20,14:03,2024-11-06 14:20:00,2024-11-06 14:03:00,-17.0
2024-11-06,arrival,Zurich,London LHR,swiss,Landed,14:45,14:48,2024-11-06 14:45:00,2024-11-06 14:48:00,3.0
2024-11-06,arrival,Zurich,Istanbul SAW,pegasus,Landed,14:50,15:17,2024-11-06 14:50:00,2024-11-06 15:17:00,27.0
2024-11-06,arrival,Zurich,Hamburg,euro,Landed,14:55,14:54,2024-11-06 14:55:00,2024-11-06 14:54:00,-1.0
2024-11-06,arrival,Zurich,Hamburg,swiss,Landed,11:00,11:12,2024-11-06 11:00:00,2024-11-06 11:12:00,12.0
2024-11-06,arrival,Zurich,Düsseldorf,swiss,Landed,11:00,10:58,2024-11-06 11:00:00,2024-11-06 10:58:00,-2.0
2024-11-06,arrival,Zurich,Geneva,swiss,Landed,11:00,10:52,2024-11-06 11:00:00,2024-11-06 10:52:00,-8.0
2024-11-06,arrival,Zurich,Amsterdam,klm,Landed,11:05,11:21,2024-11-06 11:05:00,2024-11-06 11:21:00,16.0
2024-11-06,arrival,Zurich,Brussels,swiss,Landed,11:05,11:13,2024-11-06 11:05:00,2024-11-06 11:13:00,8.0
2024-11-06,arrival,Zurich,Bologna,swiss,Landed,11:05,11:04,2024-11-06 11:05:00,2024-11-06 11:04:00,-1.0
2024-11-06,arrival,Zurich,Berlin,swiss,Landed,11:05,10:53,2024-11-06 11:05:00,2024-11-06 10:53:00,-12.0
2024-11-06,arrival,Zurich,Boston,swiss,Landed,11:10,11:16,2024-11-06 11:10:00,2024-11-06 11:16:00,6.0
2024-11-06,arrival,Zurich,Vienna,swiss,Landed,11:10,11:12,2024-11-06 11:10:00,2024-11-06 11:12:00,2.0
2024-11-06,arrival,Zurich,Prague,swiss,Landed,11:10,11:03,2024-11-06 11:10:00,2024-11-06 11:03:00,-7.0
2024-11-06,arrival,Zurich,Madrid,iberia,Landed,11:10,11:02,2024-11-06 11:10:00,2024-11-06 11:02:00,-8.0
2024-11-06,arrival,Zurich,Budapest,swiss,Landed,11:15,11:24,2024-11-06 11:15:00,2024-11-06 11:24:00,9.0
2024-11-06,arrival,Zurich,Amsterdam,swiss,Landed,11:15,11:25,2024-11-06 11:15:00,2024-11-06 11:25:00,10.0
2024-11-06,arrival,Zurich,Rome FCO,swiss,Landed,11:20,11:50,2024-11-06 11:20:00,2024-11-06 11:50:00,30.0
2024-11-06,arrival,Zurich,Paris CDG,swiss,Landed,11:20,11:31,2024-11-06 11:20:00,2024-11-06 11:31:00,11.0
2024-11-06,arrival,Zurich,Nice,swiss,Landed,11:20,11:32,2024-11-06 11:20:00,2024-11-06 11:32:00,12.0
2024-11-06,arrival,Zurich,Hanover,swiss,Landed,11:25,11:03,2024-11-06 11:25:00,2024-11-06 11:03:00,-22.0
2024-11-06,arrival,Zurich,Belgrade,swiss,Landed,11:25,11:37,2024-11-06 11:25:00,2024-11-06 11:37:00,12.0
2024-11-06,arrival,Zurich,Stuttgart,swiss,Landed,11:25,11:19,2024-11-06 11:25:00,2024-11-06 11:19:00,-6.0
2024-11-06,arrival,Zurich,Geneva,swiss,Landed,11:30,11:29,2024-11-06 11:30:00,2024-11-06 11:29:00,-1.0
2024-11-06,arrival,Zurich,Birmingham,swiss,Landed,11:35,11:41,2024-11-06 11:35:00,2024-11-06 11:41:00,6.0
2024-11-06,arrival,Zurich,Luxembourg,swiss,Landed,11:35,11:30,2024-11-06 11:35:00,2024-11-06 11:30:00,-5.0
2024-11-06,arrival,Zurich,Barcelona,swiss,Landed,11:40,11:47,2024-11-06 11:40:00,2024-11-06 11:47:00,7.0
2024-11-06,arrival,Zurich,Copenhagen,swiss,Landed,11:40,11:54,2024-11-06 11:40:00,2024-11-06 11:54:00,14.0
2024-11-06,arrival,Zurich,London LHR,british,Landed,11:40,11:50,2024-11-06 11:40:00,2024-11-06 11:50:00,10.0
2024-11-06,arrival,Zurich,Newark,swiss,Landed,11:40,11:41,2024-11-06 11:40:00,2024-11-06 11:41:00,1.0
2024-11-06,arrival,Zurich,Cancun,edelweiss,Landed,11:45,12:11,2024-11-06 11:45:00,2024-11-06 12:11:00,26.0
2024-11-06,arrival,Zurich,Pristina,edelweiss,Landed,11:50,11:49,2024-11-06 11:50:00,2024-11-06 11:49:00,-1.0
2024-11-06,arrival,Zurich,Warsaw,swiss,Landed,11:50,11:55,2024-11-06 11:50:00,2024-11-06 11:55:00,5.0
2024-11-06,arrival,Zurich,London LHR,swiss,Landed,11:50,12:02,2024-11-06 11:50:00,2024-11-06 12:02:00,12.0
2024-11-06,arrival,Zurich,Manchester,swiss,Landed,11:55,12:02,2024-11-06 11:55:00,2024-11-06 12:02:00,7.0
2024-11-06,arrival,Zurich,London LCY,swiss,Cancelled,12:00,12:00,2024-11-06 12:00:00,2024-11-06 12:00:00,0.0
2024-11-06,arrival,Zurich,Gothenburg,swiss,Landed,12:05,11:59,2024-11-06 12:05:00,2024-11-06 11:59:00,-6.0
2024-11-06,arrival,Zurich,Geneva,swiss,Landed,12:05,11:59,2024-11-06 12:05:00,2024-11-06 11:59:00,-6.0
2024-11-06,arrival,Zurich,Oslo,sas,Landed,12:10,11:59,2024-11-06 12:10:00,2024-11-06 11:59:00,-11.0
2024-11-06,arrival,Zurich,Berlin,swiss,Landed,12:15,12:04,2024-11-06 12:15:00,2024-11-06 12:04:00,-11.0
2024-11-06,arrival,Zurich,Madrid,swiss,Landed,12:20,12:26,2024-11-06 12:20:00,2024-11-06 12:26:00,6.0
2024-11-06,arrival,Zurich,Hamburg,swiss,Landed,12:20,12:15,2024-11-06 12:20:00,2024-11-06 12:15:00,-5.0
2024-11-06,arrival,Zurich,Palermo,swiss,Landed,12:25,12:56,2024-11-06 12:25:00,2024-11-06 12:56:00,31.0
2024-11-06,arrival,Zurich,Dubai DXB,emirates-neu,Landed,12:25,12:05,2024-11-06 12:25:00,2024-11-06 12:05:00,-20.0
2024-11-06,arrival,Zurich,Lisbon,tap,Landed,12:40,13:50,2024-11-06 12:40:00,2024-11-06 13:50:00,70.0
2024-11-06,arrival,Zurich,Antalya,sun,Landed,12:50,13:07,2024-11-06 12:50:00,2024-11-06 13:07:00,17.0
2024-11-06,arrival,Zurich,Munich,lufthansa_neu,Landed,12:55,13:00,2024-11-06 12:55:00,2024-11-06 13:00:00,5.0
2024-11-06,arrival,Zurich,Hamburg,euro,Landed,09:05,08:56,2024-11-06 09:05:00,2024-11-06 08:56:00,-9.0
2024-11-06,arrival,Zurich,London LCY,british,Landed,09:30,09:22,2024-11-06 09:30:00,2024-11-06 09:22:00,-8.0
2024-11-06,arrival,Zurich,London LHR,british,Landed,09:30,09:19,2024-11-06 09:30:00,2024-11-06 09:19:00,-11.0
2024-11-06,arrival,Zurich,Warsaw,lot,Landed,09:35,09:44,2024-11-06 09:35:00,2024-11-06 09:44:00,9.0
2024-11-06,arrival,Zurich,Thessaloniki,aegan,Landed,09:40,09:16,2024-11-06 09:40:00,2024-11-06 09:16:00,-24.0
2024-11-06,arrival,Zurich,Madrid,europa,Landed,09:45,09:33,2024-11-06 09:45:00,2024-11-06 09:33:00,-12.0
2024-11-06,arrival,Zurich,Porto,easyjet,Landed,09:45,09:47,2024-11-06 09:45:00,2024-11-06 09:47:00,2.0
2024-11-06,arrival,Zurich,Copenhagen,sas,Landed,09:45,09:50,2024-11-06 09:45:00,2024-11-06 09:50:00,5.0
2024-11-06,arrival,Zurich,Helsinki,finnair,Landed,09:50,09:47,2024-11-06 09:50:00,2024-11-06 09:47:00,-3.0
2024-11-06,arrival,Zurich,Vienna,austrian,Landed,09:50,09:35,2024-11-06 09:50:00,2024-11-06 09:35:00,-15.0
2024-11-06,arrival,Zurich,Paris CDG,airfrance,Landed,09:50,09:50,2024-11-06 09:50:00,2024-11-06 09:50:00,0.0
2024-11-06,arrival,Zurich,Istanbul IST,turkish,Landed,09:50,09:38,2024-11-06 09:50:00,2024-11-06 09:38:00,-12.0
2024-11-06,arrival,Zurich,Frankfurt,swiss,Landed,10:05,10:14,2024-11-06 10:05:00,2024-11-06 10:14:00,9.0
2024-11-06,arrival,Zurich,Zagreb,croatia_v2,Landed,10:05,10:26,2024-11-06 10:05:00,2024-11-06 10:26:00,21.0
2024-11-06,arrival,Zurich,Munich,swiss,Landed,10:10,10:04,2024-11-06 10:10:00,2024-11-06 10:04:00,-6.0
2024-11-06,arrival,Zurich,Lisbon,easyjet,Landed,10:10,09:56,2024-11-06 10:10:00,2024-11-06 09:56:00,-14.0
2024-11-06,arrival,Zurich,Athens,aegan,Landed,10:20,10:14,2024-11-06 10:20:00,2024-11-06 10:14:00,-6.0
2024-11-06,arrival,Zurich,Toronto,canada,Landed,10:25,10:09,2024-11-06 10:25:00,2024-11-06 10:09:00,-16.0
2024-11-06,arrival,Zurich,Frankfurt,lufthansa_neu,Landed,10:30,10:24,2024-11-06 10:30:00,2024-11-06 10:24:00,-6.0
2024-11-06,arrival,Zurich,New York,delta,Landed,10:30,10:38,2024-11-06 10:30:00,2024-11-06 10:38:00,8.0
2024-11-06,arrival,Zurich,Istanbul SAW,pegasus,Landed,10:35,10:57,2024-11-06 10:35:00,2024-11-06 10:57:00,22.0
2024-11-06,arrival,Zurich,Sao Paulo,swiss,Landed,10:35,10:45,2024-11-06 10:35:00,2024-11-06 10:45:00,10.0
2024-11-06,arrival,Zurich,Washington,swiss,Landed,10:35,11:15,2024-11-06 10:35:00,2024-11-06 11:15:00,40.0
2024-11-06,arrival,Zurich,New York,swiss,Landed,10:40,10:36,2024-11-06 10:40:00,2024-11-06 10:36:00,-4.0
2024-11-06,arrival,Zurich,Chicago,swiss,Landed,10:45,11:06,2024-11-06 10:45:00,2024-11-06 11:06:00,21.0
2024-11-06,arrival,Zurich,Pristina,chair,Landed,10:45,10:42,2024-11-06 10:45:00,2024-11-06 10:42:00,-3.0
2024-11-06,arrival,Zurich,Miami,swiss,Landed,10:50,11:28,2024-11-06 10:50:00,2024-11-06 11:28:00,38.0
2024-11-06,arrival,Zurich,Florence,swiss,Landed,10:55,10:46,2024-11-06 10:55:00,2024-11-06 10:46:00,-9.0
2024-11-06,arrival,Zurich,Venice,swiss,Landed,10:55,10:49,2024-11-06 10:55:00,2024-11-06 10:49:00,-6.0
2024-11-06,arrival,Zurich,Milan MXP,swiss,Landed,10:55,10:31,2024-11-06 10:55:00,2024-11-06 10:31:00,-24.0
2024-11-06,arrival,Zurich,Tel Aviv,elalisrael,Landed,10:55,10:34,2024-11-06 10:55:00,2024-11-06 10:34:00,-21.0
2024-11-06,arrival,Zurich,Doha,qatar,Landed,07:10,06:38,2024-11-06 07:10:00,2024-11-06 06:38:00,-32.0
2024-11-06,arrival,Zurich,Hong Kong,cathay,Landed,07:30,07:18,2024-11-06 07:30:00,2024-11-06 07:18:00,-12.0
2024-11-06,arrival,Zurich,Addis Ababavia Milan,ethiopianairlineslogosvg,Landed,07:40,07:16,2024-11-06 07:40:00,2024-11-06 07:16:00,-24.0
2024-11-06,arrival,Zurich,Washington,united,Landed,07:40,07:58,2024-11-06 07:40:00,2024-11-06 07:58:00,18.0
2024-11-06,arrival,Zurich,Berlin,easyjet,Landed,07:45,07:32,2024-11-06 07:45:00,2024-11-06 07:32:00,-13.0
2024-11-06,arrival,Zurich,Milan MXP,swiss,Landed,07:45,07:39,2024-11-06 07:45:00,2024-11-06 07:39:00,-6.0
2024-11-06,arrival,Zurich,Cologne Bonn,euro,Landed,07:45,07:44,2024-11-06 07:45:00,2024-11-06 07:44:00,-1.0
2024-11-06,arrival,Zurich,Singapore,singapore,Landed,07:50,09:40,2024-11-06 07:50:00,2024-11-06 09:40:00,110.0
2024-11-06,arrival,Zurich,Ljubljana,swiss,Landed,07:50,07:56,2024-11-06 07:50:00,2024-11-06 07:56:00,6.0
2024-11-06,arrival,Zurich,Düsseldorf,euro,Landed,07:55,07:53,2024-11-06 07:55:00,2024-11-06 07:53:00,-2.0
2024-11-06,arrival,Zurich,Brussels,brussels_airlines_logo,Landed,07:55,07:46,2024-11-06 07:55:00,2024-11-06 07:46:00,-9.0
2024-11-06,arrival,Zurich,Budapest,swiss,Landed,07:55,08:01,2024-11-06 07:55:00,2024-11-06 08:01:00,6.0
2024-11-06,arrival,Zurich,Bucharest OTP,swiss,Landed,08:05,07:53,2024-11-06 08:05:00,2024-11-06 07:53:00,-12.0
2024-11-06,arrival,Zurich,Prague,swiss,Landed,08:10,07:50,2024-11-06 08:10:00,2024-11-06 07:50:00,-20.0
2024-11-06,arrival,Zurich,Malaga,swiss,Landed,08:15,08:10,2024-11-06 08:15:00,2024-11-06 08:10:00,-5.0
2024-11-06,arrival,Zurich,Amsterdam,klm,Landed,08:15,08:05,2024-11-06 08:15:00,2024-11-06 08:05:00,-10.0
2024-11-06,arrival,Zurich,Berlin,euro,Landed,08:15,08:02,2024-11-06 08:15:00,2024-11-06 08:02:00,-13.0
2024-11-06,arrival,Zurich,Philadelphia,american,Landed,08:15,08:25,2024-11-06 08:15:00,2024-11-06 08:25:00,10.0
2024-11-06,arrival,Zurich,Frankfurt,lufthansa_neu,Landed,08:20,08:21,2024-11-06 08:20:00,2024-11-06 08:21:00,1.0
2024-11-06,arrival,Zurich,Vienna,austrian,Landed,08:25,08:15,2024-11-06 08:25:00,2024-11-06 08:15:00,-10.0
2024-11-06,arrival,Zurich,Amsterdam,swiss,Landed,08:25,08:17,2024-11-06 08:25:00,2024-11-06 08:17:00,-8.0
2024-11-06,arrival,Zurich,Barcelona,swiss,Landed,08:30,08:59,2024-11-06 08:30:00,2024-11-06 08:59:00,29.0
2024-11-06,arrival,Zurich,Paris CDG,swiss,Landed,08:30,08:08,2024-11-06 08:30:00,2024-11-06 08:08:00,-22.0
2024-11-06,arrival,Zurich,Geneva,swiss,Landed,08:30,08:26,2024-11-06 08:30:00,2024-11-06 08:26:00,-4.0
2024-11-06,arrival,Zurich,Stockholm ARN,swiss,Landed,08:35,08:33,2024-11-06 08:35:00,2024-11-06 08:33:00,-2.0
2024-11-06,arrival,Zurich,Newark,united,Landed,08:40,08:45,2024-11-06 08:40:00,2024-11-06 08:45:00,5.0
2024-11-06,arrival,Zurich,London LHR,swiss,Landed,08:40,08:31,2024-11-06 08:40:00,2024-11-06 08:31:00,-9.0
2024-11-06,arrival,Zurich,Munich,lufthansa_neu,Landed,08:45,08:40,2024-11-06 08:45:00,2024-11-06 08:40:00,-5.0
2024-11-06,arrival,Zurich,Copenhagen,swiss,Landed,08:45,08:35,2024-11-06 08:45:00,2024-11-06 08:35:00,-10.0
2024-11-06,arrival,Zurich,Berlin,swiss,Landed,08:45,08:44,2024-11-06 08:45:00,2024-11-06 08:44:00,-1.0
2024-11-06,arrival,Zurich,Barcelona,vueling,Landed,08:50,08:36,2024-11-06 08:50:00,2024-11-06 08:36:00,-14.0
2024-11-06,arrival,Zurich,Belgrade,serbia,Landed,08:50,08:53,2024-11-06 08:50:00,2024-11-06 08:53:00,3.0
2024-11-06,arrival,Zurich,Athens,swiss,Landed,08:55,08:47,2024-11-06 08:55:00,2024-11-06 08:47:00,-8.0
2024-11-06,arrival,Zurich,Singapore,swiss,Landed,06:10,06:16,2024-11-06 06:10:00,2024-11-06 06:16:00,6.0
2024-11-06,arrival,Zurich,Mumbai,swiss,Landed,06:10,06:14,2024-11-06 06:10:00,2024-11-06 06:14:00,4.0
2024-11-06,arrival,Zurich,New York,swiss,Landed,06:10,06:07,2024-11-06 06:10:00,2024-11-06 06:07:00,-3.0
2024-11-06,arrival,Zurich,Hong Kong,swiss,Landed,06:10,06:18,2024-11-06 06:10:00,2024-11-06 06:18:00,8.0
2024-11-06,arrival,Zurich,Johannesburg,swiss,Landed,06:15,06:22,2024-11-06 06:15:00,2024-11-06 06:22:00,7.0
2024-11-06,arrival,Zurich,Dubai DXB,swiss,Landed,06:15,06:10,2024-11-06 06:15:00,2024-11-06 06:10:00,-5.0
2024-11-06,arrival,Zurich,Montreal,swiss,Landed,06:15,06:20,2024-11-06 06:15:00,2024-11-06 06:20:00,5.0
2024-11-06,arrival,Zurich,Cape Town,edelweiss,Landed,06:20,06:24,2024-11-06 06:20:00,2024-11-06 06:24:00,4.0
2024-11-06,arrival,Zurich,Kilimanjarovia Zanzibar,edelweiss,Landed,06:20,06:42,2024-11-06 06:20:00,2024-11-06 06:42:00,22.0
2024-11-06,arrival,Zurich,Delhi,swiss,Landed,06:20,06:38,2024-11-06 06:20:00,2024-11-06 06:38:00,18.0
2024-11-06,arrival,Zurich,Abu Dhabi AUH,etihad,Landed,06:30,06:26,2024-11-06 06:30:00,2024-11-06 06:26:00,-4.0
2024-11-06,arrival,Zurich,Boston,swiss,Landed,06:35,06:36,2024-11-06 06:35:00,2024-11-06 06:36:00,1.0
2024-11-06,arrival,Zurich,Bangkok,thai,Landed,06:55,07:17,2024-11-06 06:55:00,2024-11-06 07:17:00,22.0
2024-11-06,departure,Zurich,Athens,swiss,Departed,21:00,21:00,2024-11-06 21:00:00,2024-11-06 21:00:00,0.0
2024-11-06,departure,Zurich,Prague,swiss,Departed,21:00,21:00,2024-11-06 21:00:00,2024-11-06 21:00:00,0.0
2024-11-06,departure,Zurich,Geneva,swiss,Departed,21:00,21:00,2024-11-06 21:00:00,2024-11-06 21:00:00,0.0
2024-11-06,departure,Zurich,Bucharest OTP,swiss,Departed,21:10,21:10,2024-11-06 21:10:00,2024-11-06 21:10:00,0.0
2024-11-06,departure,Zurich,Barcelona,swiss,Departed,21:10,21:10,2024-11-06 21:10:00,2024-11-06 21:10:00,0.0
2024-11-06,departure,Zurich,Budapest,swiss,Departed,21:10,21:10,2024-11-06 21:10:00,2024-11-06 21:10:00,0.0
2024-11-06,departure,Zurich,Copenhagen,swiss,Departed,21:15,21:15,2024-11-06 21:15:00,2024-11-06 21:15:00,0.0
2024-11-06,departure,Zurich,Ljubljana,swiss,Departed,21:15,21:20,2024-11-06 21:15:00,2024-11-06 21:20:00,5.0
2024-11-06,departure,Zurich,Berlin,easyjet,Departed,21:20,21:15,2024-11-06 21:20:00,2024-11-06 21:15:00,-5.0
2024-11-06,departure,Zurich,Manchester,easyjet,Departed,21:30,21:39,2024-11-06 21:30:00,2024-11-06 21:39:00,9.0
2024-11-06,departure,Zurich,Muscat,oman,Departed,21:35,21:40,2024-11-06 21:35:00,2024-11-06 21:40:00,5.0
2024-11-06,departure,Zurich,Dubai DXB,emirates-neu,Departed,21:50,21:45,2024-11-06 21:50:00,2024-11-06 21:45:00,-5.0
2024-11-06,departure,Zurich,Malaga,swiss,Departed,22:25,22:25,2024-11-06 22:25:00,2024-11-06 22:25:00,0.0
2024-11-06,departure,Zurich,Singapore,swiss,Departed,22:40,22:46,2024-11-06 22:40:00,2024-11-06 22:46:00,6.0
2024-11-06,departure,Zurich,Sao Paulo,swiss,Departed,22:40,22:40,2024-11-06 22:40:00,2024-11-06 22:40:00,0.0
2024-11-06,departure,Zurich,Hong Kong,swiss,Departed,22:40,22:45,2024-11-06 22:40:00,2024-11-06 22:45:00,5.0
2024-11-06,departure,Zurich,Johannesburg,swiss,Departed,22:45,22:35,2024-11-06 22:45:00,2024-11-06 22:35:00,-10.0
2024-11-06,departure,Zurich,Munich,swiss,Departed,19:05,19:05,2024-11-06 19:05:00,2024-11-06 19:05:00,0.0
2024-11-06,departure,Zurich,Helsinki,finnair,Departed,19:05,18:55,2024-11-06 19:05:00,2024-11-06 18:55:00,-10.0
2024-11-06,departure,Zurich,Amsterdam,klm,Departed,19:10,19:10,2024-11-06 19:10:00,2024-11-06 19:10:00,0.0
2024-11-06,departure,Zurich,London LCY,british,Cancelled,19:15,19:15,2024-11-06 19:15:00,2024-11-06 19:15:00,0.0
2024-11-06,departure,Zurich,London LHR,british,Departed,19:15,19:40,2024-11-06 19:15:00,2024-11-06 19:40:00,25.0
2024-11-06,departure,Zurich,Riga,baltic,Departed,19:20,19:25,2024-11-06 19:20:00,2024-11-06 19:25:00,5.0
2024-11-06,departure,Zurich,Vienna,austrian,Departed,19:25,19:25,2024-11-06 19:25:00,2024-11-06 19:25:00,0.0
2024-11-06,departure,Zurich,Madrid,iberia,Departed,19:40,19:30,2024-11-06 19:40:00,2024-11-06 19:30:00,-10.0
2024-11-06,departure,Zurich,Delhi,air_india_logo,Departed,19:50,19:50,2024-11-06 19:50:00,2024-11-06 19:50:00,0.0
2024-11-06,departure,Zurich,Zagreb,croatia_v2,Departed,19:55,19:55,2024-11-06 19:55:00,2024-11-06 19:55:00,0.0
2024-11-06,departure,Zurich,Warsaw,lot,Departed,19:55,20:20,2024-11-06 19:55:00,2024-11-06 20:20:00,25.0
2024-11-06,departure,Zurich,Frankfurt,lufthansa_neu,Departed,20:05,20:05,2024-11-06 20:05:00,2024-11-06 20:05:00,0.0
2024-11-06,departure,Zurich,Berlin,euro,Departed,20:10,20:00,2024-11-06 20:10:00,2024-11-06 20:00:00,-10.0
2024-11-06,departure,Zurich,Cologne Bonn,euro,Departed,20:10,20:10,2024-11-06 20:10:00,2024-11-06 20:10:00,0.0
2024-11-06,departure,Zurich,Hamburg,euro,Departed,20:10,20:10,2024-11-06 20:10:00,2024-11-06 20:10:00,0.0
2024-11-06,departure,Zurich,Munich,lufthansa_neu,Departed,20:15,20:15,2024-11-06 20:15:00,2024-11-06 20:15:00,0.0
2024-11-06,departure,Zurich,Addis Ababavia Milan,ethiopianairlineslogosvg,Departed,20:15,20:15,2024-11-06 20:15:00,2024-11-06 20:15:00,0.0
2024-11-06,departure,Zurich,London LGW,easyjet,Departed,20:15,20:20,2024-11-06 20:15:00,2024-11-06 20:20:00,5.0
2024-11-06,departure,Zurich,Pristina,gp-aviation,Departed,20:20,20:20,2024-11-06 20:20:00,2024-11-06 20:20:00,0.0
2024-11-06,departure,Zurich,Copenhagen,sas,Departed,20:25,20:25,2024-11-06 20:25:00,2024-11-06 20:25:00,0.0
2024-11-06,departure,Zurich,Belgrade,serbia,Departed,20:40,20:30,2024-11-06 20:40:00,2024-11-06 20:30:00,-10.0
2024-11-06,departure,Zurich,Vienna,austrian,Departed,20:45,21:00,2024-11-06 20:45:00,2024-11-06 21:00:00,15.0
2024-11-06,departure,Zurich,Amsterdam,swiss,Departed,20:45,20:50,2024-11-06 20:45:00,2024-11-06 20:50:00,5.0
2024-11-06,departure,Zurich,Düsseldorf,euro,Departed,20:50,20:50,2024-11-06 20:50:00,2024-11-06 20:50:00,0.0
2024-11-06,departure,Zurich,Milan MXP,swiss,Cancelled,20:50,20:50,2024-11-06 20:50:00,2024-11-06 20:50:00,0.0
2024-11-06,departure,Zurich,Barcelona,vueling,Departed,20:50,20:50,2024-11-06 20:50:00,2024-11-06 20:50:00,0.0
2024-11-06,departure,Zurich,Stockholm ARN,swiss,Departed,20:55,21:01,2024-11-06 20:55:00,2024-11-06 21:01:00,6.0
2024-11-06,departure,Zurich,Berlin,swiss,Departed,20:55,20:55,2024-11-06 20:55:00,2024-11-06 20:55:00,0.0
2024-11-06,departure,Zurich,London LHR,swiss,Departed,20:55,21:00,2024-11-06 20:55:00,2024-11-06 21:00:00,5.0
2024-11-06,departure,Zurich,Paris CDG,swiss,Departed,20:55,20:55,2024-11-06 20:55:00,2024-11-06 20:55:00,0.0
2024-11-06,departure,Zurich,London LHR,swiss,Departed,17:00,17:05,2024-11-06 17:00:00,2024-11-06 17:05:00,5.0
2024-11-06,departure,Zurich,Graz,swiss,Departed,17:00,17:05,2024-11-06 17:00:00,2024-11-06 17:05:00,5.0
2024-11-06,departure,Zurich,Warsaw,swiss,Departed,17:00,17:20,2024-11-06 17:00:00,2024-11-06 17:20:00,20.0
2024-11-06,departure,Zurich,Manchester,swiss,Departed,17:05,17:05,2024-11-06 17:05:00,2024-11-06 17:05:00,0.0
2024-11-06,departure,Zurich,Florence,swiss,Departed,17:05,17:05,2024-11-06 17:05:00,2024-11-06 17:05:00,0.0
2024-11-06,departure,Zurich,London LGW,swiss,Departed,17:05,17:05,2024-11-06 17:05:00,2024-11-06 17:05:00,0.0
2024-11-06,departure,Zurich,Munich,lufthansa_neu,Departed,17:10,17:00,2024-11-06 17:10:00,2024-11-06 17:00:00,-10.0
2024-11-06,departure,Zurich,Milan MXP,swiss,Departed,17:15,17:20,2024-11-06 17:15:00,2024-11-06 17:20:00,5.0
2024-11-06,departure,Zurich,Copenhagen,swiss,Departed,17:15,17:15,2024-11-06 17:15:00,2024-11-06 17:15:00,0.0
2024-11-06,departure,Zurich,Newark,swiss,Departed,17:15,17:25,2024-11-06 17:15:00,2024-11-06 17:25:00,10.0
2024-11-06,departure,Zurich,Bremen,swiss,Departed,17:20,17:25,2024-11-06 17:20:00,2024-11-06 17:25:00,5.0
2024-11-06,departure,Zurich,Pristina,chair,Departed,17:20,17:20,2024-11-06 17:20:00,2024-11-06 17:20:00,0.0
2024-11-06,departure,Zurich,Skopje,chair,Departed,17:20,17:20,2024-11-06 17:20:00,2024-11-06 17:20:00,0.0
2024-11-06,departure,Zurich,Berlin,swiss,Departed,17:25,17:35,2024-11-06 17:25:00,2024-11-06 17:35:00,10.0
2024-11-06,departure,Zurich,London LHR,british,Departed,17:25,17:25,2024-11-06 17:25:00,2024-11-06 17:25:00,0.0
2024-11-06,departure,Zurich,Wroclaw,swiss,Departed,17:25,17:30,2024-11-06 17:25:00,2024-11-06 17:30:00,5.0
2024-11-06,departure,Zurich,Amsterdam,swiss,Departed,17:25,17:25,2024-11-06 17:25:00,2024-11-06 17:25:00,0.0
2024-11-06,departure,Zurich,Boston,swiss,Departed,17:30,17:45,2024-11-06 17:30:00,2024-11-06 17:45:00,15.0
2024-11-06,departure,Zurich,Barcelona,swiss,Departed,17:30,17:35,2024-11-06 17:30:00,2024-11-06 17:35:00,5.0
2024-11-06,departure,Zurich,Amsterdam,klm,Departed,17:30,17:35,2024-11-06 17:30:00,2024-11-06 17:35:00,5.0
2024-11-06,departure,Zurich,Stuttgart,swiss,Departed,17:30,17:30,2024-11-06 17:30:00,2024-11-06 17:30:00,0.0
2024-11-06,departure,Zurich,Budapest,swiss,Departed,17:35,17:45,2024-11-06 17:35:00,2024-11-06 17:45:00,10.0
2024-11-06,departure,Zurich,Paris CDG,swiss,Departed,17:35,17:35,2024-11-06 17:35:00,2024-11-06 17:35:00,0.0
2024-11-06,departure,Zurich,Rome FCO,swiss,Departed,17:35,17:55,2024-11-06 17:35:00,2024-11-06 17:55:00,20.0
2024-11-06,departure,Zurich,Prague,swiss,Departed,17:40,17:45,2024-11-06 17:40:00,2024-11-06 17:45:00,5.0
2024-11-06,departure,Zurich,Düsseldorf,swiss,Departed,17:40,17:40,2024-11-06 17:40:00,2024-11-06 17:40:00,0.0
2024-11-06,departure,Zurich,Malta,km_malta_airlines,Departed,17:40,17:40,2024-11-06 17:40:00,2024-11-06 17:40:00,0.0
2024-11-06,departure,Zurich,Dresden,swiss,Departed,17:40,17:40,2024-11-06 17:40:00,2024-11-06 17:40:00,0.0
2024-11-06,departure,Zurich,Skopje,edelweiss,Departed,17:45,17:45,2024-11-06 17:45:00,2024-11-06 17:45:00,0.0
2024-11-06,departure,Zurich,Hanover,swiss,Departed,17:45,17:50,2024-11-06 17:45:00,2024-11-06 17:50:00,5.0
2024-11-06,departure,Zurich,Vienna,swiss,Departed,17:45,18:00,2024-11-06 17:45:00,2024-11-06 18:00:00,15.0
2024-11-06,departure,Zurich,Pristina,edelweiss,Departed,17:50,17:50,2024-11-06 17:50:00,2024-11-06 17:50:00,0.0
2024-11-06,departure,Zurich,Hamburg,swiss,Departed,17:50,17:50,2024-11-06 17:50:00,2024-11-06 17:50:00,0.0
2024-11-06,departure,Zurich,Venice,swiss,Departed,17:50,18:00,2024-11-06 17:50:00,2024-11-06 18:00:00,10.0
2024-11-06,departure,Zurich,Nice,swiss,Departed,17:50,17:50,2024-11-06 17:50:00,2024-11-06 17:50:00,0.0
2024-11-06,departure,Zurich,Brussels,swiss,Departed,17:55,17:55,2024-11-06 17:55:00,2024-11-06 17:55:00,0.0
2024-11-06,departure,Zurich,Luxembourg,swiss,Departed,17:55,18:00,2024-11-06 17:55:00,2024-11-06 18:00:00,5.0
2024-11-06,departure,Zurich,London LCY,swiss,Cancelled,17:55,17:55,2024-11-06 17:55:00,2024-11-06 17:55:00,0.0
2024-11-06,departure,Zurich,Geneva,swiss,Departed,18:00,18:15,2024-11-06 18:00:00,2024-11-06 18:15:00,15.0
2024-11-06,departure,Zurich,Bangkok,swiss,Departed,18:00,18:00,2024-11-06 18:00:00,2024-11-06 18:00:00,0.0
2024-11-06,departure,Zurich,Lisbon,tap,Departed,18:00,20:20,2024-11-06 18:00:00,2024-11-06 20:20:00,140.0
2024-11-06,departure,Zurich,Frankfurt,lufthansa_neu,Departed,18:05,18:10,2024-11-06 18:05:00,2024-11-06 18:10:00,5.0
2024-11-06,departure,Zurich,Istanbul IST,turkish,Departed,18:05,18:05,2024-11-06 18:05:00,2024-11-06 18:05:00,0.0
2024-11-06,departure,Zurich,London LHR,swiss,Departed,18:25,18:50,2024-11-06 18:25:00,2024-11-06 18:50:00,25.0
2024-11-06,departure,Zurich,Berlin,swiss,Departed,18:25,18:25,2024-11-06 18:25:00,2024-11-06 18:25:00,0.0
2024-11-06,departure,Zurich,Madrid,europa,Departed,18:30,18:25,2024-11-06 18:30:00,2024-11-06 18:25:00,-5.0
2024-11-06,departure,Zurich,Paris CDG,airfrance,Departed,18:50,18:50,2024-11-06 18:50:00,2024-11-06 18:50:00,0.0
2024-11-06,departure,Zurich,Frankfurt,swiss,Departed,18:50,19:05,2024-11-06 18:50:00,2024-11-06 19:05:00,15.0
2024-11-06,departure,Zurich,Riyadh,saudia_logo,Departed,15:00,14:55,2024-11-06 15:00:00,2024-11-06 14:55:00,-5.0
2024-11-06,departure,Zurich,Vienna,austrian,Departed,15:05,15:00,2024-11-06 15:05:00,2024-11-06 15:00:00,-5.0
2024-11-06,departure,Zurich,London LHR,swiss,Departed,15:30,15:30,2024-11-06 15:30:00,2024-11-06 15:30:00,0.0
2024-11-06,departure,Zurich,Hamburg,euro,To details page,15:35,15:35,2024-11-06 15:35:00,2024-11-06 15:35:00,0.0
2024-11-06,departure,Zurich,Palma De Mallorca,swiss,Departed,15:40,15:35,2024-11-06 15:40:00,2024-11-06 15:35:00,-5.0
2024-11-06,departure,Zurich,Düsseldorf,euro,Departed,15:50,15:55,2024-11-06 15:50:00,2024-11-06 15:55:00,5.0
2024-11-06,departure,Zurich,Istanbul SAW,pegasus,Departed,15:50,16:10,2024-11-06 15:50:00,2024-11-06 16:10:00,20.0
2024-11-06,departure,Zurich,Amsterdam,swiss,Departed,16:20,16:35,2024-11-06 16:20:00,2024-11-06 16:35:00,15.0
2024-11-06,departure,Zurich,London LTN,easyjet,Departed,16:20,16:20,2024-11-06 16:20:00,2024-11-06 16:20:00,0.0
2024-11-06,departure,Zurich,Madrid,swiss,Departed,16:20,16:20,2024-11-06 16:20:00,2024-11-06 16:20:00,0.0
2024-11-06,departure,Zurich,Berlin,swiss,Departed,16:25,16:30,2024-11-06 16:25:00,2024-11-06 16:30:00,5.0
2024-11-06,departure,Zurich,Hamburg,swiss,Departed,16:25,16:25,2024-11-06 16:25:00,2024-11-06 16:25:00,0.0
2024-11-06,departure,Zurich,London LHR,british,Departed,16:25,16:30,2024-11-06 16:25:00,2024-11-06 16:30:00,5.0
2024-11-06,departure,Zurich,London LCY,swiss,Cancelled,16:25,16:25,2024-11-06 16:25:00,2024-11-06 16:25:00,0.0
2024-11-06,departure,Zurich,Düsseldorf,swiss,Departed,16:30,16:30,2024-11-06 16:30:00,2024-11-06 16:30:00,0.0
2024-11-06,departure,Zurich,Dublin,swiss,Departed,16:30,16:50,2024-11-06 16:30:00,2024-11-06 16:50:00,20.0
2024-11-06,departure,Zurich,Brussels,swiss,Departed,16:30,16:30,2024-11-06 16:30:00,2024-11-06 16:30:00,0.0
2024-11-06,departure,Zurich,Geneva,swiss,Departed,16:45,16:45,2024-11-06 16:45:00,2024-11-06 16:45:00,0.0
2024-11-06,departure,Zurich,Valencia,swiss,Departed,16:45,16:45,2024-11-06 16:45:00,2024-11-06 16:45:00,0.0
2024-11-06,departure,Zurich,Athens,swiss,Departed,13:00,13:00,2024-11-06 13:00:00,2024-11-06 13:00:00,0.0
2024-11-06,departure,Zurich,Oslo,sas,Departed,13:00,12:50,2024-11-06 13:00:00,2024-11-06 12:50:00,-10.0
2024-11-06,departure,Zurich,Toronto,canada,Departed,13:00,13:00,2024-11-06 13:00:00,2024-11-06 13:00:00,0.0
2024-11-06,departure,Zurich,Bologna,swiss,Departed,13:05,13:05,2024-11-06 13:05:00,2024-11-06 13:05:00,0.0
2024-11-06,departure,Zurich,Dubai DXB,swiss,Departed,13:05,13:15,2024-11-06 13:05:00,2024-11-06 13:15:00,10.0
2024-11-06,departure,Zurich,Tokyo,swiss,Departed,13:05,13:20,2024-11-06 13:05:00,2024-11-06 13:20:00,15.0
2024-11-06,departure,Zurich,Split,edelweiss,Departed,13:05,13:10,2024-11-06 13:05:00,2024-11-06 13:10:00,5.0
2024-11-06,departure,Zurich,Chicago,swiss,Departed,13:10,13:15,2024-11-06 13:10:00,2024-11-06 13:15:00,5.0
2024-11-06,departure,Zurich,Los Angeles,swiss,Departed,13:10,17:40,2024-11-06 13:10:00,2024-11-06 17:40:00,270.0
2024-11-06,departure,Zurich,Shanghai,swiss,Departed,13:10,13:10,2024-11-06 13:10:00,2024-11-06 13:10:00,0.0
2024-11-06,departure,Zurich,Stuttgart,swiss,Departed,13:15,13:15,2024-11-06 13:15:00,2024-11-06 13:15:00,0.0
2024-11-06,departure,Zurich,Bangkok,thai,Departed,13:15,13:15,2024-11-06 13:15:00,2024-11-06 13:15:00,0.0
2024-11-06,departure,Zurich,San Francisco,swiss,Departed,13:15,13:30,2024-11-06 13:15:00,2024-11-06 13:30:00,15.0
2024-11-06,departure,Zurich,New York,swiss,Departed,13:15,13:20,2024-11-06 13:15:00,2024-11-06 13:20:00,5.0
2024-11-06,departure,Zurich,Boston,swiss,Departed,13:20,13:20,2024-11-06 13:20:00,2024-11-06 13:20:00,0.0
2024-11-06,departure,Zurich,Milan MXP,swiss,Departed,13:20,13:20,2024-11-06 13:20:00,2024-11-06 13:20:00,0.0
2024-11-06,departure,Zurich,Larnaca,edelweiss,Departed,13:20,13:30,2024-11-06 13:20:00,2024-11-06 13:30:00,10.0
2024-11-06,departure,Zurich,Berlin,swiss,Departed,13:30,13:30,2024-11-06 13:30:00,2024-11-06 13:30:00,0.0
2024-11-06,departure,Zurich,New York,delta,Departed,13:30,13:20,2024-11-06 13:30:00,2024-11-06 13:20:00,-10.0
2024-11-06,departure,Zurich,Lisbon,tap,Departed,13:30,14:40,2024-11-06 13:30:00,2024-11-06 14:40:00,70.0
2024-11-06,departure,Zurich,Munich,lufthansa_neu,Departed,13:35,13:45,2024-11-06 13:35:00,2024-11-06 13:45:00,10.0
2024-11-06,departure,Zurich,Antalya,sun,Departed,13:45,14:05,2024-11-06 13:45:00,2024-11-06 14:05:00,20.0
2024-11-06,departure,Zurich,Istanbul SAW,ajet_logo,Departed,14:10,14:20,2024-11-06 14:10:00,2024-11-06 14:20:00,10.0
2024-11-06,departure,Zurich,Amsterdam,klm,Departed,14:15,14:10,2024-11-06 14:15:00,2024-11-06 14:10:00,-5.0
2024-11-06,departure,Zurich,Phuket,edelweiss,Departed,14:20,14:45,2024-11-06 14:20:00,2024-11-06 14:45:00,25.0
2024-11-06,departure,Zurich,Porto,edelweiss,Departed,14:30,14:30,2024-11-06 14:30:00,2024-11-06 14:30:00,0.0
2024-11-06,departure,Zurich,Dubai DXB,emirates-neu,Departed,14:35,14:35,2024-11-06 14:35:00,2024-11-06 14:35:00,0.0
2024-11-06,departure,Zurich,Frankfurt,lufthansa_neu,Departed,14:45,15:00,2024-11-06 14:45:00,2024-11-06 15:00:00,15.0
2024-11-06,departure,Zurich,Split,croatia_v2,Departed,14:45,14:55,2024-11-06 14:45:00,2024-11-06 14:55:00,10.0
2024-11-06,departure,Zurich,London LCY,british,Departed,14:50,15:50,2024-11-06 14:50:00,2024-11-06 15:50:00,60.0
2024-11-06,departure,Zurich,Istanbul IST,turkish,Departed,14:50,15:00,2024-11-06 14:50:00,2024-11-06 15:00:00,10.0
2024-11-06,departure,Zurich,Zagreb,croatia_v2,Departed,11:05,11:05,2024-11-06 11:05:00,2024-11-06 11:05:00,0.0
2024-11-06,departure,Zurich,Frankfurt,lufthansa_neu,Departed,11:15,11:15,2024-11-06 11:15:00,2024-11-06 11:15:00,0.0
2024-11-06,departure,Zurich,Istanbul IST,turkish,Departed,11:15,11:20,2024-11-06 11:15:00,2024-11-06 11:20:00,5.0
2024-11-06,departure,Zurich,Athens,aegan,Departed,11:20,11:20,2024-11-06 11:20:00,2024-11-06 11:20:00,0.0
2024-11-06,departure,Zurich,Palma De Mallorca,chair,Departed,11:30,11:30,2024-11-06 11:30:00,2024-11-06 11:30:00,0.0
2024-11-06,departure,Zurich,Istanbul SAW,pegasus,Departed,11:40,11:55,2024-11-06 11:40:00,2024-11-06 11:55:00,15.0
2024-11-06,departure,Zurich,Washington,united,Departed,11:45,11:40,2024-11-06 11:45:00,2024-11-06 11:40:00,-5.0
2024-11-06,departure,Zurich,Amsterdam,klm,Departed,11:50,12:00,2024-11-06 11:50:00,2024-11-06 12:00:00,10.0
2024-11-06,departure,Zurich,Belfast,helvetic-airways,Departed,11:50,11:50,2024-11-06 11:50:00,2024-11-06 11:50:00,0.0
2024-11-06,departure,Zurich,Hong Kong,cathay,Departed,11:55,12:00,2024-11-06 11:55:00,2024-11-06 12:00:00,5.0
2024-11-06,departure,Zurich,Madrid,iberia,Departed,11:55,12:05,2024-11-06 11:55:00,2024-11-06 12:05:00,10.0
2024-11-06,departure,Zurich,Warsaw,swiss,Departed,11:55,11:55,2024-11-06 11:55:00,2024-11-06 11:55:00,0.0
2024-11-06,departure,Zurich,Delhi,swiss,Departed,12:00,12:20,2024-11-06 12:00:00,2024-11-06 12:20:00,20.0
2024-11-06,departure,Zurich,Geneva,swiss,Departed,12:05,12:05,2024-11-06 12:05:00,2024-11-06 12:05:00,0.0
2024-11-06,departure,Zurich,Cartagenavia Bogotá,edelweiss,Departed,12:05,12:20,2024-11-06 12:05:00,2024-11-06 12:20:00,15.0
2024-11-06,departure,Zurich,Belgrade,swiss,Departed,12:05,12:15,2024-11-06 12:05:00,2024-11-06 12:15:00,10.0
2024-11-06,departure,Zurich,Palma De Mallorca,swiss,Departed,12:05,12:05,2024-11-06 12:05:00,2024-11-06 12:05:00,0.0
2024-11-06,departure,Zurich,London LCY,swiss,Departed,12:10,12:10,2024-11-06 12:10:00,2024-11-06 12:10:00,0.0
2024-11-06,departure,Zurich,Košice,swiss,Departed,12:10,12:25,2024-11-06 12:10:00,2024-11-06 12:25:00,15.0
2024-11-06,departure,Zurich,Stockholm ARN,swiss,Departed,12:10,12:15,2024-11-06 12:10:00,2024-11-06 12:15:00,5.0
2024-11-06,departure,Zurich,London LHR,swiss,Departed,12:10,12:10,2024-11-06 12:10:00,2024-11-06 12:10:00,0.0
2024-11-06,departure,Zurich,Luxembourg,swiss,Departed,12:15,12:15,2024-11-06 12:15:00,2024-11-06 12:15:00,0.0
2024-11-06,departure,Zurich,Düsseldorf,swiss,Departed,12:15,12:15,2024-11-06 12:15:00,2024-11-06 12:15:00,0.0
2024-11-06,departure,Zurich,Barcelona,swiss,Departed,12:20,12:35,2024-11-06 12:20:00,2024-11-06 12:35:00,15.0
2024-11-06,departure,Zurich,Krakow,swiss,Departed,12:20,12:35,2024-11-06 12:20:00,2024-11-06 12:35:00,15.0
2024-11-06,departure,Zurich,Rome FCO,swiss,Departed,12:25,12:30,2024-11-06 12:25:00,2024-11-06 12:30:00,5.0
2024-11-06,departure,Zurich,Budapest,swiss,Departed,12:25,12:50,2024-11-06 12:25:00,2024-11-06 12:50:00,25.0
2024-11-06,departure,Zurich,Bucharest OTP,swiss,Departed,12:25,12:31,2024-11-06 12:25:00,2024-11-06 12:31:00,6.0
2024-11-06,departure,Zurich,Copenhagen,swiss,Departed,12:25,12:30,2024-11-06 12:25:00,2024-11-06 12:30:00,5.0
2024-11-06,departure,Zurich,Cairo,swiss,Departed,12:30,12:30,2024-11-06 12:30:00,2024-11-06 12:30:00,0.0
2024-11-06,departure,Zurich,Marseille,swiss,Departed,12:30,12:30,2024-11-06 12:30:00,2024-11-06 12:30:00,0.0
2024-11-06,departure,Zurich,Hamburg,swiss,Departed,12:30,12:30,2024-11-06 12:30:00,2024-11-06 12:30:00,0.0
2024-11-06,departure,Zurich,Prague,swiss,Departed,12:35,12:35,2024-11-06 12:35:00,2024-11-06 12:35:00,0.0
2024-11-06,departure,Zurich,Frankfurt,swiss,Departed,12:35,12:40,2024-11-06 12:35:00,2024-11-06 12:40:00,5.0
2024-11-06,departure,Zurich,London LHR,british,Departed,12:35,12:35,2024-11-06 12:35:00,2024-11-06 12:35:00,0.0
2024-11-06,departure,Zurich,Lisbon,swiss,Departed,12:35,12:50,2024-11-06 12:35:00,2024-11-06 12:50:00,15.0
2024-11-06,departure,Zurich,Tel Aviv,elalisrael,Departed,12:40,13:05,2024-11-06 12:40:00,2024-11-06 13:05:00,25.0
2024-11-06,departure,Zurich,Berlin,swiss,Departed,12:40,12:40,2024-11-06 12:40:00,2024-11-06 12:40:00,0.0
2024-11-06,departure,Zurich,Florence,swiss,Departed,12:40,12:45,2024-11-06 12:40:00,2024-11-06 12:45:00,5.0
2024-11-06,departure,Zurich,Vienna,swiss,Departed,12:40,12:40,2024-11-06 12:40:00,2024-11-06 12:40:00,0.0
2024-11-06,departure,Zurich,Amsterdam,swiss,Departed,12:45,12:55,2024-11-06 12:45:00,2024-11-06 12:55:00,10.0
2024-11-06,departure,Zurich,Nice,swiss,Departed,12:45,12:45,2024-11-06 12:45:00,2024-11-06 12:45:00,0.0
2024-11-06,departure,Zurich,Montreal,swiss,Departed,12:45,13:00,2024-11-06 12:45:00,2024-11-06 13:00:00,15.0
2024-11-06,departure,Zurich,Miami,swiss,Departed,12:50,13:05,2024-11-06 12:50:00,2024-11-06 13:05:00,15.0
2024-11-06,departure,Zurich,Brussels,swiss,Departed,12:50,13:00,2024-11-06 12:50:00,2024-11-06 13:00:00,10.0
2024-11-06,departure,Zurich,Paris CDG,swiss,Departed,12:50,13:10,2024-11-06 12:50:00,2024-11-06 13:10:00,20.0
2024-11-06,departure,Zurich,Malaga,swiss,Departed,12:55,13:00,2024-11-06 12:55:00,2024-11-06 13:00:00,5.0
2024-11-06,departure,Zurich,Ljubljana,swiss,Departed,12:55,13:05,2024-11-06 12:55:00,2024-11-06 13:05:00,10.0
2024-11-06,departure,Zurich,Geneva,swiss,Departed,12:55,12:55,2024-11-06 12:55:00,2024-11-06 12:55:00,0.0
2024-11-06,departure,Zurich,Venice,swiss,Departed,12:55,12:55,2024-11-06 12:55:00,2024-11-06 12:55:00,0.0
2024-11-06,departure,Zurich,Frankfurt,lufthansa_neu,Departed,09:00,09:10,2024-11-06 09:00:00,2024-11-06 09:10:00,10.0
2024-11-06,departure,Zurich,Amsterdam,klm,Departed,09:00,08:55,2024-11-06 09:00:00,2024-11-06 08:55:00,-5.0
2024-11-06,departure,Zurich,Stuttgart,swiss,Departed,09:00,09:00,2024-11-06 09:00:00,2024-11-06 09:00:00,0.0
2024-11-06,departure,Zurich,Geneva,swiss,Departed,09:00,09:00,2024-11-06 09:00:00,2024-11-06 09:00:00,0.0
2024-11-06,departure,Zurich,Berlin,euro,Departed,09:05,09:00,2024-11-06 09:05:00,2024-11-06 09:00:00,-5.0
2024-11-06,departure,Zurich,Liberiavia San Jose,edelweiss,Departed,09:10,09:35,2024-11-06 09:10:00,2024-11-06 09:35:00,25.0
2024-11-06,departure,Zurich,Vienna,austrian,Departed,09:10,09:10,2024-11-06 09:10:00,2024-11-06 09:10:00,0.0
2024-11-06,departure,Zurich,Athens,swiss,Departed,09:15,09:30,2024-11-06 09:15:00,2024-11-06 09:30:00,15.0
2024-11-06,departure,Zurich,Lisbon,swiss,Departed,09:20,09:30,2024-11-06 09:20:00,2024-11-06 09:30:00,10.0
2024-11-06,departure,Zurich,Gran Canaria,edelweiss,Departed,09:25,09:45,2024-11-06 09:25:00,2024-11-06 09:45:00,20.0
2024-11-06,departure,Zurich,Munich,lufthansa_neu,Departed,09:25,09:25,2024-11-06 09:25:00,2024-11-06 09:25:00,0.0
2024-11-06,departure,Zurich,Tenerife,edelweiss,Departed,09:25,09:30,2024-11-06 09:25:00,2024-11-06 09:30:00,5.0
2024-11-06,departure,Zurich,Malaga,swiss,Departed,09:25,09:25,2024-11-06 09:25:00,2024-11-06 09:25:00,0.0
2024-11-06,departure,Zurich,Faro,edelweiss,Departed,09:30,09:30,2024-11-06 09:30:00,2024-11-06 09:30:00,0.0
2024-11-06,departure,Zurich,Cape Town,edelweiss,Departed,09:30,09:45,2024-11-06 09:30:00,2024-11-06 09:45:00,15.0
2024-11-06,departure,Zurich,Barcelona,vueling,Departed,09:35,09:35,2024-11-06 09:35:00,2024-11-06 09:35:00,0.0
2024-11-06,departure,Zurich,Hurghada,edelweiss,Departed,09:35,09:35,2024-11-06 09:35:00,2024-11-06 09:35:00,0.0
2024-11-06,departure,Zurich,Belgrade,serbia,Departed,09:35,09:45,2024-11-06 09:35:00,2024-11-06 09:45:00,10.0
2024-11-06,departure,Zurich,Porto,swiss,Departed,09:35,09:35,2024-11-06 09:35:00,2024-11-06 09:35:00,0.0
2024-11-06,departure,Zurich,Oslo,swiss,Departed,09:40,09:40,2024-11-06 09:40:00,2024-11-06 09:40:00,0.0
2024-11-06,departure,Zurich,Mumbai,swiss,Departed,09:45,09:50,2024-11-06 09:45:00,2024-11-06 09:50:00,5.0
2024-11-06,departure,Zurich,Tallinn,swiss,Departed,09:45,09:45,2024-11-06 09:45:00,2024-11-06 09:45:00,0.0
2024-11-06,departure,Zurich,Agadirvia Marrakesh,edelweiss,Departed,09:45,09:45,2024-11-06 09:45:00,2024-11-06 09:45:00,0.0
2024-11-06,departure,Zurich,Hamburg,euro,Departed,09:45,09:45,2024-11-06 09:45:00,2024-11-06 09:45:00,0.0
2024-11-06,departure,Zurich,New York,swiss,Departed,09:50,09:55,2024-11-06 09:50:00,2024-11-06 09:55:00,5.0
2024-11-06,departure,Zurich,Heraklion,edelweiss,Departed,09:55,10:05,2024-11-06 09:55:00,2024-11-06 10:05:00,10.0
2024-11-06,departure,Zurich,Stockholm ARN,swiss,Departed,09:55,10:00,2024-11-06 09:55:00,2024-11-06 10:00:00,5.0
2024-11-06,departure,Zurich,Valencia,swiss,Departed,10:00,10:00,2024-11-06 10:00:00,2024-11-06 10:00:00,0.0
2024-11-06,departure,Zurich,Alicante,swiss,Departed,10:05,10:05,2024-11-06 10:05:00,2024-11-06 10:05:00,0.0
2024-11-06,departure,Zurich,London LCY,british,Departed,10:10,10:25,2024-11-06 10:10:00,2024-11-06 10:25:00,15.0
2024-11-06,departure,Zurich,Tromsø,edelweiss,Departed,10:15,10:20,2024-11-06 10:15:00,2024-11-06 10:20:00,5.0
2024-11-06,departure,Zurich,London LHR,swiss,Departed,10:15,10:20,2024-11-06 10:15:00,2024-11-06 10:20:00,5.0
2024-11-06,departure,Zurich,London LHR,british,Departed,10:15,10:15,2024-11-06 10:15:00,2024-11-06 10:15:00,0.0
2024-11-06,departure,Zurich,Philadelphia,american,Departed,10:15,10:25,2024-11-06 10:15:00,2024-11-06 10:25:00,10.0
2024-11-06,departure,Zurich,Porto,easyjet,Departed,10:20,10:30,2024-11-06 10:20:00,2024-11-06 10:30:00,10.0
2024-11-06,departure,Zurich,Newark,united,Departed,10:20,10:10,2024-11-06 10:20:00,2024-11-06 10:10:00,-10.0
2024-11-06,departure,Zurich,Abu Dhabi AUH,etihad,Departed,10:25,10:25,2024-11-06 10:25:00,2024-11-06 10:25:00,0.0
2024-11-06,departure,Zurich,Warsaw,lot,Departed,10:25,10:20,2024-11-06 10:25:00,2024-11-06 10:20:00,-5.0
2024-11-06,departure,Zurich,Copenhagen,sas,Departed,10:25,10:30,2024-11-06 10:25:00,2024-11-06 10:30:00,5.0
2024-11-06,departure,Zurich,Thessaloniki,aegan,Departed,10:30,10:30,2024-11-06 10:30:00,2024-11-06 10:30:00,0.0
2024-11-06,departure,Zurich,Singapore,singapore,Departed,10:35,11:10,2024-11-06 10:35:00,2024-11-06 11:10:00,35.0
2024-11-06,departure,Zurich,Madrid,europa,Departed,10:35,10:35,2024-11-06 10:35:00,2024-11-06 10:35:00,0.0
2024-11-06,departure,Zurich,Dublin,swiss,Departed,10:35,10:45,2024-11-06 10:35:00,2024-11-06 10:45:00,10.0
2024-11-06,departure,Zurich,Helsinki,finnair,Departed,10:35,10:35,2024-11-06 10:35:00,2024-11-06 10:35:00,0.0
2024-11-06,departure,Zurich,Vienna,austrian,Departed,10:40,10:40,2024-11-06 10:40:00,2024-11-06 10:40:00,0.0
2024-11-06,departure,Zurich,Lisbon,easyjet,Departed,10:45,10:55,2024-11-06 10:45:00,2024-11-06 10:55:00,10.0
2024-11-06,departure,Zurich,Paris CDG,airfrance,Departed,10:50,10:50,2024-11-06 10:50:00,2024-11-06 10:50:00,0.0
2024-11-06,departure,Zurich,Warsaw,swiss,Departed,07:00,07:00,2024-11-06 07:00:00,2024-11-06 07:00:00,0.0
2024-11-06,departure,Zurich,Gothenburg,swiss,Departed,07:00,07:00,2024-11-06 07:00:00,2024-11-06 07:00:00,0.0
2024-11-06,departure,Zurich,Frankfurt,swiss,Departed,07:00,07:10,2024-11-06 07:00:00,2024-11-06 07:10:00,10.0
2024-11-06,departure,Zurich,Manchester,swiss,Departed,07:00,07:15,2024-11-06 07:00:00,2024-11-06 07:15:00,15.0
2024-11-06,departure,Zurich,Birmingham,swiss,Departed,07:05,07:05,2024-11-06 07:05:00,2024-11-06 07:05:00,0.0
2024-11-06,departure,Zurich,London LHR,swiss,Departed,07:05,07:20,2024-11-06 07:05:00,2024-11-06 07:20:00,15.0
2024-11-06,departure,Zurich,Copenhagen,swiss,Departed,07:05,07:10,2024-11-06 07:05:00,2024-11-06 07:10:00,5.0
2024-11-06,departure,Zurich,Milan MXP,swiss,Departed,07:10,07:15,2024-11-06 07:10:00,2024-11-06 07:15:00,5.0
2024-11-06,departure,Zurich,Munich,swiss,Departed,07:10,07:15,2024-11-06 07:10:00,2024-11-06 07:15:00,5.0
2024-11-06,departure,Zurich,Hamburg,swiss,Departed,07:10,07:15,2024-11-06 07:10:00,2024-11-06 07:15:00,5.0
2024-11-06,departure,Zurich,Budapest,swiss,Departed,07:10,07:10,2024-11-06 07:10:00,2024-11-06 07:10:00,0.0
2024-11-06,departure,Zurich,Barcelona,swiss,Departed,07:15,07:23,2024-11-06 07:15:00,2024-11-06 07:23:00,8.0
2024-11-06,departure,Zurich,Berlin,swiss,Departed,07:15,07:15,2024-11-06 07:15:00,2024-11-06 07:15:00,0.0
2024-11-06,departure,Zurich,Amsterdam,swiss,Departed,07:15,07:20,2024-11-06 07:15:00,2024-11-06 07:20:00,5.0
2024-11-06,departure,Zurich,Düsseldorf,swiss,Departed,07:20,07:20,2024-11-06 07:20:00,2024-11-06 07:20:00,0.0
2024-11-06,departure,Zurich,Vienna,swiss,Departed,07:20,07:20,2024-11-06 07:20:00,2024-11-06 07:20:00,0.0
2024-11-06,departure,Zurich,Hanover,swiss,Departed,07:20,07:20,2024-11-06 07:20:00,2024-11-06 07:20:00,0.0
2024-11-06,departure,Zurich,Rome FCO,swiss,Departed,07:20,07:29,2024-11-06 07:20:00,2024-11-06 07:29:00,9.0
2024-11-06,departure,Zurich,Prague,swiss,Departed,07:25,07:25,2024-11-06 07:25:00,2024-11-06 07:25:00,0.0
2024-11-06,departure,Zurich,Paris CDG,swiss,Departed,07:25,07:25,2024-11-06 07:25:00,2024-11-06 07:25:00,0.0
2024-11-06,departure,Zurich,Nice,swiss,Departed,07:25,07:25,2024-11-06 07:25:00,2024-11-06 07:25:00,0.0
2024-11-06,departure,Zurich,Brussels,swiss,Departed,07:30,07:40,2024-11-06 07:30:00,2024-11-06 07:40:00,10.0
2024-11-06,departure,Zurich,Geneva,swiss,Departed,07:30,07:35,2024-11-06 07:30:00,2024-11-06 07:35:00,5.0
2024-11-06,departure,Zurich,Venice,swiss,Departed,07:30,07:30,2024-11-06 07:30:00,2024-11-06 07:30:00,0.0
2024-11-06,departure,Zurich,Madrid,iberia,Departed,07:30,07:30,2024-11-06 07:30:00,2024-11-06 07:30:00,0.0
2024-11-06,departure,Zurich,Palermo,swiss,Departed,07:35,08:05,2024-11-06 07:35:00,2024-11-06 08:05:00,30.0
2024-11-06,departure,Zurich,Florence,swiss,Departed,07:35,07:35,2024-11-06 07:35:00,2024-11-06 07:35:00,0.0
2024-11-06,departure,Zurich,Luxembourg,swiss,Departed,07:35,07:30,2024-11-06 07:35:00,2024-11-06 07:30:00,-5.0
2024-11-06,departure,Zurich,Bologna,swiss,Departed,07:40,07:55,2024-11-06 07:40:00,2024-11-06 07:55:00,15.0
2024-11-06,departure,Zurich,London LCY,swiss,Cancelled,07:55,07:55,2024-11-06 07:55:00,2024-11-06 07:55:00,0.0
2024-11-06,departure,Zurich,Berlin,easyjet,Departed,08:20,08:15,2024-11-06 08:20:00,2024-11-06 08:15:00,-5.0
2024-11-06,departure,Zurich,Cologne Bonn,euro,Departed,08:30,08:25,2024-11-06 08:30:00,2024-11-06 08:25:00,-5.0
2024-11-06,departure,Zurich,Berlin,swiss,Departed,08:30,08:30,2024-11-06 08:30:00,2024-11-06 08:30:00,0.0
2024-11-06,departure,Zurich,Düsseldorf,euro,Departed,08:35,08:35,2024-11-06 08:35:00,2024-11-06 08:35:00,0.0
2024-11-06,departure,Zurich,Hamburg,swiss,Departed,08:35,08:50,2024-11-06 08:35:00,2024-11-06 08:50:00,15.0
2024-11-06,departure,Zurich,Doha,qatar,Departed,08:45,08:45,2024-11-06 08:45:00,2024-11-06 08:45:00,0.0
2024-11-06,departure,Zurich,Brussels,brussels_airlines_logo,Departed,08:45,08:45,2024-11-06 08:45:00,2024-11-06 08:45:00,0.0
2024-11-06,departure,Zurich,Pristina,chair,Departed,05:45,05:45,2024-11-06 05:45:00,2024-11-06 05:45:00,0.0
2024-11-06,departure,Zurich,Lisbon,tap,Departed,06:10,06:35,2024-11-06 06:10:00,2024-11-06 06:35:00,25.0
2024-11-06,departure,Zurich,Hurghada,chair,Departed,06:15,06:15,2024-11-06 06:15:00,2024-11-06 06:15:00,0.0
2024-11-06,departure,Zurich,Paris CDG,airfrance,Departed,06:30,06:40,2024-11-06 06:30:00,2024-11-06 06:40:00,10.0
2024-11-06,departure,Zurich,Pristina,edelweiss,Departed,06:45,06:45,2024-11-06 06:45:00,2024-11-06 06:45:00,0.0
2024-11-06,departure,Zurich,Istanbul IST,turkish,Departed,06:45,06:45,2024-11-06 06:45:00,2024-11-06 06:45:00,0.0
2024-11-06,departure,Zurich,London LHR,british,Departed,06:50,06:50,2024-11-06 06:50:00,2024-11-06 06:50:00,0.0
2024-11-06,departure,Zurich,Amsterdam,klm,Departed,06:55,07:06,2024-11-06 06:55:00,2024-11-06 07:06:00,11.0
2024-11-06,departure,Zurich,Madrid,swiss,Departed,06:55,06:55,2024-11-06 06:55:00,2024-11-06 06:55:00,0.0
2024-11-06,departure,Zurich,Belgrade,swiss,Departed,06:55,06:55,2024-11-06 06:55:00,2024-11-06 06:55:00,0.0
2024-11-07,arrival,Zurich,Geneva,swiss,Landed,21:05,20:59,2024-11-07 21:05:00,2024-11-07 20:59:00,-6.0
2024-11-07,arrival,Zurich,Porto,easyjet,Landed,21:05,21:13,2024-11-07 21:05:00,2024-11-07 21:13:00,8.0
2024-11-07,arrival,Zurich,Paris CDG,swiss,Landed,21:10,20:57,2024-11-07 21:10:00,2024-11-07 20:57:00,-13.0
2024-11-07,arrival,Zurich,Düsseldorf,swiss,Landed,21:15,21:10,2024-11-07 21:15:00,2024-11-07 21:10:00,-5.0
2024-11-07,arrival,Zurich,Brussels,swiss,Landed,21:20,21:26,2024-11-07 21:20:00,2024-11-07 21:26:00,6.0
2024-11-07,arrival,Zurich,Prague,swiss,Landed,21:20,21:06,2024-11-07 21:20:00,2024-11-07 21:06:00,-14.0
2024-11-07,arrival,Zurich,Nice,swiss,Landed,21:20,21:04,2024-11-07 21:20:00,2024-11-07 21:04:00,-16.0
2024-11-07,arrival,Zurich,London LGW,swiss,Landed,21:25,21:21,2024-11-07 21:25:00,2024-11-07 21:21:00,-4.0
2024-11-07,arrival,Zurich,Hanover,swiss,Landed,21:25,21:10,2024-11-07 21:25:00,2024-11-07 21:10:00,-15.0
2024-11-07,arrival,Zurich,Bremen,swiss,Landed,21:25,21:01,2024-11-07 21:25:00,2024-11-07 21:01:00,-24.0
2024-11-07,arrival,Zurich,Krakow,swiss,Landed,21:30,21:15,2024-11-07 21:30:00,2024-11-07 21:15:00,-15.0
2024-11-07,arrival,Zurich,London LHR,swiss,Landed,21:30,21:34,2024-11-07 21:30:00,2024-11-07 21:34:00,4.0
2024-11-07,arrival,Zurich,Amsterdam,swiss,Landed,21:30,21:32,2024-11-07 21:30:00,2024-11-07 21:32:00,2.0
2024-11-07,arrival,Zurich,Hamburg,swiss,Landed,21:35,21:28,2024-11-07 21:35:00,2024-11-07 21:28:00,-7.0
2024-11-07,arrival,Zurich,Rome FCO,swiss,Landed,21:35,21:37,2024-11-07 21:35:00,2024-11-07 21:37:00,2.0
2024-11-07,arrival,Zurich,Vienna,swiss,Landed,21:35,21:24,2024-11-07 21:35:00,2024-11-07 21:24:00,-11.0
2024-11-07,arrival,Zurich,Budapest,swiss,Landed,21:40,21:22,2024-11-07 21:40:00,2024-11-07 21:22:00,-18.0
2024-11-07,arrival,Zurich,Birmingham,swiss,Landed,21:40,21:49,2024-11-07 21:40:00,2024-11-07 21:49:00,9.0
2024-11-07,arrival,Zurich,Copenhagen,swiss,Landed,21:45,21:44,2024-11-07 21:45:00,2024-11-07 21:44:00,-1.0
2024-11-07,arrival,Zurich,Manchester,swiss,Landed,21:45,22:03,2024-11-07 21:45:00,2024-11-07 22:03:00,18.0
2024-11-07,arrival,Zurich,Munich,swiss,Landed,21:45,21:42,2024-11-07 21:45:00,2024-11-07 21:42:00,-3.0
2024-11-07,arrival,Zurich,Frankfurt,swiss,Landed,21:50,22:08,2024-11-07 21:50:00,2024-11-07 22:08:00,18.0
2024-11-07,arrival,Zurich,Barcelona,swiss,Landed,21:50,22:18,2024-11-07 21:50:00,2024-11-07 22:18:00,28.0
2024-11-07,arrival,Zurich,Dublin,swiss,Landed,21:50,22:11,2024-11-07 21:50:00,2024-11-07 22:11:00,21.0
2024-11-07,arrival,Zurich,Warsaw,swiss,Landed,21:50,21:55,2024-11-07 21:50:00,2024-11-07 21:55:00,5.0
2024-11-07,arrival,Zurich,Gothenburg,swiss,Landed,21:55,21:46,2024-11-07 21:55:00,2024-11-07 21:46:00,-9.0
2024-11-07,arrival,Zurich,Madrid,swiss,Landed,21:55,22:16,2024-11-07 21:55:00,2024-11-07 22:16:00,21.0
2024-11-07,arrival,Zurich,London LCY,swiss,Landed,22:00,22:16,2024-11-07 22:00:00,2024-11-07 22:16:00,16.0
2024-11-07,arrival,Zurich,Valencia,swiss,Landed,22:00,21:56,2024-11-07 22:00:00,2024-11-07 21:56:00,-4.0
2024-11-07,arrival,Zurich,London LHR,british,Landed,22:00,22:02,2024-11-07 22:00:00,2024-11-07 22:02:00,2.0
2024-11-07,arrival,Zurich,Belgrade,swiss,Landed,22:00,21:55,2024-11-07 22:00:00,2024-11-07 21:55:00,-5.0
2024-11-07,arrival,Zurich,Berlin,swiss,Landed,22:10,21:52,2024-11-07 22:10:00,2024-11-07 21:52:00,-18.0
2024-11-07,arrival,Zurich,Pristina,chair,Landed,22:20,22:00,2024-11-07 22:20:00,2024-11-07 22:00:00,-20.0
2024-11-07,arrival,Zurich,Istanbul IST,turkish,Landed,22:20,21:58,2024-11-07 22:20:00,2024-11-07 21:58:00,-22.0
2024-11-07,arrival,Zurich,Madrid,iberia,Landed,22:20,22:12,2024-11-07 22:20:00,2024-11-07 22:12:00,-8.0
2024-11-07,arrival,Zurich,Amsterdam,klm,Landed,22:30,23:10,2024-11-07 22:30:00,2024-11-07 23:10:00,40.0
2024-11-07,arrival,Zurich,Paris CDG,airfrance,Landed,22:30,22:21,2024-11-07 22:30:00,2024-11-07 22:21:00,-9.0
2024-11-07,arrival,Zurich,Lisbon,tap,Landed,22:35,22:49,2024-11-07 22:35:00,2024-11-07 22:49:00,14.0
2024-11-07,arrival,Zurich,Marsa Alam,edelweiss,Landed,22:35,22:05,2024-11-07 22:35:00,2024-11-07 22:05:00,-30.0
2024-11-07,arrival,Zurich,London LHR,swiss,Landed,22:45,22:42,2024-11-07 22:45:00,2024-11-07 22:42:00,-3.0
2024-11-07,arrival,Zurich,Djerba,edelweiss,Landed,22:50,22:37,2024-11-07 22:50:00,2024-11-07 22:37:00,-13.0
2024-11-07,arrival,Zurich,Pristina,edelweiss,Landed,22:55,22:41,2024-11-07 22:55:00,2024-11-07 22:41:00,-14.0
2024-11-07,arrival,Zurich,Porto,swiss,Landed,22:55,23:12,2024-11-07 22:55:00,2024-11-07 23:12:00,17.0
2024-11-07,arrival,Zurich,Shanghai,swiss,Landed,19:00,18:24,2024-11-07 19:00:00,2024-11-07 18:24:00,-36.0
2024-11-07,arrival,Zurich,Warsaw,lot,Landed,19:05,19:14,2024-11-07 19:05:00,2024-11-07 19:14:00,9.0
2024-11-07,arrival,Zurich,Luxorvia Sharm El Sheikh,edelweiss,Landed,19:10,18:54,2024-11-07 19:10:00,2024-11-07 18:54:00,-16.0
2024-11-07,arrival,Zurich,Frankfurt,lufthansa_neu,Landed,19:10,19:01,2024-11-07 19:10:00,2024-11-07 19:01:00,-9.0
2024-11-07,arrival,Zurich,Zagreb,croatia_v2,Landed,19:15,19:31,2024-11-07 19:15:00,2024-11-07 19:31:00,16.0
2024-11-07,arrival,Zurich,Gran Canaria,edelweiss,Landed,19:15,19:09,2024-11-07 19:15:00,2024-11-07 19:09:00,-6.0
2024-11-07,arrival,Zurich,Tenerife,edelweiss,Landed,19:15,19:08,2024-11-07 19:15:00,2024-11-07 19:08:00,-7.0
2024-11-07,arrival,Zurich,Lisbon,swiss,Landed,19:15,19:36,2024-11-07 19:15:00,2024-11-07 19:36:00,21.0
2024-11-07,arrival,Zurich,Madeira,edelweiss,Landed,19:20,19:05,2024-11-07 19:20:00,2024-11-07 19:05:00,-15.0
2024-11-07,arrival,Zurich,Pristina,gp-aviation,Landed,19:20,19:27,2024-11-07 19:20:00,2024-11-07 19:27:00,7.0
2024-11-07,arrival,Zurich,Bangkok,swiss,Landed,19:25,19:21,2024-11-07 19:25:00,2024-11-07 19:21:00,-4.0
2024-11-07,arrival,Zurich,Berlin,euro,Landed,19:30,19:25,2024-11-07 19:30:00,2024-11-07 19:25:00,-5.0
2024-11-07,arrival,Zurich,Hamburg,euro,Landed,19:30,20:01,2024-11-07 19:30:00,2024-11-07 20:01:00,31.0
2024-11-07,arrival,Zurich,Cologne Bonn,euro,Landed,19:30,19:42,2024-11-07 19:30:00,2024-11-07 19:42:00,12.0
2024-11-07,arrival,Zurich,Athens,swiss,Landed,19:35,19:37,2024-11-07 19:35:00,2024-11-07 19:37:00,2.0
2024-11-07,arrival,Zurich,Munich,lufthansa_neu,Landed,19:35,19:38,2024-11-07 19:35:00,2024-11-07 19:38:00,3.0
2024-11-07,arrival,Zurich,Copenhagen,sas,Landed,19:45,19:55,2024-11-07 19:45:00,2024-11-07 19:55:00,10.0
2024-11-07,arrival,Zurich,Düsseldorf,swiss,Landed,19:45,19:45,2024-11-07 19:45:00,2024-11-07 19:45:00,0.0
2024-11-07,arrival,Zurich,Vienna,austrian,Landed,19:50,19:47,2024-11-07 19:50:00,2024-11-07 19:47:00,-3.0
2024-11-07,arrival,Zurich,Dubai DXB,emirates-neu,Landed,19:50,19:52,2024-11-07 19:50:00,2024-11-07 19:52:00,2.0
2024-11-07,arrival,Zurich,Brussels,swiss,Landed,19:55,19:57,2024-11-07 19:55:00,2024-11-07 19:57:00,2.0
2024-11-07,arrival,Zurich,Hurghada,edelweiss,Landed,19:55,19:45,2024-11-07 19:55:00,2024-11-07 19:45:00,-10.0
2024-11-07,arrival,Zurich,Belgrade,serbia,Landed,19:55,19:38,2024-11-07 19:55:00,2024-11-07 19:38:00,-17.0
2024-11-07,arrival,Zurich,Geneva,swiss,Landed,19:55,19:51,2024-11-07 19:55:00,2024-11-07 19:51:00,-4.0
2024-11-07,arrival,Zurich,London LHR,swiss,Landed,20:00,20:00,2024-11-07 20:00:00,2024-11-07 20:00:00,0.0
2024-11-07,arrival,Zurich,Luxembourg,swiss,Landed,20:00,20:03,2024-11-07 20:00:00,2024-11-07 20:03:00,3.0
2024-11-07,arrival,Zurich,Florence,swiss,Landed,20:05,20:15,2024-11-07 20:05:00,2024-11-07 20:15:00,10.0
2024-11-07,arrival,Zurich,Lanzarotevia Fuerteventura,edelweiss,Landed,20:05,20:13,2024-11-07 20:05:00,2024-11-07 20:13:00,8.0
2024-11-07,arrival,Zurich,Berlin,swiss,Landed,20:05,20:12,2024-11-07 20:05:00,2024-11-07 20:12:00,7.0
2024-11-07,arrival,Zurich,Hamburg,swiss,Landed,20:10,20:07,2024-11-07 20:10:00,2024-11-07 20:07:00,-3.0
2024-11-07,arrival,Zurich,Düsseldorf,euro,Landed,20:10,20:08,2024-11-07 20:10:00,2024-11-07 20:08:00,-2.0
2024-11-07,arrival,Zurich,Milan MXP,swiss,Landed,20:10,20:04,2024-11-07 20:10:00,2024-11-07 20:04:00,-6.0
2024-11-07,arrival,Zurich,Palma De Mallorca,swiss,Landed,20:15,20:12,2024-11-07 20:15:00,2024-11-07 20:12:00,-3.0
2024-11-07,arrival,Zurich,Graz,swiss,Landed,20:15,19:55,2024-11-07 20:15:00,2024-11-07 19:55:00,-20.0
2024-11-07,arrival,Zurich,Venice,swiss,Landed,20:15,20:11,2024-11-07 20:15:00,2024-11-07 20:11:00,-4.0
2024-11-07,arrival,Zurich,London LHR,british,Landed,20:15,19:59,2024-11-07 20:15:00,2024-11-07 19:59:00,-16.0
2024-11-07,arrival,Zurich,London LCY,swiss,Landed,20:20,20:16,2024-11-07 20:20:00,2024-11-07 20:16:00,-4.0
2024-11-07,arrival,Zurich,Barcelona,vueling,Landed,20:40,20:18,2024-11-07 20:40:00,2024-11-07 20:18:00,-22.0
2024-11-07,arrival,Zurich,Larnaca,edelweiss,Landed,17:00,16:38,2024-11-07 17:00:00,2024-11-07 16:38:00,-22.0
2024-11-07,arrival,Zurich,Lisbon,tap,Landed,17:10,17:53,2024-11-07 17:10:00,2024-11-07 17:53:00,43.0
2024-11-07,arrival,Zurich,Istanbul IST,turkish,Landed,17:10,16:49,2024-11-07 17:10:00,2024-11-07 16:49:00,-21.0
2024-11-07,arrival,Zurich,Madrid,europa,Landed,17:15,17:24,2024-11-07 17:15:00,2024-11-07 17:24:00,9.0
2024-11-07,arrival,Zurich,Frankfurt,lufthansa_neu,Landed,17:15,17:18,2024-11-07 17:15:00,2024-11-07 17:18:00,3.0
2024-11-07,arrival,Zurich,Berlin,swiss,Landed,17:15,17:06,2024-11-07 17:15:00,2024-11-07 17:06:00,-9.0
2024-11-07,arrival,Zurich,Sofia,swiss,Landed,17:20,17:19,2024-11-07 17:20:00,2024-11-07 17:19:00,-1.0
2024-11-07,arrival,Zurich,Paris CDG,airfrance,Landed,17:50,17:46,2024-11-07 17:50:00,2024-11-07 17:46:00,-4.0
2024-11-07,arrival,Zurich,Stockholm ARN,swiss,Landed,17:55,17:55,2024-11-07 17:55:00,2024-11-07 17:55:00,0.0
2024-11-07,arrival,Zurich,Bucharest,swiss,Landed,18:15,17:47,2024-11-07 18:15:00,2024-11-07 17:47:00,-28.0
2024-11-07,arrival,Zurich,Helsinki,finnair,Landed,18:20,18:10,2024-11-07 18:20:00,2024-11-07 18:10:00,-10.0
2024-11-07,arrival,Zurich,Amsterdam,klm,Landed,18:25,18:21,2024-11-07 18:25:00,2024-11-07 18:21:00,-4.0
2024-11-07,arrival,Zurich,Tokyo,swiss,Landed,18:30,18:22,2024-11-07 18:30:00,2024-11-07 18:22:00,-8.0
2024-11-07,arrival,Zurich,Berlin,swiss,Landed,18:30,18:32,2024-11-07 18:30:00,2024-11-07 18:32:00,2.0
2024-11-07,arrival,Zurich,London LCY,british,Landed,18:35,18:26,2024-11-07 18:35:00,2024-11-07 18:26:00,-9.0
2024-11-07,arrival,Zurich,Riga,baltic,Landed,18:35,18:16,2024-11-07 18:35:00,2024-11-07 18:16:00,-19.0
2024-11-07,arrival,Zurich,Tel Aviv,elalisrael,Landed,18:35,18:12,2024-11-07 18:35:00,2024-11-07 18:12:00,-23.0
2024-11-07,arrival,Zurich,Vienna,austrian,Landed,18:40,18:27,2024-11-07 18:40:00,2024-11-07 18:27:00,-13.0
2024-11-07,arrival,Zurich,Malaga,swiss,Landed,18:50,18:52,2024-11-07 18:50:00,2024-11-07 18:52:00,2.0
2024-11-07,arrival,Zurich,Madrid,iberia,Landed,18:55,18:54,2024-11-07 18:55:00,2024-11-07 18:54:00,-1.0
2024-11-07,arrival,Zurich,Porto,tap,Landed,15:05,14:42,2024-11-07 15:05:00,2024-11-07 14:42:00,-23.0
2024-11-07,arrival,Zurich,Istanbul SAW,pegasus,Landed,15:10,14:59,2024-11-07 15:10:00,2024-11-07 14:59:00,-11.0
2024-11-07,arrival,Zurich,Düsseldorf,euro,Landed,15:10,15:08,2024-11-07 15:10:00,2024-11-07 15:08:00,-2.0
2024-11-07,arrival,Zurich,Los Angeles,swiss,Landed,15:15,18:07,2024-11-07 15:15:00,2024-11-07 18:07:00,172.0
2024-11-07,arrival,Zurich,Bordeaux,easyjet,Landed,15:25,15:27,2024-11-07 15:25:00,2024-11-07 15:27:00,2.0
2024-11-07,arrival,Zurich,Porto,swiss,Landed,15:30,15:48,2024-11-07 15:30:00,2024-11-07 15:48:00,18.0
2024-11-07,arrival,Zurich,San Francisco,swiss,Landed,15:30,15:35,2024-11-07 15:30:00,2024-11-07 15:35:00,5.0
2024-11-07,arrival,Zurich,Oslo,swiss,Landed,15:30,15:22,2024-11-07 15:30:00,2024-11-07 15:22:00,-8.0
2024-11-07,arrival,Zurich,Thessaloniki,swiss,Landed,15:35,15:25,2024-11-07 15:35:00,2024-11-07 15:25:00,-10.0
2024-11-07,arrival,Zurich,Stuttgart,swiss,Landed,15:35,15:50,2024-11-07 15:35:00,2024-11-07 15:50:00,15.0
2024-11-07,arrival,Zurich,Ljubljana,swiss,Landed,15:35,15:43,2024-11-07 15:35:00,2024-11-07 15:43:00,8.0
2024-11-07,arrival,Zurich,Malaga,swiss,Landed,15:40,15:43,2024-11-07 15:40:00,2024-11-07 15:43:00,3.0
2024-11-07,arrival,Zurich,Stockholm ARN,swiss,Landed,15:40,15:44,2024-11-07 15:40:00,2024-11-07 15:44:00,4.0
2024-11-07,arrival,Zurich,Frankfurt,swiss,Landed,15:40,15:47,2024-11-07 15:40:00,2024-11-07 15:47:00,7.0
2024-11-07,arrival,Zurich,London LHR,british,Landed,15:45,15:48,2024-11-07 15:45:00,2024-11-07 15:48:00,3.0
2024-11-07,arrival,Zurich,Bologna,swiss,Landed,15:45,15:57,2024-11-07 15:45:00,2024-11-07 15:57:00,12.0
2024-11-07,arrival,Zurich,Athens,swiss,Landed,15:45,15:40,2024-11-07 15:45:00,2024-11-07 15:40:00,-5.0
2024-11-07,arrival,Zurich,Geneva,swiss,Landed,15:45,16:00,2024-11-07 15:45:00,2024-11-07 16:00:00,15.0
2024-11-07,arrival,Zurich,Berlin,easyjet,Landed,15:50,15:39,2024-11-07 15:50:00,2024-11-07 15:39:00,-11.0
2024-11-07,arrival,Zurich,Phuket,edelweiss,Landed,15:55,15:52,2024-11-07 15:55:00,2024-11-07 15:52:00,-3.0
2024-11-07,arrival,Zurich,Milan MXP,swiss,Landed,16:00,16:21,2024-11-07 16:00:00,2024-11-07 16:21:00,21.0
2024-11-07,arrival,Zurich,Florence,swiss,Landed,16:00,15:59,2024-11-07 16:00:00,2024-11-07 15:59:00,-1.0
2024-11-07,arrival,Zurich,London LCY,swiss,Landed,16:05,16:05,2024-11-07 16:05:00,2024-11-07 16:05:00,0.0
2024-11-07,arrival,Zurich,Dublin,swiss,Landed,16:05,17:06,2024-11-07 16:05:00,2024-11-07 17:06:00,61.0
2024-11-07,arrival,Zurich,Luxembourg,swiss,Landed,16:05,16:14,2024-11-07 16:05:00,2024-11-07 16:14:00,9.0
2024-11-07,arrival,Zurich,Brussels,swiss,Landed,16:10,16:22,2024-11-07 16:10:00,2024-11-07 16:22:00,12.0
2024-11-07,arrival,Zurich,Seville,edelweiss,Landed,16:10,16:21,2024-11-07 16:10:00,2024-11-07 16:21:00,11.0
2024-11-07,arrival,Zurich,Düsseldorf,swiss,Landed,16:10,16:03,2024-11-07 16:10:00,2024-11-07 16:03:00,-7.0
2024-11-07,arrival,Zurich,Prague,swiss,Landed,16:10,16:03,2024-11-07 16:10:00,2024-11-07 16:03:00,-7.0
2024-11-07,arrival,Zurich,Cairo,swiss,Landed,16:15,16:04,2024-11-07 16:15:00,2024-11-07 16:04:00,-11.0
2024-11-07,arrival,Zurich,Paris CDG,swiss,Landed,16:15,16:31,2024-11-07 16:15:00,2024-11-07 16:31:00,16.0
2024-11-07,arrival,Zurich,Berlin,swiss,Landed,16:20,16:33,2024-11-07 16:20:00,2024-11-07 16:33:00,13.0
2024-11-07,arrival,Zurich,Venice,swiss,Landed,16:20,16:06,2024-11-07 16:20:00,2024-11-07 16:06:00,-14.0
2024-11-07,arrival,Zurich,Lisbon,swiss,Landed,16:20,16:14,2024-11-07 16:20:00,2024-11-07 16:14:00,-6.0
2024-11-07,arrival,Zurich,Vienna,swiss,Landed,16:25,16:17,2024-11-07 16:25:00,2024-11-07 16:17:00,-8.0
2024-11-07,arrival,Zurich,Hamburg,swiss,Landed,16:25,16:23,2024-11-07 16:25:00,2024-11-07 16:23:00,-2.0
2024-11-07,arrival,Zurich,Rome FCO,swiss,Landed,16:25,17:00,2024-11-07 16:25:00,2024-11-07 17:00:00,35.0
2024-11-07,arrival,Zurich,Bordeaux,swiss,Landed,16:30,16:26,2024-11-07 16:30:00,2024-11-07 16:26:00,-4.0
2024-11-07,arrival,Zurich,Belgrade,swiss,Landed,16:30,16:18,2024-11-07 16:30:00,2024-11-07 16:18:00,-12.0
2024-11-07,arrival,Zurich,Munich,lufthansa_neu,Landed,16:30,16:44,2024-11-07 16:30:00,2024-11-07 16:44:00,14.0
2024-11-07,arrival,Zurich,Dresden,swiss,Landed,16:30,16:15,2024-11-07 16:30:00,2024-11-07 16:15:00,-15.0
2024-11-07,arrival,Zurich,Warsaw,swiss,Landed,16:35,16:27,2024-11-07 16:35:00,2024-11-07 16:27:00,-8.0
2024-11-07,arrival,Zurich,Copenhagen,swiss,Landed,16:35,16:28,2024-11-07 16:35:00,2024-11-07 16:28:00,-7.0
2024-11-07,arrival,Zurich,Budapest,swiss,Landed,16:35,16:34,2024-11-07 16:35:00,2024-11-07 16:34:00,-1.0
2024-11-07,arrival,Zurich,Nice,swiss,Landed,16:40,16:46,2024-11-07 16:40:00,2024-11-07 16:46:00,6.0
2024-11-07,arrival,Zurich,Barcelona,swiss,Landed,16:40,16:44,2024-11-07 16:40:00,2024-11-07 16:44:00,4.0
2024-11-07,arrival,Zurich,Marsa Alam,chair,Landed,16:40,16:32,2024-11-07 16:40:00,2024-11-07 16:32:00,-8.0
2024-11-07,arrival,Zurich,London LHR,swiss,Landed,16:45,16:33,2024-11-07 16:45:00,2024-11-07 16:33:00,-12.0
2024-11-07,arrival,Zurich,Amsterdam,klm,Landed,16:45,16:52,2024-11-07 16:45:00,2024-11-07 16:52:00,7.0
2024-11-07,arrival,Zurich,Palma De Mallorca,edelweiss,Landed,16:45,16:55,2024-11-07 16:45:00,2024-11-07 16:55:00,10.0
2024-11-07,arrival,Zurich,Palermo,swiss,Landed,16:50,16:44,2024-11-07 16:50:00,2024-11-07 16:44:00,-6.0
2024-11-07,arrival,Zurich,Amsterdam,swiss,Landed,16:50,17:03,2024-11-07 16:50:00,2024-11-07 17:03:00,13.0
2024-11-07,arrival,Zurich,Malta,km_malta_airlines,Landed,16:50,16:39,2024-11-07 16:50:00,2024-11-07 16:39:00,-11.0
2024-11-07,arrival,Zurich,Naples NAP,swiss,Landed,16:55,18:05,2024-11-07 16:55:00,2024-11-07 18:05:00,70.0
2024-11-07,arrival,Zurich,Heraklion,edelweiss,Landed,13:00,12:44,2024-11-07 13:00:00,2024-11-07 12:44:00,-16.0
2024-11-07,arrival,Zurich,Izmir,sun,Landed,13:10,13:02,2024-11-07 13:10:00,2024-11-07 13:02:00,-8.0
2024-11-07,arrival,Zurich,Istanbul SAW,ajet_logo,Landed,13:15,12:55,2024-11-07 13:15:00,2024-11-07 12:55:00,-20.0
2024-11-07,arrival,Zurich,Frankfurt,lufthansa_neu,Landed,13:35,13:50,2024-11-07 13:35:00,2024-11-07 13:50:00,15.0
2024-11-07,arrival,Zurich,Amsterdam,klm,Landed,13:35,13:32,2024-11-07 13:35:00,2024-11-07 13:32:00,-3.0
2024-11-07,arrival,Zurich,Doha,qatar,Landed,13:40,13:05,2024-11-07 13:40:00,2024-11-07 13:05:00,-35.0
2024-11-07,arrival,Zurich,Istanbul IST,turkish,Landed,13:55,14:15,2024-11-07 13:55:00,2024-11-07 14:15:00,20.0
2024-11-07,arrival,Zurich,Palma De Mallorca,swiss,Landed,14:05,14:08,2024-11-07 14:05:00,2024-11-07 14:08:00,3.0
2024-11-07,arrival,Zurich,London LCY,british,Landed,14:10,14:11,2024-11-07 14:10:00,2024-11-07 14:11:00,1.0
2024-11-07,arrival,Zurich,Vienna,austrian,Landed,14:20,14:12,2024-11-07 14:20:00,2024-11-07 14:12:00,-8.0
2024-11-07,arrival,Zurich,Amman,jordanian,Landed,14:25,13:49,2024-11-07 14:25:00,2024-11-07 13:49:00,-36.0
2024-11-07,arrival,Zurich,Bogotávia Cartagena,edelweiss,Landed,14:30,14:38,2024-11-07 14:30:00,2024-11-07 14:38:00,8.0
2024-11-07,arrival,Zurich,Zurich,edelweiss,Landed,14:40,15:15,2024-11-07 14:40:00,2024-11-07 15:15:00,35.0
2024-11-07,arrival,Zurich,Hurghada,cairo,Landed,14:40,14:31,2024-11-07 14:40:00,2024-11-07 14:31:00,-9.0
2024-11-07,arrival,Zurich,London LHR,swiss,Landed,14:45,14:55,2024-11-07 14:45:00,2024-11-07 14:55:00,10.0
2024-11-07,arrival,Zurich,Hamburg,euro,Landed,14:55,14:45,2024-11-07 14:55:00,2024-11-07 14:45:00,-10.0
2024-11-07,arrival,Zurich,Geneva,swiss,Landed,11:00,11:06,2024-11-07 11:00:00,2024-11-07 11:06:00,6.0
2024-11-07,arrival,Zurich,Hamburg,swiss,Landed,11:00,10:54,2024-11-07 11:00:00,2024-11-07 10:54:00,-6.0
2024-11-07,arrival,Zurich,Düsseldorf,swiss,Landed,11:00,10:59,2024-11-07 11:00:00,2024-11-07 10:59:00,-1.0
2024-11-07,arrival,Zurich,Brussels,swiss,Landed,11:05,11:11,2024-11-07 11:05:00,2024-11-07 11:11:00,6.0
2024-11-07,arrival,Zurich,Amsterdam,klm,Landed,11:05,11:16,2024-11-07 11:05:00,2024-11-07 11:16:00,11.0
2024-11-07,arrival,Zurich,Vienna,swiss,Landed,11:05,10:59,2024-11-07 11:05:00,2024-11-07 10:59:00,-6.0
2024-11-07,arrival,Zurich,Berlin,swiss,Landed,11:05,10:57,2024-11-07 11:05:00,2024-11-07 10:57:00,-8.0
2024-11-07,arrival,Zurich,Prague,swiss,Landed,11:10,11:02,2024-11-07 11:10:00,2024-11-07 11:02:00,-8.0
2024-11-07,arrival,Zurich,Boston,swiss,Landed,11:10,11:23,2024-11-07 11:10:00,2024-11-07 11:23:00,13.0
2024-11-07,arrival,Zurich,Stuttgart,swiss,Landed,11:10,10:51,2024-11-07 11:10:00,2024-11-07 10:51:00,-19.0
2024-11-07,arrival,Zurich,Madrid,iberia,Landed,11:10,11:31,2024-11-07 11:10:00,2024-11-07 11:31:00,21.0
2024-11-07,arrival,Zurich,Amsterdam,swiss,Landed,11:15,11:26,2024-11-07 11:15:00,2024-11-07 11:26:00,11.0
2024-11-07,arrival,Zurich,Budapest,swiss,Landed,11:15,11:19,2024-11-07 11:15:00,2024-11-07 11:19:00,4.0
2024-11-07,arrival,Zurich,Venice,swiss,Landed,11:15,11:08,2024-11-07 11:15:00,2024-11-07 11:08:00,-7.0
2024-11-07,arrival,Zurich,Nice,swiss,Landed,11:20,11:12,2024-11-07 11:20:00,2024-11-07 11:12:00,-8.0
2024-11-07,arrival,Zurich,Paris CDG,swiss,Landed,11:20,11:16,2024-11-07 11:20:00,2024-11-07 11:16:00,-4.0
2024-11-07,arrival,Zurich,Rome FCO,swiss,Landed,11:20,11:42,2024-11-07 11:20:00,2024-11-07 11:42:00,22.0
2024-11-07,arrival,Zurich,Geneva,swiss,Landed,11:30,11:20,2024-11-07 11:30:00,2024-11-07 11:20:00,-10.0
2024-11-07,arrival,Zurich,Newark,swiss,Cancelled,11:40,11:40,2024-11-07 11:40:00,2024-11-07 11:40:00,0.0
2024-11-07,arrival,Zurich,Copenhagen,swiss,Landed,11:40,11:15,2024-11-07 11:40:00,2024-11-07 11:15:00,-25.0
2024-11-07,arrival,Zurich,Sarajevo,swiss,Landed,11:40,13:05,2024-11-07 11:40:00,2024-11-07 13:05:00,85.0
2024-11-07,arrival,Zurich,Barcelona,swiss,Landed,11:40,12:26,2024-11-07 11:40:00,2024-11-07 12:26:00,46.0
2024-11-07,arrival,Zurich,Milan MXP,swiss,Landed,11:45,11:37,2024-11-07 11:45:00,2024-11-07 11:37:00,-8.0
2024-11-07,arrival,Zurich,Pristina,edelweiss,Landed,11:50,11:37,2024-11-07 11:50:00,2024-11-07 11:37:00,-13.0
2024-11-07,arrival,Zurich,Tirana,swiss,Landed,11:50,11:46,2024-11-07 11:50:00,2024-11-07 11:46:00,-4.0
2024-11-07,arrival,Zurich,London LHR,swiss,Landed,11:50,11:34,2024-11-07 11:50:00,2024-11-07 11:34:00,-16.0
2024-11-07,arrival,Zurich,Cluj-Napoca,swiss,Landed,11:50,11:34,2024-11-07 11:50:00,2024-11-07 11:34:00,-16.0
2024-11-07,arrival,Zurich,Manchester,swiss,Landed,11:55,11:53,2024-11-07 11:55:00,2024-11-07 11:53:00,-2.0
2024-11-07,arrival,Zurich,San Josevia Liberia,edelweiss,Landed,11:55,12:22,2024-11-07 11:55:00,2024-11-07 12:22:00,27.0
2024-11-07,arrival,Zurich,Bologna,swiss,Landed,12:00,11:54,2024-11-07 12:00:00,2024-11-07 11:54:00,-6.0
2024-11-07,arrival,Zurich,London LHR,british,Landed,12:00,11:56,2024-11-07 12:00:00,2024-11-07 11:56:00,-4.0
2024-11-07,arrival,Zurich,London LCY,swiss,Landed,12:00,11:58,2024-11-07 12:00:00,2024-11-07 11:58:00,-2.0
2024-11-07,arrival,Zurich,Malta,swiss,Landed,12:05,12:01,2024-11-07 12:05:00,2024-11-07 12:01:00,-4.0
2024-11-07,arrival,Zurich,Valencia,swiss,Landed,12:05,12:00,2024-11-07 12:05:00,2024-11-07 12:00:00,-5.0
2024-11-07,arrival,Zurich,Amsterdam,swiss,Landed,12:05,12:32,2024-11-07 12:05:00,2024-11-07 12:32:00,27.0
2024-11-07,arrival,Zurich,Reykjavík,iceland,Landed,12:05,12:15,2024-11-07 12:05:00,2024-11-07 12:15:00,10.0
2024-11-07,arrival,Zurich,Oslo,sas,Landed,12:10,11:58,2024-11-07 12:10:00,2024-11-07 11:58:00,-12.0
2024-11-07,arrival,Zurich,Madrid,swiss,Landed,12:20,12:28,2024-11-07 12:20:00,2024-11-07 12:28:00,8.0
2024-11-07,arrival,Zurich,Alicante,swiss,Landed,12:20,12:17,2024-11-07 12:20:00,2024-11-07 12:17:00,-3.0
2024-11-07,arrival,Zurich,Berlin,swiss,Landed,12:20,12:08,2024-11-07 12:20:00,2024-11-07 12:08:00,-12.0
2024-11-07,arrival,Zurich,Dubai DXB,emirates-neu,Landed,12:25,12:02,2024-11-07 12:25:00,2024-11-07 12:02:00,-23.0
2024-11-07,arrival,Zurich,Hamburg,swiss,Landed,12:30,12:30,2024-11-07 12:30:00,2024-11-07 12:30:00,0.0
2024-11-07,arrival,Zurich,Podgorica,air-montenegro,Landed,12:40,12:09,2024-11-07 12:40:00,2024-11-07 12:09:00,-31.0
2024-11-07,arrival,Zurich,Vilnius,swiss,Landed,12:45,12:26,2024-11-07 12:45:00,2024-11-07 12:26:00,-19.0
2024-11-07,arrival,Zurich,Antalya,sun,Landed,12:50,12:42,2024-11-07 12:50:00,2024-11-07 12:42:00,-8.0
2024-11-07,arrival,Zurich,Munich,lufthansa_neu,Landed,12:55,12:51,2024-11-07 12:55:00,2024-11-07 12:51:00,-4.0
2024-11-07,arrival,Zurich,Hamburg,euro,Landed,09:05,08:57,2024-11-07 09:05:00,2024-11-07 08:57:00,-8.0
2024-11-07,arrival,Zurich,London LHR,british,Landed,09:20,09:38,2024-11-07 09:20:00,2024-11-07 09:38:00,18.0
2024-11-07,arrival,Zurich,London LCY,british,Landed,09:30,09:22,2024-11-07 09:30:00,2024-11-07 09:22:00,-8.0
2024-11-07,arrival,Zurich,Warsaw,lot,Landed,09:35,09:39,2024-11-07 09:35:00,2024-11-07 09:39:00,4.0
2024-11-07,arrival,Zurich,Copenhagen,sas,Landed,09:45,09:49,2024-11-07 09:45:00,2024-11-07 09:49:00,4.0
2024-11-07,arrival,Zurich,Paris CDG,airfrance,Landed,09:50,09:44,2024-11-07 09:50:00,2024-11-07 09:44:00,-6.0
2024-11-07,arrival,Zurich,Vienna,austrian,Landed,09:50,09:35,2024-11-07 09:50:00,2024-11-07 09:35:00,-15.0
2024-11-07,arrival,Zurich,Helsinki,finnair,Landed,09:50,09:32,2024-11-07 09:50:00,2024-11-07 09:32:00,-18.0
2024-11-07,arrival,Zurich,Frankfurt,swiss,Landed,10:05,09:59,2024-11-07 10:05:00,2024-11-07 09:59:00,-6.0
2024-11-07,arrival,Zurich,Madrid,europa,Landed,10:05,09:55,2024-11-07 10:05:00,2024-11-07 09:55:00,-10.0
2024-11-07,arrival,Zurich,Zagreb,croatia_v2,Landed,10:05,10:02,2024-11-07 10:05:00,2024-11-07 10:02:00,-3.0
2024-11-07,arrival,Zurich,Istanbul IST,turkish,Landed,10:10,10:08,2024-11-07 10:10:00,2024-11-07 10:08:00,-2.0
2024-11-07,arrival,Zurich,Munich,swiss,Landed,10:10,10:21,2024-11-07 10:10:00,2024-11-07 10:21:00,11.0
2024-11-07,arrival,Zurich,Athens,aegan,Landed,10:20,10:18,2024-11-07 10:20:00,2024-11-07 10:18:00,-2.0
2024-11-07,arrival,Zurich,Cape Town,edelweiss,Landed,10:25,09:51,2024-11-07 10:25:00,2024-11-07 09:51:00,-34.0
2024-11-07,arrival,Zurich,Toronto,canada,Landed,10:25,10:39,2024-11-07 10:25:00,2024-11-07 10:39:00,14.0
2024-11-07,arrival,Zurich,New York,delta,Landed,10:30,10:16,2024-11-07 10:30:00,2024-11-07 10:16:00,-14.0
2024-11-07,arrival,Zurich,Frankfurt,lufthansa_neu,Landed,10:30,10:29,2024-11-07 10:30:00,2024-11-07 10:29:00,-1.0
2024-11-07,arrival,Zurich,Istanbul SAW,pegasus,Landed,10:35,10:31,2024-11-07 10:35:00,2024-11-07 10:31:00,-4.0
2024-11-07,arrival,Zurich,Buenos Airesvia Sao Paulo,swiss,Landed,10:35,11:04,2024-11-07 10:35:00,2024-11-07 11:04:00,29.0
2024-11-07,arrival,Zurich,London LGW,easyjet,Landed,10:40,10:41,2024-11-07 10:40:00,2024-11-07 10:41:00,1.0
2024-11-07,arrival,Zurich,New York,swiss,Landed,10:40,10:43,2024-11-07 10:40:00,2024-11-07 10:43:00,3.0
2024-11-07,arrival,Zurich,Chicago,swiss,Landed,10:45,10:35,2024-11-07 10:45:00,2024-11-07 10:35:00,-10.0
2024-11-07,arrival,Zurich,Miami,swiss,Landed,10:50,10:54,2024-11-07 10:50:00,2024-11-07 10:54:00,4.0
2024-11-07,arrival,Zurich,Hanover,swiss,Landed,10:55,10:48,2024-11-07 10:55:00,2024-11-07 10:48:00,-7.0
2024-11-07,arrival,Zurich,Catania,edelweiss,Landed,10:55,11:05,2024-11-07 10:55:00,2024-11-07 11:05:00,10.0
2024-11-07,arrival,Zurich,Florence,swiss,Landed,10:55,10:41,2024-11-07 10:55:00,2024-11-07 10:41:00,-14.0
2024-11-07,arrival,Zurich,Pristina,chair,Landed,10:55,10:50,2024-11-07 10:55:00,2024-11-07 10:50:00,-5.0
2024-11-07,arrival,Zurich,Doha,qatar,Landed,07:10,07:00,2024-11-07 07:10:00,2024-11-07 07:00:00,-10.0
2024-11-07,arrival,Zurich,Hong Kong,cathay,Landed,07:30,07:06,2024-11-07 07:30:00,2024-11-07 07:06:00,-24.0
2024-11-07,arrival,Zurich,Addis Ababavia Milan,ethiopianairlineslogosvg,Landed,07:40,07:09,2024-11-07 07:40:00,2024-11-07 07:09:00,-31.0
2024-11-07,arrival,Zurich,Washington,united,Landed,07:40,07:27,2024-11-07 07:40:00,2024-11-07 07:27:00,-13.0
2024-11-07,arrival,Zurich,Cologne Bonn,euro,Landed,07:45,07:31,2024-11-07 07:45:00,2024-11-07 07:31:00,-14.0
2024-11-07,arrival,Zurich,Milan MXP,swiss,Cancelled,07:45,07:45,2024-11-07 07:45:00,2024-11-07 07:45:00,0.0
2024-11-07,arrival,Zurich,Ljubljana,swiss,Landed,07:50,07:35,2024-11-07 07:50:00,2024-11-07 07:35:00,-15.0
2024-11-07,arrival,Zurich,Singapore,singapore,Landed,07:50,09:14,2024-11-07 07:50:00,2024-11-07 09:14:00,84.0
2024-11-07,arrival,Zurich,Chicago,united,Landed,07:55,07:40,2024-11-07 07:55:00,2024-11-07 07:40:00,-15.0
2024-11-07,arrival,Zurich,Budapest,swiss,Landed,07:55,07:59,2024-11-07 07:55:00,2024-11-07 07:59:00,4.0
2024-11-07,arrival,Zurich,Düsseldorf,euro,Landed,07:55,07:49,2024-11-07 07:55:00,2024-11-07 07:49:00,-6.0
2024-11-07,arrival,Zurich,Brussels,brussels_airlines_logo,Landed,07:55,07:53,2024-11-07 07:55:00,2024-11-07 07:53:00,-2.0
2024-11-07,arrival,Zurich,Berlin,easyjet,Landed,08:00,07:43,2024-11-07 08:00:00,2024-11-07 07:43:00,-17.0
2024-11-07,arrival,Zurich,Bucharest,swiss,Landed,08:05,07:51,2024-11-07 08:05:00,2024-11-07 07:51:00,-14.0
2024-11-07,arrival,Zurich,Prague,swiss,Landed,08:10,07:47,2024-11-07 08:10:00,2024-11-07 07:47:00,-23.0
2024-11-07,arrival,Zurich,Malaga,swiss,Landed,08:15,08:06,2024-11-07 08:15:00,2024-11-07 08:06:00,-9.0
2024-11-07,arrival,Zurich,Berlin,euro,Landed,08:15,08:00,2024-11-07 08:15:00,2024-11-07 08:00:00,-15.0
2024-11-07,arrival,Zurich,Amsterdam,klm,Landed,08:15,08:03,2024-11-07 08:15:00,2024-11-07 08:03:00,-12.0
2024-11-07,arrival,Zurich,Philadelphia,american,Landed,08:15,08:38,2024-11-07 08:15:00,2024-11-07 08:38:00,23.0
2024-11-07,arrival,Zurich,Frankfurt,lufthansa_neu,Landed,08:20,08:24,2024-11-07 08:20:00,2024-11-07 08:24:00,4.0
2024-11-07,arrival,Zurich,Amsterdam,swiss,Landed,08:25,08:22,2024-11-07 08:25:00,2024-11-07 08:22:00,-3.0
2024-11-07,arrival,Zurich,Vienna,austrian,Landed,08:25,08:19,2024-11-07 08:25:00,2024-11-07 08:19:00,-6.0
2024-11-07,arrival,Zurich,Geneva,swiss,Landed,08:30,08:33,2024-11-07 08:30:00,2024-11-07 08:33:00,3.0
2024-11-07,arrival,Zurich,Barcelona,swiss,Landed,08:30,08:34,2024-11-07 08:30:00,2024-11-07 08:34:00,4.0
2024-11-07,arrival,Zurich,Stockholm ARN,swiss,Landed,08:35,08:31,2024-11-07 08:35:00,2024-11-07 08:31:00,-4.0
2024-11-07,arrival,Zurich,London LHR,swiss,Landed,08:40,08:42,2024-11-07 08:40:00,2024-11-07 08:42:00,2.0
2024-11-07,arrival,Zurich,Newark,united,Landed,08:40,08:21,2024-11-07 08:40:00,2024-11-07 08:21:00,-19.0
2024-11-07,arrival,Zurich,Copenhagen,swiss,Landed,08:45,08:26,2024-11-07 08:45:00,2024-11-07 08:26:00,-19.0
2024-11-07,arrival,Zurich,Paris CDG,swiss,Landed,08:45,08:34,2024-11-07 08:45:00,2024-11-07 08:34:00,-11.0
2024-11-07,arrival,Zurich,Berlin,swiss,Landed,08:45,08:29,2024-11-07 08:45:00,2024-11-07 08:29:00,-16.0
2024-11-07,arrival,Zurich,Munich,lufthansa_neu,Landed,08:45,08:56,2024-11-07 08:45:00,2024-11-07 08:56:00,11.0
2024-11-07,arrival,Zurich,Belgrade,serbia,Landed,08:50,08:45,2024-11-07 08:50:00,2024-11-07 08:45:00,-5.0
2024-11-07,arrival,Zurich,Barcelona,vueling,Landed,08:50,08:42,2024-11-07 08:50:00,2024-11-07 08:42:00,-8.0
2024-11-07,arrival,Zurich,Athens,swiss,Landed,08:55,08:43,2024-11-07 08:55:00,2024-11-07 08:43:00,-12.0
2024-11-07,arrival,Zurich,Hong Kong,swiss,Landed,06:10,06:09,2024-11-07 06:10:00,2024-11-07 06:09:00,-1.0
2024-11-07,arrival,Zurich,Singapore,swiss,Landed,06:10,06:20,2024-11-07 06:10:00,2024-11-07 06:20:00,10.0
2024-11-07,arrival,Zurich,Mumbai,swiss,Landed,06:10,06:15,2024-11-07 06:10:00,2024-11-07 06:15:00,5.0
2024-11-07,arrival,Zurich,New York,swiss,Landed,06:10,06:13,2024-11-07 06:10:00,2024-11-07 06:13:00,3.0
2024-11-07,arrival,Zurich,Montreal,swiss,Landed,06:15,06:22,2024-11-07 06:15:00,2024-11-07 06:22:00,7.0
2024-11-07,arrival,Zurich,Johannesburg,swiss,Landed,06:15,06:11,2024-11-07 06:15:00,2024-11-07 06:11:00,-4.0
2024-11-07,arrival,Zurich,Dubai DXB,swiss,Landed,06:15,06:17,2024-11-07 06:15:00,2024-11-07 06:17:00,2.0
2024-11-07,arrival,Zurich,Delhi,swiss,Landed,06:20,06:24,2024-11-07 06:20:00,2024-11-07 06:24:00,4.0
2024-11-07,arrival,Zurich,Abu Dhabi AUH,etihad,Landed,06:30,06:40,2024-11-07 06:30:00,2024-11-07 06:40:00,10.0
2024-11-07,arrival,Zurich,Boston,swiss,Landed,06:35,06:47,2024-11-07 06:35:00,2024-11-07 06:47:00,12.0
2024-11-07,arrival,Zurich,Bangkok,thai,Landed,06:55,06:57,2024-11-07 06:55:00,2024-11-07 06:57:00,2.0
2024-11-07,departure,Zurich,Geneva,swiss,Departed,21:00,21:00,2024-11-07 21:00:00,2024-11-07 21:00:00,0.0
2024-11-07,departure,Zurich,Prague,swiss,Departed,21:00,21:04,2024-11-07 21:00:00,2024-11-07 21:04:00,4.0
2024-11-07,departure,Zurich,Athens,swiss,Departed,21:00,21:05,2024-11-07 21:00:00,2024-11-07 21:05:00,5.0
2024-11-07,departure,Zurich,London LHR,british,Departed,21:05,21:05,2024-11-07 21:05:00,2024-11-07 21:05:00,0.0
2024-11-07,departure,Zurich,Bucharest,swiss,Departed,21:05,21:05,2024-11-07 21:05:00,2024-11-07 21:05:00,0.0
2024-11-07,departure,Zurich,Ljubljana,swiss,Departed,21:05,21:00,2024-11-07 21:05:00,2024-11-07 21:00:00,-5.0
2024-11-07,departure,Zurich,Budapest,swiss,Departed,21:10,21:35,2024-11-07 21:10:00,2024-11-07 21:35:00,25.0
2024-11-07,departure,Zurich,Barcelona,swiss,Departed,21:10,21:00,2024-11-07 21:10:00,2024-11-07 21:00:00,-10.0
2024-11-07,departure,Zurich,Copenhagen,swiss,Departed,21:15,21:15,2024-11-07 21:15:00,2024-11-07 21:15:00,0.0
2024-11-07,departure,Zurich,Milan MXP,swiss,Departed,21:15,21:25,2024-11-07 21:15:00,2024-11-07 21:25:00,10.0
2024-11-07,departure,Zurich,Barcelona,vueling,Departed,21:25,21:25,2024-11-07 21:25:00,2024-11-07 21:25:00,0.0
2024-11-07,departure,Zurich,Porto,easyjet,Departed,21:40,21:55,2024-11-07 21:40:00,2024-11-07 21:55:00,15.0
2024-11-07,departure,Zurich,Dubai DXB,emirates-neu,Departed,21:50,21:55,2024-11-07 21:50:00,2024-11-07 21:55:00,5.0
2024-11-07,departure,Zurich,Malaga,swiss,Departed,22:25,22:20,2024-11-07 22:25:00,2024-11-07 22:20:00,-5.0
2024-11-07,departure,Zurich,Singapore,swiss,Departed,22:40,22:45,2024-11-07 22:40:00,2024-11-07 22:45:00,5.0
2024-11-07,departure,Zurich,Sao Paulo,swiss,Departed,22:40,22:40,2024-11-07 22:40:00,2024-11-07 22:40:00,0.0
2024-11-07,departure,Zurich,Hong Kong,swiss,Departed,22:40,22:40,2024-11-07 22:40:00,2024-11-07 22:40:00,0.0
2024-11-07,departure,Zurich,Johannesburg,swiss,Departed,22:45,22:45,2024-11-07 22:45:00,2024-11-07 22:45:00,0.0
2024-11-07,departure,Zurich,Helsinki,finnair,Departed,19:05,18:55,2024-11-07 19:05:00,2024-11-07 18:55:00,-10.0
2024-11-07,departure,Zurich,Munich,swiss,Departed,19:05,19:15,2024-11-07 19:05:00,2024-11-07 19:15:00,10.0
2024-11-07,departure,Zurich,Amsterdam,klm,Departed,19:10,19:05,2024-11-07 19:10:00,2024-11-07 19:05:00,-5.0
2024-11-07,departure,Zurich,London LCY,british,Departed,19:15,19:10,2024-11-07 19:15:00,2024-11-07 19:10:00,-5.0
2024-11-07,departure,Zurich,Riga,baltic,Departed,19:20,19:35,2024-11-07 19:20:00,2024-11-07 19:35:00,15.0
2024-11-07,departure,Zurich,Vienna,austrian,Departed,19:25,19:30,2024-11-07 19:25:00,2024-11-07 19:30:00,5.0
2024-11-07,departure,Zurich,Madrid,iberia,Departed,19:40,19:45,2024-11-07 19:40:00,2024-11-07 19:45:00,5.0
2024-11-07,departure,Zurich,Zagreb,croatia_v2,Departed,19:55,20:05,2024-11-07 19:55:00,2024-11-07 20:05:00,10.0
2024-11-07,departure,Zurich,Warsaw,lot,Departed,19:55,20:20,2024-11-07 19:55:00,2024-11-07 20:20:00,25.0
2024-11-07,departure,Zurich,Tel Aviv,elalisrael,Departed,19:55,20:10,2024-11-07 19:55:00,2024-11-07 20:10:00,15.0
2024-11-07,departure,Zurich,Frankfurt,lufthansa_neu,Departed,20:05,20:00,2024-11-07 20:05:00,2024-11-07 20:00:00,-5.0
2024-11-07,departure,Zurich,Hamburg,euro,Departed,20:10,20:35,2024-11-07 20:10:00,2024-11-07 20:35:00,25.0
2024-11-07,departure,Zurich,Berlin,euro,Departed,20:10,20:10,2024-11-07 20:10:00,2024-11-07 20:10:00,0.0
2024-11-07,departure,Zurich,Cologne Bonn,euro,Departed,20:10,20:15,2024-11-07 20:10:00,2024-11-07 20:15:00,5.0
2024-11-07,departure,Zurich,Addis Ababavia Milan,ethiopianairlineslogosvg,Departed,20:15,20:05,2024-11-07 20:15:00,2024-11-07 20:05:00,-10.0
2024-11-07,departure,Zurich,Munich,lufthansa_neu,Departed,20:15,20:15,2024-11-07 20:15:00,2024-11-07 20:15:00,0.0
2024-11-07,departure,Zurich,Pristina,gp-aviation,Departed,20:20,20:20,2024-11-07 20:20:00,2024-11-07 20:20:00,0.0
2024-11-07,departure,Zurich,Copenhagen,sas,Departed,20:25,20:40,2024-11-07 20:25:00,2024-11-07 20:40:00,15.0
2024-11-07,departure,Zurich,Belgrade,serbia,Departed,20:40,20:40,2024-11-07 20:40:00,2024-11-07 20:40:00,0.0
2024-11-07,departure,Zurich,Vienna,austrian,Departed,20:45,20:50,2024-11-07 20:45:00,2024-11-07 20:50:00,5.0
2024-11-07,departure,Zurich,Amsterdam,swiss,Departed,20:45,20:45,2024-11-07 20:45:00,2024-11-07 20:45:00,0.0
2024-11-07,departure,Zurich,Düsseldorf,euro,Departed,20:50,21:05,2024-11-07 20:50:00,2024-11-07 21:05:00,15.0
2024-11-07,departure,Zurich,Stockholm ARN,swiss,Departed,20:55,21:10,2024-11-07 20:55:00,2024-11-07 21:10:00,15.0
2024-11-07,departure,Zurich,Paris CDG,swiss,Departed,20:55,20:55,2024-11-07 20:55:00,2024-11-07 20:55:00,0.0
2024-11-07,departure,Zurich,Berlin,swiss,Departed,20:55,20:55,2024-11-07 20:55:00,2024-11-07 20:55:00,0.0
2024-11-07,departure,Zurich,London LHR,swiss,Departed,20:55,20:55,2024-11-07 20:55:00,2024-11-07 20:55:00,0.0
2024-11-07,departure,Zurich,Djerba,edelweiss,Departed,17:00,17:05,2024-11-07 17:00:00,2024-11-07 17:05:00,5.0
2024-11-07,departure,Zurich,London LHR,swiss,Departed,17:00,17:10,2024-11-07 17:00:00,2024-11-07 17:10:00,10.0
2024-11-07,departure,Zurich,Sal,edelweiss,Departed,17:00,17:10,2024-11-07 17:00:00,2024-11-07 17:10:00,10.0
2024-11-07,departure,Zurich,Warsaw,swiss,Departed,17:00,17:00,2024-11-07 17:00:00,2024-11-07 17:00:00,0.0
2024-11-07,departure,Zurich,Porto,swiss,Departed,17:05,17:10,2024-11-07 17:05:00,2024-11-07 17:10:00,5.0
2024-11-07,departure,Zurich,London LGW,swiss,Departed,17:05,17:05,2024-11-07 17:05:00,2024-11-07 17:05:00,0.0
2024-11-07,departure,Zurich,Manchester,swiss,Departed,17:05,17:05,2024-11-07 17:05:00,2024-11-07 17:05:00,0.0
2024-11-07,departure,Zurich,Munich,lufthansa_neu,Departed,17:10,17:20,2024-11-07 17:10:00,2024-11-07 17:20:00,10.0
2024-11-07,departure,Zurich,Newark,swiss,Departed,17:15,17:23,2024-11-07 17:15:00,2024-11-07 17:23:00,8.0
2024-11-07,departure,Zurich,Copenhagen,swiss,Departed,17:15,17:25,2024-11-07 17:15:00,2024-11-07 17:25:00,10.0
2024-11-07,departure,Zurich,Venice,swiss,Departed,17:15,17:15,2024-11-07 17:15:00,2024-11-07 17:15:00,0.0
2024-11-07,departure,Zurich,Krakow,swiss,Departed,17:15,17:19,2024-11-07 17:15:00,2024-11-07 17:19:00,4.0
2024-11-07,departure,Zurich,Birmingham,swiss,Departed,17:20,17:20,2024-11-07 17:20:00,2024-11-07 17:20:00,0.0
2024-11-07,departure,Zurich,Luxembourg,swiss,Departed,17:20,17:20,2024-11-07 17:20:00,2024-11-07 17:20:00,0.0
2024-11-07,departure,Zurich,Bremen,swiss,Departed,17:25,17:30,2024-11-07 17:25:00,2024-11-07 17:30:00,5.0
2024-11-07,departure,Zurich,Belgrade,swiss,Departed,17:25,17:35,2024-11-07 17:25:00,2024-11-07 17:35:00,10.0
2024-11-07,departure,Zurich,Milan MXP,swiss,Departed,17:25,17:25,2024-11-07 17:25:00,2024-11-07 17:25:00,0.0
2024-11-07,departure,Zurich,Amsterdam,swiss,Departed,17:25,17:25,2024-11-07 17:25:00,2024-11-07 17:25:00,0.0
2024-11-07,departure,Zurich,Boston,swiss,Departed,17:30,17:30,2024-11-07 17:30:00,2024-11-07 17:30:00,0.0
2024-11-07,departure,Zurich,Barcelona,swiss,Departed,17:30,17:35,2024-11-07 17:30:00,2024-11-07 17:35:00,5.0
2024-11-07,departure,Zurich,Amsterdam,klm,Departed,17:30,17:35,2024-11-07 17:30:00,2024-11-07 17:35:00,5.0
2024-11-07,departure,Zurich,Budapest,swiss,Departed,17:30,17:25,2024-11-07 17:30:00,2024-11-07 17:25:00,-5.0
2024-11-07,departure,Zurich,Paris CDG,swiss,Departed,17:35,17:45,2024-11-07 17:35:00,2024-11-07 17:45:00,10.0
2024-11-07,departure,Zurich,Rome FCO,swiss,Departed,17:35,17:35,2024-11-07 17:35:00,2024-11-07 17:35:00,0.0
2024-11-07,departure,Zurich,Malta,km_malta_airlines,Departed,17:40,17:40,2024-11-07 17:40:00,2024-11-07 17:40:00,0.0
2024-11-07,departure,Zurich,Nice,swiss,Departed,17:40,17:40,2024-11-07 17:40:00,2024-11-07 17:40:00,0.0
2024-11-07,departure,Zurich,Pristina,chair,Departed,17:45,17:45,2024-11-07 17:45:00,2024-11-07 17:45:00,0.0
2024-11-07,departure,Zurich,Hanover,swiss,Departed,17:45,17:45,2024-11-07 17:45:00,2024-11-07 17:45:00,0.0
2024-11-07,departure,Zurich,Düsseldorf,swiss,Departed,17:45,17:45,2024-11-07 17:45:00,2024-11-07 17:45:00,0.0
2024-11-07,departure,Zurich,Vienna,swiss,Departed,17:45,17:50,2024-11-07 17:45:00,2024-11-07 17:50:00,5.0
2024-11-07,departure,Zurich,Hamburg,swiss,Departed,17:50,17:50,2024-11-07 17:50:00,2024-11-07 17:50:00,0.0
2024-11-07,departure,Zurich,Pristina,edelweiss,Departed,17:50,17:50,2024-11-07 17:50:00,2024-11-07 17:50:00,0.0
2024-11-07,departure,Zurich,Prague,swiss,Departed,17:50,17:50,2024-11-07 17:50:00,2024-11-07 17:50:00,0.0
2024-11-07,departure,Zurich,London LCY,swiss,Departed,17:55,17:55,2024-11-07 17:55:00,2024-11-07 17:55:00,0.0
2024-11-07,departure,Zurich,Brussels,swiss,Departed,17:55,17:55,2024-11-07 17:55:00,2024-11-07 17:55:00,0.0
2024-11-07,departure,Zurich,Geneva,swiss,Departed,18:00,18:00,2024-11-07 18:00:00,2024-11-07 18:00:00,0.0
2024-11-07,departure,Zurich,Bangkok,swiss,Departed,18:00,18:00,2024-11-07 18:00:00,2024-11-07 18:00:00,0.0
2024-11-07,departure,Zurich,Istanbul IST,turkish,Departed,18:05,18:05,2024-11-07 18:05:00,2024-11-07 18:05:00,0.0
2024-11-07,departure,Zurich,Frankfurt,lufthansa_neu,Departed,18:05,18:05,2024-11-07 18:05:00,2024-11-07 18:05:00,0.0
2024-11-07,departure,Zurich,Edinburgh,edelweiss,Departed,18:15,18:35,2024-11-07 18:15:00,2024-11-07 18:35:00,20.0
2024-11-07,departure,Zurich,Lisbon,tap,Departed,18:25,18:55,2024-11-07 18:25:00,2024-11-07 18:55:00,30.0
2024-11-07,departure,Zurich,London LHR,swiss,Departed,18:25,18:25,2024-11-07 18:25:00,2024-11-07 18:25:00,0.0
2024-11-07,departure,Zurich,Berlin,swiss,Departed,18:25,18:35,2024-11-07 18:25:00,2024-11-07 18:35:00,10.0
2024-11-07,departure,Zurich,Madrid,europa,Departed,18:30,18:35,2024-11-07 18:30:00,2024-11-07 18:35:00,5.0
2024-11-07,departure,Zurich,Malévia Colombo,edelweiss,Departed,18:35,18:40,2024-11-07 18:35:00,2024-11-07 18:40:00,5.0
2024-11-07,departure,Zurich,Paris CDG,airfrance,Departed,18:50,18:50,2024-11-07 18:50:00,2024-11-07 18:50:00,0.0
2024-11-07,departure,Zurich,Frankfurt,swiss,Departed,18:50,19:05,2024-11-07 18:50:00,2024-11-07 19:05:00,15.0
2024-11-07,departure,Zurich,Vienna,austrian,Departed,15:05,15:05,2024-11-07 15:05:00,2024-11-07 15:05:00,0.0
2024-11-07,departure,Zurich,Doha,qatar,Departed,15:10,15:00,2024-11-07 15:10:00,2024-11-07 15:00:00,-10.0
2024-11-07,departure,Zurich,Amman,jordanian,Departed,15:30,15:20,2024-11-07 15:30:00,2024-11-07 15:20:00,-10.0
2024-11-07,departure,Zurich,London LHR,swiss,Departed,15:30,15:46,2024-11-07 15:30:00,2024-11-07 15:46:00,16.0
2024-11-07,departure,Zurich,Hamburg,euro,Departed,15:35,15:35,2024-11-07 15:35:00,2024-11-07 15:35:00,0.0
2024-11-07,departure,Zurich,Palma De Mallorca,swiss,Departed,15:40,15:40,2024-11-07 15:40:00,2024-11-07 15:40:00,0.0
2024-11-07,departure,Zurich,Hurghada,cairo,Departed,15:40,15:40,2024-11-07 15:40:00,2024-11-07 15:40:00,0.0
2024-11-07,departure,Zurich,Porto,tap,Departed,15:50,15:40,2024-11-07 15:50:00,2024-11-07 15:40:00,-10.0
2024-11-07,departure,Zurich,Düsseldorf,euro,Departed,15:50,15:50,2024-11-07 15:50:00,2024-11-07 15:50:00,0.0
2024-11-07,departure,Zurich,Bordeaux,easyjet,Departed,16:00,16:00,2024-11-07 16:00:00,2024-11-07 16:00:00,0.0
2024-11-07,departure,Zurich,Madrid,swiss,Departed,16:20,17:00,2024-11-07 16:20:00,2024-11-07 17:00:00,40.0
2024-11-07,departure,Zurich,Istanbul SAW,pegasus,Departed,16:20,16:15,2024-11-07 16:20:00,2024-11-07 16:15:00,-5.0
2024-11-07,departure,Zurich,Hamburg,swiss,Departed,16:25,16:30,2024-11-07 16:25:00,2024-11-07 16:30:00,5.0
2024-11-07,departure,Zurich,Berlin,swiss,Departed,16:25,16:30,2024-11-07 16:25:00,2024-11-07 16:30:00,5.0
2024-11-07,departure,Zurich,Berlin,easyjet,Departed,16:25,16:40,2024-11-07 16:25:00,2024-11-07 16:40:00,15.0
2024-11-07,departure,Zurich,London LCY,swiss,Departed,16:25,16:25,2024-11-07 16:25:00,2024-11-07 16:25:00,0.0
2024-11-07,departure,Zurich,Brussels,swiss,Departed,16:30,16:35,2024-11-07 16:30:00,2024-11-07 16:35:00,5.0
2024-11-07,departure,Zurich,Düsseldorf,swiss,Departed,16:30,16:35,2024-11-07 16:30:00,2024-11-07 16:35:00,5.0
2024-11-07,departure,Zurich,Dublin,swiss,Departed,16:30,16:54,2024-11-07 16:30:00,2024-11-07 16:54:00,24.0
2024-11-07,departure,Zurich,London LHR,british,Departed,16:35,16:35,2024-11-07 16:35:00,2024-11-07 16:35:00,0.0
2024-11-07,departure,Zurich,Geneva,swiss,Departed,16:45,16:45,2024-11-07 16:45:00,2024-11-07 16:45:00,0.0
2024-11-07,departure,Zurich,Valencia,swiss,Departed,16:50,17:25,2024-11-07 16:50:00,2024-11-07 17:25:00,35.0
2024-11-07,departure,Zurich,Florence,swiss,Departed,16:55,17:05,2024-11-07 16:55:00,2024-11-07 17:05:00,10.0
2024-11-07,departure,Zurich,Gothenburg,swiss,Departed,16:55,17:00,2024-11-07 16:55:00,2024-11-07 17:00:00,5.0
2024-11-07,departure,Zurich,Graz,swiss,Departed,16:55,17:00,2024-11-07 16:55:00,2024-11-07 17:00:00,5.0
2024-11-07,departure,Zurich,Athens,swiss,Departed,13:00,13:00,2024-11-07 13:00:00,2024-11-07 13:00:00,0.0
2024-11-07,departure,Zurich,Oslo,sas,Departed,13:00,12:50,2024-11-07 13:00:00,2024-11-07 12:50:00,-10.0
2024-11-07,departure,Zurich,Reykjavík,iceland,Departed,13:00,13:10,2024-11-07 13:00:00,2024-11-07 13:10:00,10.0
2024-11-07,departure,Zurich,Havana,edelweiss,Departed,13:05,16:30,2024-11-07 13:05:00,2024-11-07 16:30:00,205.0
2024-11-07,departure,Zurich,Venice,swiss,Departed,13:05,13:15,2024-11-07 13:05:00,2024-11-07 13:15:00,10.0
2024-11-07,departure,Zurich,Dubai DXB,swiss,Departed,13:05,13:10,2024-11-07 13:05:00,2024-11-07 13:10:00,5.0
2024-11-07,departure,Zurich,Milan MXP,swiss,Departed,13:05,13:45,2024-11-07 13:05:00,2024-11-07 13:45:00,40.0
2024-11-07,departure,Zurich,Los Angeles,swiss,Departed,13:10,13:20,2024-11-07 13:10:00,2024-11-07 13:20:00,10.0
2024-11-07,departure,Zurich,Chicago,swiss,Departed,13:10,13:10,2024-11-07 13:10:00,2024-11-07 13:10:00,0.0
2024-11-07,departure,Zurich,Shanghai,swiss,Departed,13:10,13:25,2024-11-07 13:10:00,2024-11-07 13:25:00,15.0
2024-11-07,departure,Zurich,Bangkok,thai,Departed,13:15,13:15,2024-11-07 13:15:00,2024-11-07 13:15:00,0.0
2024-11-07,departure,Zurich,Stuttgart,swiss,Departed,13:15,13:15,2024-11-07 13:15:00,2024-11-07 13:15:00,0.0
2024-11-07,departure,Zurich,San Francisco,swiss,Departed,13:15,13:25,2024-11-07 13:15:00,2024-11-07 13:25:00,10.0
2024-11-07,departure,Zurich,New York,swiss,Departed,13:15,13:10,2024-11-07 13:15:00,2024-11-07 13:10:00,-5.0
2024-11-07,departure,Zurich,Toronto,canada,Departed,13:20,13:20,2024-11-07 13:20:00,2024-11-07 13:20:00,0.0
2024-11-07,departure,Zurich,Luxembourg,swiss,Departed,13:20,13:30,2024-11-07 13:20:00,2024-11-07 13:30:00,10.0
2024-11-07,departure,Zurich,Podgorica,air-montenegro,Departed,13:20,13:10,2024-11-07 13:20:00,2024-11-07 13:10:00,-10.0
2024-11-07,departure,Zurich,Berlin,swiss,Departed,13:30,13:30,2024-11-07 13:30:00,2024-11-07 13:30:00,0.0
2024-11-07,departure,Zurich,New York,delta,Departed,13:30,13:20,2024-11-07 13:30:00,2024-11-07 13:20:00,-10.0
2024-11-07,departure,Zurich,Zurich,edelweiss,Departed,13:35,13:35,2024-11-07 13:35:00,2024-11-07 13:35:00,0.0
2024-11-07,departure,Zurich,Munich,lufthansa_neu,Departed,13:35,13:35,2024-11-07 13:35:00,2024-11-07 13:35:00,0.0
2024-11-07,departure,Zurich,Antalya,sun,Departed,13:45,13:45,2024-11-07 13:45:00,2024-11-07 13:45:00,0.0
2024-11-07,departure,Zurich,Montego Bayvia Puerto Plata,edelweiss,Departed,13:55,13:55,2024-11-07 13:55:00,2024-11-07 13:55:00,0.0
2024-11-07,departure,Zurich,Izmir,sun,Departed,14:00,14:00,2024-11-07 14:00:00,2024-11-07 14:00:00,0.0
2024-11-07,departure,Zurich,Amsterdam,klm,Departed,14:15,14:15,2024-11-07 14:15:00,2024-11-07 14:15:00,0.0
2024-11-07,departure,Zurich,Istanbul SAW,ajet_logo,Departed,14:15,14:20,2024-11-07 14:15:00,2024-11-07 14:20:00,5.0
2024-11-07,departure,Zurich,Dubai DXB,emirates-neu,Departed,14:35,14:35,2024-11-07 14:35:00,2024-11-07 14:35:00,0.0
2024-11-07,departure,Zurich,Frankfurt,lufthansa_neu,Departed,14:45,14:39,2024-11-07 14:45:00,2024-11-07 14:39:00,-6.0
2024-11-07,departure,Zurich,Berlin,swiss,Departed,14:50,14:50,2024-11-07 14:50:00,2024-11-07 14:50:00,0.0
2024-11-07,departure,Zurich,London LCY,british,Departed,14:50,14:50,2024-11-07 14:50:00,2024-11-07 14:50:00,0.0
2024-11-07,departure,Zurich,Istanbul IST,turkish,Departed,14:50,16:00,2024-11-07 14:50:00,2024-11-07 16:00:00,70.0
2024-11-07,departure,Zurich,Istanbul IST,turkish,Departed,11:05,11:15,2024-11-07 11:05:00,2024-11-07 11:15:00,10.0
2024-11-07,departure,Zurich,Madrid,europa,Departed,11:05,11:05,2024-11-07 11:05:00,2024-11-07 11:05:00,0.0
2024-11-07,departure,Zurich,Zagreb,croatia_v2,Departed,11:05,11:00,2024-11-07 11:05:00,2024-11-07 11:00:00,-5.0
2024-11-07,departure,Zurich,Frankfurt,lufthansa_neu,Departed,11:15,11:10,2024-11-07 11:15:00,2024-11-07 11:10:00,-5.0
2024-11-07,departure,Zurich,London LGW,easyjet,Departed,11:20,11:25,2024-11-07 11:20:00,2024-11-07 11:25:00,5.0
2024-11-07,departure,Zurich,Athens,aegan,Departed,11:20,11:20,2024-11-07 11:20:00,2024-11-07 11:20:00,0.0
2024-11-07,departure,Zurich,Istanbul SAW,pegasus,Departed,11:40,11:55,2024-11-07 11:40:00,2024-11-07 11:55:00,15.0
2024-11-07,departure,Zurich,Washington,united,Departed,11:45,11:45,2024-11-07 11:45:00,2024-11-07 11:45:00,0.0
2024-11-07,departure,Zurich,Amsterdam,klm,Departed,11:50,12:00,2024-11-07 11:50:00,2024-11-07 12:00:00,10.0
2024-11-07,departure,Zurich,Marsa Alam,edelweiss,Departed,11:50,12:00,2024-11-07 11:50:00,2024-11-07 12:00:00,10.0
2024-11-07,departure,Zurich,Warsaw,swiss,Departed,11:55,11:55,2024-11-07 11:55:00,2024-11-07 11:55:00,0.0
2024-11-07,departure,Zurich,Madrid,iberia,Departed,11:55,12:20,2024-11-07 11:55:00,2024-11-07 12:20:00,25.0
2024-11-07,departure,Zurich,Hong Kong,cathay,Departed,11:55,12:25,2024-11-07 11:55:00,2024-11-07 12:25:00,30.0
2024-11-07,departure,Zurich,Sofia,swiss,Departed,12:00,12:05,2024-11-07 12:00:00,2024-11-07 12:05:00,5.0
2024-11-07,departure,Zurich,Delhi,swiss,Departed,12:00,12:05,2024-11-07 12:00:00,2024-11-07 12:05:00,5.0
2024-11-07,departure,Zurich,Belgrade,swiss,Departed,12:05,12:05,2024-11-07 12:05:00,2024-11-07 12:05:00,0.0
2024-11-07,departure,Zurich,Palermo,swiss,Departed,12:05,12:05,2024-11-07 12:05:00,2024-11-07 12:05:00,0.0
2024-11-07,departure,Zurich,London LCY,swiss,Departed,12:10,12:25,2024-11-07 12:10:00,2024-11-07 12:25:00,15.0
2024-11-07,departure,Zurich,Palma De Mallorca,edelweiss,Departed,12:10,12:10,2024-11-07 12:10:00,2024-11-07 12:10:00,0.0
2024-11-07,departure,Zurich,London LHR,swiss,Departed,12:10,12:10,2024-11-07 12:10:00,2024-11-07 12:10:00,0.0
2024-11-07,departure,Zurich,Copenhagen,swiss,Departed,12:15,12:15,2024-11-07 12:15:00,2024-11-07 12:15:00,0.0
2024-11-07,departure,Zurich,Stockholm ARN,swiss,Departed,12:15,12:15,2024-11-07 12:15:00,2024-11-07 12:15:00,0.0
2024-11-07,departure,Zurich,Frankfurt,swiss,Departed,12:15,12:15,2024-11-07 12:15:00,2024-11-07 12:15:00,0.0
2024-11-07,departure,Zurich,Cancun,edelweiss,Departed,12:20,12:20,2024-11-07 12:20:00,2024-11-07 12:20:00,0.0
2024-11-07,departure,Zurich,Barcelona,swiss,Departed,12:20,12:20,2024-11-07 12:20:00,2024-11-07 12:20:00,0.0
2024-11-07,departure,Zurich,Ljubljana,swiss,Departed,12:25,12:35,2024-11-07 12:25:00,2024-11-07 12:35:00,10.0
2024-11-07,departure,Zurich,Budapest,swiss,Departed,12:25,12:25,2024-11-07 12:25:00,2024-11-07 12:25:00,0.0
2024-11-07,departure,Zurich,Bucharest,swiss,Departed,12:25,12:25,2024-11-07 12:25:00,2024-11-07 12:25:00,0.0
2024-11-07,departure,Zurich,Rome FCO,swiss,Departed,12:25,12:25,2024-11-07 12:25:00,2024-11-07 12:25:00,0.0
2024-11-07,departure,Zurich,Hamburg,swiss,Departed,12:30,12:35,2024-11-07 12:30:00,2024-11-07 12:35:00,5.0
2024-11-07,departure,Zurich,Bordeaux,swiss,Departed,12:30,12:30,2024-11-07 12:30:00,2024-11-07 12:30:00,0.0
2024-11-07,departure,Zurich,Naples NAP,swiss,Departed,12:30,12:30,2024-11-07 12:30:00,2024-11-07 12:30:00,0.0
2024-11-07,departure,Zurich,Prague,swiss,Departed,12:35,12:30,2024-11-07 12:35:00,2024-11-07 12:30:00,-5.0
2024-11-07,departure,Zurich,Malaga,swiss,Departed,12:35,12:41,2024-11-07 12:35:00,2024-11-07 12:41:00,6.0
2024-11-07,departure,Zurich,Lisbon,swiss,Departed,12:35,12:40,2024-11-07 12:35:00,2024-11-07 12:40:00,5.0
2024-11-07,departure,Zurich,Bologna,swiss,Departed,12:35,12:35,2024-11-07 12:35:00,2024-11-07 12:35:00,0.0
2024-11-07,departure,Zurich,Vienna,swiss,Departed,12:40,12:50,2024-11-07 12:40:00,2024-11-07 12:50:00,10.0
2024-11-07,departure,Zurich,Florence,swiss,Departed,12:40,12:40,2024-11-07 12:40:00,2024-11-07 12:40:00,0.0
2024-11-07,departure,Zurich,Berlin,swiss,Departed,12:40,12:50,2024-11-07 12:40:00,2024-11-07 12:50:00,10.0
2024-11-07,departure,Zurich,Montreal,swiss,Departed,12:45,13:05,2024-11-07 12:45:00,2024-11-07 13:05:00,20.0
2024-11-07,departure,Zurich,Amsterdam,swiss,Departed,12:45,13:10,2024-11-07 12:45:00,2024-11-07 13:10:00,25.0
2024-11-07,departure,Zurich,London LHR,british,Departed,12:45,12:45,2024-11-07 12:45:00,2024-11-07 12:45:00,0.0
2024-11-07,departure,Zurich,Düsseldorf,swiss,Departed,12:45,12:45,2024-11-07 12:45:00,2024-11-07 12:45:00,0.0
2024-11-07,departure,Zurich,Miami,swiss,Departed,12:50,12:50,2024-11-07 12:50:00,2024-11-07 12:50:00,0.0
2024-11-07,departure,Zurich,Paris CDG,swiss,Departed,12:50,12:50,2024-11-07 12:50:00,2024-11-07 12:50:00,0.0
2024-11-07,departure,Zurich,Brussels,swiss,Departed,12:50,12:50,2024-11-07 12:50:00,2024-11-07 12:50:00,0.0
2024-11-07,departure,Zurich,Geneva,swiss,Departed,12:55,12:55,2024-11-07 12:55:00,2024-11-07 12:55:00,0.0
2024-11-07,departure,Zurich,Nice,swiss,Departed,12:55,13:20,2024-11-07 12:55:00,2024-11-07 13:20:00,25.0
2024-11-07,departure,Zurich,Dresden,swiss,Departed,12:55,12:55,2024-11-07 12:55:00,2024-11-07 12:55:00,0.0
2024-11-07,departure,Zurich,Washington,swiss,Departed,12:55,12:55,2024-11-07 12:55:00,2024-11-07 12:55:00,0.0
2024-11-07,departure,Zurich,Frankfurt,lufthansa_neu,Departed,09:00,09:05,2024-11-07 09:00:00,2024-11-07 09:05:00,5.0
2024-11-07,departure,Zurich,Amsterdam,klm,Departed,09:00,08:57,2024-11-07 09:00:00,2024-11-07 08:57:00,-3.0
2024-11-07,departure,Zurich,Berlin,euro,Departed,09:05,09:00,2024-11-07 09:05:00,2024-11-07 09:00:00,-5.0
2024-11-07,departure,Zurich,Vienna,austrian,Departed,09:10,09:10,2024-11-07 09:10:00,2024-11-07 09:10:00,0.0
2024-11-07,departure,Zurich,Athens,swiss,Departed,09:15,09:15,2024-11-07 09:15:00,2024-11-07 09:15:00,0.0
2024-11-07,departure,Zurich,Palma De Mallorca,swiss,Departed,09:20,09:20,2024-11-07 09:20:00,2024-11-07 09:20:00,0.0
2024-11-07,departure,Zurich,Munich,lufthansa_neu,Departed,09:25,09:40,2024-11-07 09:25:00,2024-11-07 09:40:00,15.0
2024-11-07,departure,Zurich,Malaga,swiss,Departed,09:25,09:30,2024-11-07 09:25:00,2024-11-07 09:30:00,5.0
2024-11-07,departure,Zurich,Gran Canaria,edelweiss,Departed,09:25,09:25,2024-11-07 09:25:00,2024-11-07 09:25:00,0.0
2024-11-07,departure,Zurich,Tenerife,edelweiss,Departed,09:25,09:25,2024-11-07 09:25:00,2024-11-07 09:25:00,0.0
2024-11-07,departure,Zurich,Fuerteventuravia Lanzarote,edelweiss,Departed,09:30,09:40,2024-11-07 09:30:00,2024-11-07 09:40:00,10.0
2024-11-07,departure,Zurich,Hurghada,edelweiss,Departed,09:35,09:35,2024-11-07 09:35:00,2024-11-07 09:35:00,0.0
2024-11-07,departure,Zurich,Belgrade,serbia,Departed,09:35,09:35,2024-11-07 09:35:00,2024-11-07 09:35:00,0.0
2024-11-07,departure,Zurich,Porto,swiss,Departed,09:35,09:50,2024-11-07 09:35:00,2024-11-07 09:50:00,15.0
2024-11-07,departure,Zurich,Barcelona,vueling,Departed,09:35,09:40,2024-11-07 09:35:00,2024-11-07 09:40:00,5.0
2024-11-07,departure,Zurich,Chicago,united,Departed,09:40,09:50,2024-11-07 09:40:00,2024-11-07 09:50:00,10.0
2024-11-07,departure,Zurich,Oslo,swiss,Departed,09:40,09:40,2024-11-07 09:40:00,2024-11-07 09:40:00,0.0
2024-11-07,departure,Zurich,Hamburg,euro,Departed,09:45,09:45,2024-11-07 09:45:00,2024-11-07 09:45:00,0.0
2024-11-07,departure,Zurich,Mumbai,swiss,Departed,09:45,09:50,2024-11-07 09:45:00,2024-11-07 09:50:00,5.0
2024-11-07,departure,Zurich,Lisbon,swiss,Departed,09:45,09:50,2024-11-07 09:45:00,2024-11-07 09:50:00,5.0
2024-11-07,departure,Zurich,Madeira,edelweiss,Departed,09:50,09:55,2024-11-07 09:50:00,2024-11-07 09:55:00,5.0
2024-11-07,departure,Zurich,New York,swiss,Departed,09:50,10:00,2024-11-07 09:50:00,2024-11-07 10:00:00,10.0
2024-11-07,departure,Zurich,Stockholm ARN,swiss,Departed,09:55,10:05,2024-11-07 09:55:00,2024-11-07 10:05:00,10.0
2024-11-07,departure,Zurich,Thessaloniki,swiss,Departed,10:00,09:55,2024-11-07 10:00:00,2024-11-07 09:55:00,-5.0
2024-11-07,departure,Zurich,Seville,edelweiss,Departed,10:05,10:05,2024-11-07 10:05:00,2024-11-07 10:05:00,0.0
2024-11-07,departure,Zurich,London LHR,british,Departed,10:10,10:16,2024-11-07 10:10:00,2024-11-07 10:16:00,6.0
2024-11-07,departure,Zurich,London LCY,british,Departed,10:10,10:10,2024-11-07 10:10:00,2024-11-07 10:10:00,0.0
2024-11-07,departure,Zurich,Philadelphia,american,Departed,10:15,10:15,2024-11-07 10:15:00,2024-11-07 10:15:00,0.0
2024-11-07,departure,Zurich,London LHR,swiss,Departed,10:15,10:15,2024-11-07 10:15:00,2024-11-07 10:15:00,0.0
2024-11-07,departure,Zurich,Newark,united,Departed,10:20,10:20,2024-11-07 10:20:00,2024-11-07 10:20:00,0.0
2024-11-07,departure,Zurich,Abu Dhabi AUH,etihad,Departed,10:25,10:25,2024-11-07 10:25:00,2024-11-07 10:25:00,0.0
2024-11-07,departure,Zurich,Warsaw,lot,Departed,10:25,10:30,2024-11-07 10:25:00,2024-11-07 10:30:00,5.0
2024-11-07,departure,Zurich,Copenhagen,sas,Departed,10:25,10:25,2024-11-07 10:25:00,2024-11-07 10:25:00,0.0
2024-11-07,departure,Zurich,Singapore,singapore,Departed,10:35,10:55,2024-11-07 10:35:00,2024-11-07 10:55:00,20.0
2024-11-07,departure,Zurich,Dublin,swiss,Departed,10:35,11:45,2024-11-07 10:35:00,2024-11-07 11:45:00,70.0
2024-11-07,departure,Zurich,Helsinki,finnair,Departed,10:35,10:30,2024-11-07 10:35:00,2024-11-07 10:30:00,-5.0
2024-11-07,departure,Zurich,Vienna,austrian,Departed,10:40,10:40,2024-11-07 10:40:00,2024-11-07 10:40:00,0.0
2024-11-07,departure,Zurich,Paris CDG,airfrance,Departed,10:50,10:45,2024-11-07 10:50:00,2024-11-07 10:45:00,-5.0
2024-11-07,departure,Zurich,Manchester,swiss,Departed,07:00,07:10,2024-11-07 07:00:00,2024-11-07 07:10:00,10.0
2024-11-07,departure,Zurich,Valencia,swiss,Departed,07:00,07:05,2024-11-07 07:00:00,2024-11-07 07:05:00,5.0
2024-11-07,departure,Zurich,Frankfurt,swiss,Departed,07:00,07:00,2024-11-07 07:00:00,2024-11-07 07:00:00,0.0
2024-11-07,departure,Zurich,Tirana,swiss,Departed,07:00,07:00,2024-11-07 07:00:00,2024-11-07 07:00:00,0.0
2024-11-07,departure,Zurich,Cairo,swiss,Departed,07:05,07:05,2024-11-07 07:05:00,2024-11-07 07:05:00,0.0
2024-11-07,departure,Zurich,London LHR,swiss,Departed,07:05,07:05,2024-11-07 07:05:00,2024-11-07 07:05:00,0.0
2024-11-07,departure,Zurich,Copenhagen,swiss,Departed,07:05,07:05,2024-11-07 07:05:00,2024-11-07 07:05:00,0.0
2024-11-07,departure,Zurich,Budapest,swiss,Departed,07:10,07:15,2024-11-07 07:10:00,2024-11-07 07:15:00,5.0
2024-11-07,departure,Zurich,Stuttgart,swiss,Departed,07:10,07:10,2024-11-07 07:10:00,2024-11-07 07:10:00,0.0
2024-11-07,departure,Zurich,Hamburg,swiss,Departed,07:10,07:15,2024-11-07 07:10:00,2024-11-07 07:15:00,5.0
2024-11-07,departure,Zurich,Munich,swiss,Departed,07:10,07:10,2024-11-07 07:10:00,2024-11-07 07:10:00,0.0
2024-11-07,departure,Zurich,Berlin,swiss,Departed,07:15,07:15,2024-11-07 07:15:00,2024-11-07 07:15:00,0.0
2024-11-07,departure,Zurich,Amsterdam,swiss,Departed,07:15,07:15,2024-11-07 07:15:00,2024-11-07 07:15:00,0.0
2024-11-07,departure,Zurich,Barcelona,swiss,Departed,07:15,07:25,2024-11-07 07:15:00,2024-11-07 07:25:00,10.0
2024-11-07,departure,Zurich,Rome FCO,swiss,Departed,07:20,07:20,2024-11-07 07:20:00,2024-11-07 07:20:00,0.0
2024-11-07,departure,Zurich,Hanover,swiss,Departed,07:20,07:25,2024-11-07 07:20:00,2024-11-07 07:25:00,5.0
2024-11-07,departure,Zurich,Vienna,swiss,Departed,07:20,07:20,2024-11-07 07:20:00,2024-11-07 07:20:00,0.0
2024-11-07,departure,Zurich,Düsseldorf,swiss,Departed,07:20,07:20,2024-11-07 07:20:00,2024-11-07 07:20:00,0.0
2024-11-07,departure,Zurich,Paris CDG,swiss,Departed,07:25,07:35,2024-11-07 07:25:00,2024-11-07 07:35:00,10.0
2024-11-07,departure,Zurich,Sarajevo,swiss,Departed,07:25,09:15,2024-11-07 07:25:00,2024-11-07 09:15:00,110.0
2024-11-07,departure,Zurich,Nice,swiss,Departed,07:25,07:30,2024-11-07 07:25:00,2024-11-07 07:30:00,5.0
2024-11-07,departure,Zurich,Brussels,swiss,Departed,07:30,07:30,2024-11-07 07:30:00,2024-11-07 07:30:00,0.0
2024-11-07,departure,Zurich,Prague,swiss,Departed,07:30,07:35,2024-11-07 07:30:00,2024-11-07 07:35:00,5.0
2024-11-07,departure,Zurich,Geneva,swiss,Departed,07:30,07:30,2024-11-07 07:30:00,2024-11-07 07:30:00,0.0
2024-11-07,departure,Zurich,Madrid,iberia,Departed,07:30,07:30,2024-11-07 07:30:00,2024-11-07 07:30:00,0.0
2024-11-07,departure,Zurich,Venice,swiss,Departed,07:35,07:35,2024-11-07 07:35:00,2024-11-07 07:35:00,0.0
2024-11-07,departure,Zurich,Sharm El Sheikhvia Luxor,edelweiss,Departed,07:35,07:35,2024-11-07 07:35:00,2024-11-07 07:35:00,0.0
2024-11-07,departure,Zurich,Florence,swiss,Departed,07:35,07:35,2024-11-07 07:35:00,2024-11-07 07:35:00,0.0
2024-11-07,departure,Zurich,London LCY,swiss,Departed,07:55,07:55,2024-11-07 07:55:00,2024-11-07 07:55:00,0.0
2024-11-07,departure,Zurich,Amsterdam,swiss,Departed,08:10,08:10,2024-11-07 08:10:00,2024-11-07 08:10:00,0.0
2024-11-07,departure,Zurich,Larnaca,edelweiss,Departed,08:20,08:25,2024-11-07 08:20:00,2024-11-07 08:25:00,5.0
2024-11-07,departure,Zurich,Cologne Bonn,euro,Departed,08:30,08:30,2024-11-07 08:30:00,2024-11-07 08:30:00,0.0
2024-11-07,departure,Zurich,Berlin,swiss,Departed,08:35,08:35,2024-11-07 08:35:00,2024-11-07 08:35:00,0.0
2024-11-07,departure,Zurich,Düsseldorf,euro,Departed,08:35,08:35,2024-11-07 08:35:00,2024-11-07 08:35:00,0.0
2024-11-07,departure,Zurich,Hamburg,swiss,Departed,08:45,08:45,2024-11-07 08:45:00,2024-11-07 08:45:00,0.0
2024-11-07,departure,Zurich,Brussels,brussels_airlines_logo,Departed,08:45,08:45,2024-11-07 08:45:00,2024-11-07 08:45:00,0.0
2024-11-07,departure,Zurich,Berlin,easyjet,Departed,08:45,08:41,2024-11-07 08:45:00,2024-11-07 08:41:00,-4.0
2024-11-07,departure,Zurich,Doha,qatar,Departed,08:45,08:45,2024-11-07 08:45:00,2024-11-07 08:45:00,0.0
2024-11-07,departure,Zurich,Bologna,swiss,Departed,08:50,08:50,2024-11-07 08:50:00,2024-11-07 08:50:00,0.0
2024-11-07,departure,Zurich,Geneva,swiss,Departed,08:55,08:55,2024-11-07 08:55:00,2024-11-07 08:55:00,0.0
2024-11-07,departure,Zurich,Milan MXP,swiss,Departed,08:55,08:55,2024-11-07 08:55:00,2024-11-07 08:55:00,0.0
2024-11-07,departure,Zurich,Pristina,chair,Departed,05:45,05:55,2024-11-07 05:45:00,2024-11-07 05:55:00,10.0
2024-11-07,departure,Zurich,Catania,edelweiss,Departed,06:00,06:00,2024-11-07 06:00:00,2024-11-07 06:00:00,0.0
2024-11-07,departure,Zurich,London LHR,british,Departed,06:00,06:00,2024-11-07 06:00:00,2024-11-07 06:00:00,0.0
2024-11-07,departure,Zurich,Lisbon,tap,Departed,06:10,06:10,2024-11-07 06:10:00,2024-11-07 06:10:00,0.0
2024-11-07,departure,Zurich,Heraklion,edelweiss,Departed,06:10,06:10,2024-11-07 06:10:00,2024-11-07 06:10:00,0.0
2024-11-07,departure,Zurich,Marsa Alam,chair,Departed,06:30,06:30,2024-11-07 06:30:00,2024-11-07 06:30:00,0.0
2024-11-07,departure,Zurich,Paris CDG,airfrance,Departed,06:30,06:30,2024-11-07 06:30:00,2024-11-07 06:30:00,0.0
2024-11-07,departure,Zurich,Pristina,edelweiss,Departed,06:45,06:45,2024-11-07 06:45:00,2024-11-07 06:45:00,0.0
2024-11-07,departure,Zurich,Istanbul IST,turkish,Departed,06:45,06:55,2024-11-07 06:45:00,2024-11-07 06:55:00,10.0
2024-11-07,departure,Zurich,Malta,swiss,Departed,06:50,06:50,2024-11-07 06:50:00,2024-11-07 06:50:00,0.0
2024-11-07,departure,Zurich,Madrid,swiss,Departed,06:50,06:50,2024-11-07 06:50:00,2024-11-07 06:50:00,0.0
2024-11-07,departure,Zurich,Cluj-Napoca,swiss,Departed,06:55,06:55,2024-11-07 06:55:00,2024-11-07 06:55:00,0.0
2024-11-07,departure,Zurich,Vilnius,swiss,Departed,06:55,06:55,2024-11-07 06:55:00,2024-11-07 06:55:00,0.0
2024-11-07,departure,Zurich,Amsterdam,klm,Departed,06:55,06:55,2024-11-07 06:55:00,2024-11-07 06:55:00,0.0
2024-11-07,departure,Zurich,Alicante,swiss,Departed,06:55,06:55,2024-11-07 06:55:00,2024-11-07 06:55:00,0.0
2024-11-13,arrival,Zurich,Geneva,swiss,Landed,21:05,20:57,2024-11-13 21:05:00,2024-11-13 20:57:00,-8.0
2024-11-13,arrival,Zurich,Berlin,swiss,Landed,21:05,20:53,2024-11-13 21:05:00,2024-11-13 20:53:00,-12.0
2024-11-13,arrival,Zurich,Venice,swiss,Landed,21:10,21:10,2024-11-13 21:10:00,2024-11-13 21:10:00,0.0
2024-11-13,arrival,Zurich,Paris CDG,swiss,Landed,21:10,21:03,2024-11-13 21:10:00,2024-11-13 21:03:00,-7.0
2024-11-13,arrival,Zurich,Luxembourg,swiss,Landed,21:10,21:00,2024-11-13 21:10:00,2024-11-13 21:00:00,-10.0
2024-11-13,arrival,Zurich,Dresden,swiss,Landed,21:15,20:54,2024-11-13 21:15:00,2024-11-13 20:54:00,-21.0
2024-11-13,arrival,Zurich,Bremen,swiss,Landed,21:15,20:56,2024-11-13 21:15:00,2024-11-13 20:56:00,-19.0
2024-11-13,arrival,Zurich,Brussels,swiss,Landed,21:20,21:10,2024-11-13 21:20:00,2024-11-13 21:10:00,-10.0
2024-11-13,arrival,Zurich,Prague,swiss,Landed,21:20,21:02,2024-11-13 21:20:00,2024-11-13 21:02:00,-18.0
2024-11-13,arrival,Zurich,Nice,swiss,Landed,21:20,21:18,2024-11-13 21:20:00,2024-11-13 21:18:00,-2.0
2024-11-13,arrival,Zurich,London LGW,swiss,Landed,21:25,21:19,2024-11-13 21:25:00,2024-11-13 21:19:00,-6.0
2024-11-13,arrival,Zurich,Hanover,swiss,Landed,21:25,21:35,2024-11-13 21:25:00,2024-11-13 21:35:00,10.0
2024-11-13,arrival,Zurich,Düsseldorf,swiss,Landed,21:25,22:08,2024-11-13 21:25:00,2024-11-13 22:08:00,43.0
2024-11-13,arrival,Zurich,London LHR,swiss,Landed,21:30,21:21,2024-11-13 21:30:00,2024-11-13 21:21:00,-9.0
2024-11-13,arrival,Zurich,Amsterdam,swiss,Landed,21:30,21:23,2024-11-13 21:30:00,2024-11-13 21:23:00,-7.0
2024-11-13,arrival,Zurich,Wroclaw,swiss,Landed,21:30,21:08,2024-11-13 21:30:00,2024-11-13 21:08:00,-22.0
2024-11-13,arrival,Zurich,Hamburg,swiss,Landed,21:35,21:27,2024-11-13 21:35:00,2024-11-13 21:27:00,-8.0
2024-11-13,arrival,Zurich,Vienna,swiss,Landed,21:35,21:30,2024-11-13 21:35:00,2024-11-13 21:30:00,-5.0
2024-11-13,arrival,Zurich,Rome FCO,swiss,Landed,21:35,21:42,2024-11-13 21:35:00,2024-11-13 21:42:00,7.0
2024-11-13,arrival,Zurich,Cairo,swiss,Landed,21:40,21:31,2024-11-13 21:40:00,2024-11-13 21:31:00,-9.0
2024-11-13,arrival,Zurich,Budapest,swiss,Landed,21:40,21:46,2024-11-13 21:40:00,2024-11-13 21:46:00,6.0
2024-11-13,arrival,Zurich,Manchester,swiss,Landed,21:45,22:12,2024-11-13 21:45:00,2024-11-13 22:12:00,27.0
2024-11-13,arrival,Zurich,Copenhagen,swiss,Landed,21:45,21:32,2024-11-13 21:45:00,2024-11-13 21:32:00,-13.0
2024-11-13,arrival,Zurich,Munich,swiss,Landed,21:45,21:46,2024-11-13 21:45:00,2024-11-13 21:46:00,1.0
2024-11-13,arrival,Zurich,Barcelona,swiss,Landed,21:50,21:42,2024-11-13 21:50:00,2024-11-13 21:42:00,-8.0
2024-11-13,arrival,Zurich,Frankfurt,swiss,Landed,21:50,21:44,2024-11-13 21:50:00,2024-11-13 21:44:00,-6.0
2024-11-13,arrival,Zurich,Dublin,swiss,Landed,21:50,21:55,2024-11-13 21:50:00,2024-11-13 21:55:00,5.0
2024-11-13,arrival,Zurich,Warsaw,swiss,Landed,21:50,21:49,2024-11-13 21:50:00,2024-11-13 21:49:00,-1.0
2024-11-13,arrival,Zurich,Madrid,swiss,Landed,21:55,22:00,2024-11-13 21:55:00,2024-11-13 22:00:00,5.0
2024-11-13,arrival,Zurich,Valencia,swiss,Landed,21:55,21:56,2024-11-13 21:55:00,2024-11-13 21:56:00,1.0
2024-11-13,arrival,Zurich,London LCY,swiss,Landed,22:00,22:09,2024-11-13 22:00:00,2024-11-13 22:09:00,9.0
2024-11-13,arrival,Zurich,London LHR,british,Landed,22:00,21:59,2024-11-13 22:00:00,2024-11-13 21:59:00,-1.0
2024-11-13,arrival,Zurich,Berlin,swiss,Cancelled,22:10,22:10,2024-11-13 22:10:00,2024-11-13 22:10:00,0.0
2024-11-13,arrival,Zurich,Skopje,chair,Landed,22:15,22:11,2024-11-13 22:15:00,2024-11-13 22:11:00,-4.0
2024-11-13,arrival,Zurich,Madrid,iberia,Landed,22:20,22:21,2024-11-13 22:20:00,2024-11-13 22:21:00,1.0
2024-11-13,arrival,Zurich,Istanbul IST,turkish,Landed,22:20,22:04,2024-11-13 22:20:00,2024-11-13 22:04:00,-16.0
2024-11-13,arrival,Zurich,Amsterdam,klm,Landed,22:30,22:44,2024-11-13 22:30:00,2024-11-13 22:44:00,14.0
2024-11-13,arrival,Zurich,Paris CDG,airfrance,Landed,22:30,22:16,2024-11-13 22:30:00,2024-11-13 22:16:00,-14.0
2024-11-13,arrival,Zurich,Lisbon,tap,Landed,22:35,22:35,2024-11-13 22:35:00,2024-11-13 22:35:00,0.0
2024-11-13,arrival,Zurich,Pristina,chair,Landed,22:35,22:28,2024-11-13 22:35:00,2024-11-13 22:28:00,-7.0
2024-11-13,arrival,Zurich,London LHR,swiss,Landed,22:45,22:42,2024-11-13 22:45:00,2024-11-13 22:42:00,-3.0
2024-11-13,arrival,Zurich,Pristina,edelweiss,Landed,22:55,22:30,2024-11-13 22:55:00,2024-11-13 22:30:00,-25.0
2024-11-13,arrival,Zurich,Shanghai,swiss,Landed,19:00,18:57,2024-11-13 19:00:00,2024-11-13 18:57:00,-3.0
2024-11-13,arrival,Zurich,Muscat,oman,Landed,19:05,18:58,2024-11-13 19:05:00,2024-11-13 18:58:00,-7.0
2024-11-13,arrival,Zurich,Warsaw,lot,Landed,19:05,19:03,2024-11-13 19:05:00,2024-11-13 19:03:00,-2.0
2024-11-13,arrival,Zurich,Marrakeshvia Agadir,edelweiss,Landed,19:05,19:21,2024-11-13 19:05:00,2024-11-13 19:21:00,16.0
2024-11-13,arrival,Zurich,Tromsø,edelweiss,Landed,19:10,18:37,2024-11-13 19:10:00,2024-11-13 18:37:00,-33.0
2024-11-13,arrival,Zurich,Malaga,swiss,Landed,19:10,19:23,2024-11-13 19:10:00,2024-11-13 19:23:00,13.0
2024-11-13,arrival,Zurich,Frankfurt,lufthansa_neu,Landed,19:10,19:05,2024-11-13 19:10:00,2024-11-13 19:05:00,-5.0
2024-11-13,arrival,Zurich,Zagreb,croatia_v2,Landed,19:15,19:40,2024-11-13 19:15:00,2024-11-13 19:40:00,25.0
2024-11-13,arrival,Zurich,Lisbon,swiss,Landed,19:15,19:05,2024-11-13 19:15:00,2024-11-13 19:05:00,-10.0
2024-11-13,arrival,Zurich,Gran Canaria,edelweiss,Landed,19:15,20:04,2024-11-13 19:15:00,2024-11-13 20:04:00,49.0
2024-11-13,arrival,Zurich,Tenerife,edelweiss,Landed,19:15,19:18,2024-11-13 19:15:00,2024-11-13 19:18:00,3.0
2024-11-13,arrival,Zurich,Pristina,gp-aviation,Landed,19:20,19:40,2024-11-13 19:20:00,2024-11-13 19:40:00,20.0
2024-11-13,arrival,Zurich,Bangkok,swiss,Landed,19:25,19:54,2024-11-13 19:25:00,2024-11-13 19:54:00,29.0
2024-11-13,arrival,Zurich,Hamburg,euro,Landed,19:30,19:26,2024-11-13 19:30:00,2024-11-13 19:26:00,-4.0
2024-11-13,arrival,Zurich,Cologne Bonn,euro,Landed,19:30,19:47,2024-11-13 19:30:00,2024-11-13 19:47:00,17.0
2024-11-13,arrival,Zurich,Berlin,euro,Landed,19:30,19:13,2024-11-13 19:30:00,2024-11-13 19:13:00,-17.0
2024-11-13,arrival,Zurich,Athens,swiss,Landed,19:35,19:26,2024-11-13 19:35:00,2024-11-13 19:26:00,-9.0
2024-11-13,arrival,Zurich,London LGW,easyjet,Landed,19:35,19:42,2024-11-13 19:35:00,2024-11-13 19:42:00,7.0
2024-11-13,arrival,Zurich,Munich,lufthansa_neu,Landed,19:35,19:35,2024-11-13 19:35:00,2024-11-13 19:35:00,0.0
2024-11-13,arrival,Zurich,Copenhagen,sas,Landed,19:45,19:35,2024-11-13 19:45:00,2024-11-13 19:35:00,-10.0
2024-11-13,arrival,Zurich,Düsseldorf,swiss,Landed,19:45,19:48,2024-11-13 19:45:00,2024-11-13 19:48:00,3.0
2024-11-13,arrival,Zurich,Brussels,swiss,Landed,19:50,19:52,2024-11-13 19:50:00,2024-11-13 19:52:00,2.0
2024-11-13,arrival,Zurich,Dubai,emirates-neu,Landed,19:50,19:37,2024-11-13 19:50:00,2024-11-13 19:37:00,-13.0
2024-11-13,arrival,Zurich,Vienna,austrian,Landed,19:50,19:52,2024-11-13 19:50:00,2024-11-13 19:52:00,2.0
2024-11-13,arrival,Zurich,Hurghada,edelweiss,Landed,19:55,19:47,2024-11-13 19:55:00,2024-11-13 19:47:00,-8.0
2024-11-13,arrival,Zurich,Belgrade,serbia,Landed,19:55,19:51,2024-11-13 19:55:00,2024-11-13 19:51:00,-4.0
2024-11-13,arrival,Zurich,London LHR,swiss,Landed,20:00,19:59,2024-11-13 20:00:00,2024-11-13 19:59:00,-1.0
2024-11-13,arrival,Zurich,Milan MXP,swiss,Landed,20:00,20:01,2024-11-13 20:00:00,2024-11-13 20:01:00,1.0
2024-11-13,arrival,Zurich,Berlin,swiss,Landed,20:05,20:03,2024-11-13 20:05:00,2024-11-13 20:03:00,-2.0
2024-11-13,arrival,Zurich,Stuttgart,swiss,Landed,20:05,20:08,2024-11-13 20:05:00,2024-11-13 20:08:00,3.0
2024-11-13,arrival,Zurich,Barcelona,vueling,Landed,20:05,20:10,2024-11-13 20:05:00,2024-11-13 20:10:00,5.0
2024-11-13,arrival,Zurich,Geneva,swiss,Landed,20:10,20:14,2024-11-13 20:10:00,2024-11-13 20:14:00,4.0
2024-11-13,arrival,Zurich,Graz,swiss,Landed,20:10,20:06,2024-11-13 20:10:00,2024-11-13 20:06:00,-4.0
2024-11-13,arrival,Zurich,Hamburg,swiss,Landed,20:10,20:09,2024-11-13 20:10:00,2024-11-13 20:09:00,-1.0
2024-11-13,arrival,Zurich,Düsseldorf,euro,Landed,20:10,20:11,2024-11-13 20:10:00,2024-11-13 20:11:00,1.0
2024-11-13,arrival,Zurich,Palma De Mallorca,swiss,Landed,20:15,20:23,2024-11-13 20:15:00,2024-11-13 20:23:00,8.0
2024-11-13,arrival,Zurich,Florence,swiss,Landed,20:15,20:21,2024-11-13 20:15:00,2024-11-13 20:21:00,6.0
2024-11-13,arrival,Zurich,London LHR,british,Landed,20:15,20:14,2024-11-13 20:15:00,2024-11-13 20:14:00,-1.0
2024-11-13,arrival,Zurich,London LCY,swiss,Landed,20:20,20:18,2024-11-13 20:20:00,2024-11-13 20:18:00,-2.0
2024-11-13,arrival,Zurich,Amsterdam,swiss,Landed,20:25,20:20,2024-11-13 20:25:00,2024-11-13 20:20:00,-5.0
2024-11-13,arrival,Zurich,Berlin,easyjet,Landed,20:35,20:20,2024-11-13 20:35:00,2024-11-13 20:20:00,-15.0
2024-11-13,arrival,Zurich,Manchester,easyjet,Landed,20:50,20:28,2024-11-13 20:50:00,2024-11-13 20:28:00,-22.0
2024-11-13,arrival,Zurich,Heraklion,edelweiss,Landed,17:00,17:06,2024-11-13 17:00:00,2024-11-13 17:06:00,6.0
2024-11-13,arrival,Zurich,Istanbul IST,turkish,Landed,17:10,17:35,2024-11-13 17:10:00,2024-11-13 17:35:00,25.0
2024-11-13,arrival,Zurich,Lisbon,tap,Landed,17:10,17:13,2024-11-13 17:10:00,2024-11-13 17:13:00,3.0
2024-11-13,arrival,Zurich,Berlin,swiss,Landed,17:15,17:07,2024-11-13 17:15:00,2024-11-13 17:07:00,-8.0
2024-11-13,arrival,Zurich,Frankfurt,lufthansa_neu,Landed,17:15,17:12,2024-11-13 17:15:00,2024-11-13 17:12:00,-3.0
2024-11-13,arrival,Zurich,Madrid,europa,Landed,17:15,18:14,2024-11-13 17:15:00,2024-11-13 18:14:00,59.0
2024-11-13,arrival,Zurich,Stockholm,swiss,Landed,17:50,17:31,2024-11-13 17:50:00,2024-11-13 17:31:00,-19.0
2024-11-13,arrival,Zurich,Paris CDG,airfrance,Landed,17:55,17:41,2024-11-13 17:55:00,2024-11-13 17:41:00,-14.0
2024-11-13,arrival,Zurich,Mauritius,edelweiss,Landed,18:10,19:56,2024-11-13 18:10:00,2024-11-13 19:56:00,106.0
2024-11-13,arrival,Zurich,Bucharest,swiss,Landed,18:15,17:59,2024-11-13 18:15:00,2024-11-13 17:59:00,-16.0
2024-11-13,arrival,Zurich,London LHR,british,Landed,18:15,18:14,2024-11-13 18:15:00,2024-11-13 18:14:00,-1.0
2024-11-13,arrival,Zurich,Delhi,air_india_logo,Landed,18:15,17:48,2024-11-13 18:15:00,2024-11-13 17:48:00,-27.0
2024-11-13,arrival,Zurich,Helsinki,finnair,Landed,18:20,18:07,2024-11-13 18:20:00,2024-11-13 18:07:00,-13.0
2024-11-13,arrival,Zurich,Amsterdam,klm,Landed,18:25,18:26,2024-11-13 18:25:00,2024-11-13 18:26:00,1.0
2024-11-13,arrival,Zurich,Riga,baltic,Landed,18:35,18:17,2024-11-13 18:35:00,2024-11-13 18:17:00,-18.0
2024-11-13,arrival,Zurich,London LCY,british,Landed,18:35,18:29,2024-11-13 18:35:00,2024-11-13 18:29:00,-6.0
2024-11-13,arrival,Zurich,Larnaca,edelweiss,Landed,18:40,18:26,2024-11-13 18:40:00,2024-11-13 18:26:00,-14.0
2024-11-13,arrival,Zurich,Vienna,austrian,Landed,18:40,18:29,2024-11-13 18:40:00,2024-11-13 18:29:00,-11.0
2024-11-13,arrival,Zurich,Madrid,iberia,Landed,18:55,18:48,2024-11-13 18:55:00,2024-11-13 18:48:00,-7.0
2024-11-13,arrival,Zurich,Düsseldorf,euro,Landed,15:10,14:59,2024-11-13 15:10:00,2024-11-13 14:59:00,-11.0
2024-11-13,arrival,Zurich,Los Angeles,swiss,Landed,15:15,14:50,2024-11-13 15:15:00,2024-11-13 14:50:00,-25.0
2024-11-13,arrival,Zurich,Alicante,swiss,Landed,15:25,15:22,2024-11-13 15:25:00,2024-11-13 15:22:00,-3.0
2024-11-13,arrival,Zurich,Valencia,swiss,Landed,15:25,15:27,2024-11-13 15:25:00,2024-11-13 15:27:00,2.0
2024-11-13,arrival,Zurich,Oslo,swiss,Landed,15:30,15:06,2024-11-13 15:30:00,2024-11-13 15:06:00,-24.0
2024-11-13,arrival,Zurich,London LTN,easyjet,Landed,15:30,15:23,2024-11-13 15:30:00,2024-11-13 15:23:00,-7.0
2024-11-13,arrival,Zurich,London LHR,british,Landed,15:30,15:16,2024-11-13 15:30:00,2024-11-13 15:16:00,-14.0
2024-11-13,arrival,Zurich,San Francisco,swiss,Landed,15:30,14:53,2024-11-13 15:30:00,2024-11-13 14:53:00,-37.0
2024-11-13,arrival,Zurich,Porto,swiss,Landed,15:35,15:58,2024-11-13 15:35:00,2024-11-13 15:58:00,23.0
2024-11-13,arrival,Zurich,Luxembourg,swiss,Landed,15:35,15:29,2024-11-13 15:35:00,2024-11-13 15:29:00,-6.0
2024-11-13,arrival,Zurich,Stockholm,swiss,Landed,15:40,15:20,2024-11-13 15:40:00,2024-11-13 15:20:00,-20.0
2024-11-13,arrival,Zurich,Frankfurt,swiss,Landed,15:40,15:33,2024-11-13 15:40:00,2024-11-13 15:33:00,-7.0
2024-11-13,arrival,Zurich,Malaga,swiss,Cancelled,15:40,15:40,2024-11-13 15:40:00,2024-11-13 15:40:00,0.0
2024-11-13,arrival,Zurich,Geneva,swiss,Landed,15:45,15:42,2024-11-13 15:45:00,2024-11-13 15:42:00,-3.0
2024-11-13,arrival,Zurich,Faro,edelweiss,Landed,15:55,15:56,2024-11-13 15:55:00,2024-11-13 15:56:00,1.0
2024-11-13,arrival,Zurich,Hurghada,chair,Landed,15:55,15:58,2024-11-13 15:55:00,2024-11-13 15:58:00,3.0
2024-11-13,arrival,Zurich,Düsseldorf,swiss,Landed,16:00,15:47,2024-11-13 16:00:00,2024-11-13 15:47:00,-13.0
2024-11-13,arrival,Zurich,Stuttgart,swiss,Landed,16:00,15:45,2024-11-13 16:00:00,2024-11-13 15:45:00,-15.0
2024-11-13,arrival,Zurich,Lisbon,swiss,Landed,16:00,16:16,2024-11-13 16:00:00,2024-11-13 16:16:00,16.0
2024-11-13,arrival,Zurich,London LCY,swiss,Landed,16:05,15:45,2024-11-13 16:05:00,2024-11-13 15:45:00,-20.0
2024-11-13,arrival,Zurich,Dublin,swiss,Landed,16:05,16:23,2024-11-13 16:05:00,2024-11-13 16:23:00,18.0
2024-11-13,arrival,Zurich,Nice,swiss,Landed,16:05,16:20,2024-11-13 16:05:00,2024-11-13 16:20:00,15.0
2024-11-13,arrival,Zurich,Bologna,swiss,Landed,16:10,16:13,2024-11-13 16:10:00,2024-11-13 16:13:00,3.0
2024-11-13,arrival,Zurich,Ljubljana,swiss,Landed,16:10,16:10,2024-11-13 16:10:00,2024-11-13 16:10:00,0.0
2024-11-13,arrival,Zurich,Palma De Mallorca,chair,Landed,16:10,16:04,2024-11-13 16:10:00,2024-11-13 16:04:00,-6.0
2024-11-13,arrival,Zurich,Prague,swiss,Landed,16:10,16:16,2024-11-13 16:10:00,2024-11-13 16:16:00,6.0
2024-11-13,arrival,Zurich,Milan MXP,swiss,Landed,16:15,16:23,2024-11-13 16:15:00,2024-11-13 16:23:00,8.0
2024-11-13,arrival,Zurich,Tallinn,swiss,Landed,16:15,15:55,2024-11-13 16:15:00,2024-11-13 15:55:00,-20.0
2024-11-13,arrival,Zurich,Vienna,swiss,Landed,16:20,16:09,2024-11-13 16:20:00,2024-11-13 16:09:00,-11.0
2024-11-13,arrival,Zurich,Berlin,swiss,Landed,16:20,16:29,2024-11-13 16:20:00,2024-11-13 16:29:00,9.0
2024-11-13,arrival,Zurich,Paris CDG,swiss,Landed,16:20,16:07,2024-11-13 16:20:00,2024-11-13 16:07:00,-13.0
2024-11-13,arrival,Zurich,Florence,swiss,Landed,16:25,16:28,2024-11-13 16:25:00,2024-11-13 16:28:00,3.0
2024-11-13,arrival,Zurich,Venice,swiss,Landed,16:25,16:32,2024-11-13 16:25:00,2024-11-13 16:32:00,7.0
2024-11-13,arrival,Zurich,Rome FCO,swiss,Landed,16:25,16:50,2024-11-13 16:25:00,2024-11-13 16:50:00,25.0
2024-11-13,arrival,Zurich,Brussels,swiss,Landed,16:25,16:19,2024-11-13 16:25:00,2024-11-13 16:19:00,-6.0
2024-11-13,arrival,Zurich,Krakow,swiss,Landed,16:30,16:52,2024-11-13 16:30:00,2024-11-13 16:52:00,22.0
2024-11-13,arrival,Zurich,Belgrade,swiss,Landed,16:30,16:35,2024-11-13 16:30:00,2024-11-13 16:35:00,5.0
2024-11-13,arrival,Zurich,Munich,lufthansa_neu,Landed,16:30,16:53,2024-11-13 16:30:00,2024-11-13 16:53:00,23.0
2024-11-13,arrival,Zurich,Košice,swiss,Landed,16:35,16:30,2024-11-13 16:35:00,2024-11-13 16:30:00,-5.0
2024-11-13,arrival,Zurich,Warsaw,swiss,Landed,16:35,16:26,2024-11-13 16:35:00,2024-11-13 16:26:00,-9.0
2024-11-13,arrival,Zurich,Marseille,swiss,Landed,16:35,16:08,2024-11-13 16:35:00,2024-11-13 16:08:00,-27.0
2024-11-13,arrival,Zurich,Budapest,swiss,Landed,16:35,16:46,2024-11-13 16:35:00,2024-11-13 16:46:00,11.0
2024-11-13,arrival,Zurich,Barcelona,swiss,Landed,16:40,16:53,2024-11-13 16:40:00,2024-11-13 16:53:00,13.0
2024-11-13,arrival,Zurich,London LHR,british,Landed,16:40,16:38,2024-11-13 16:40:00,2024-11-13 16:38:00,-2.0
2024-11-13,arrival,Zurich,Hamburg,swiss,Landed,16:40,16:39,2024-11-13 16:40:00,2024-11-13 16:39:00,-1.0
2024-11-13,arrival,Zurich,Split,edelweiss,Landed,16:45,16:59,2024-11-13 16:45:00,2024-11-13 16:59:00,14.0
2024-11-13,arrival,Zurich,Copenhagen,swiss,Landed,16:45,16:49,2024-11-13 16:45:00,2024-11-13 16:49:00,4.0
2024-11-13,arrival,Zurich,Amsterdam,klm,Landed,16:45,16:57,2024-11-13 16:45:00,2024-11-13 16:57:00,12.0
2024-11-13,arrival,Zurich,London LHR,swiss,Landed,16:45,16:45,2024-11-13 16:45:00,2024-11-13 16:45:00,0.0
2024-11-13,arrival,Zurich,Amsterdam,swiss,Landed,16:50,17:00,2024-11-13 16:50:00,2024-11-13 17:00:00,10.0
2024-11-13,arrival,Zurich,Malta,km_malta_airlines,Landed,16:50,16:41,2024-11-13 16:50:00,2024-11-13 16:41:00,-9.0
2024-11-13,arrival,Zurich,Palma De Mallorca,swiss,Landed,16:55,17:00,2024-11-13 16:55:00,2024-11-13 17:00:00,5.0
2024-11-13,arrival,Zurich,Istanbul SAW,ajet_logo,Landed,13:10,12:54,2024-11-13 13:10:00,2024-11-13 12:54:00,-16.0
2024-11-13,arrival,Zurich,Amsterdam,klm,Landed,13:35,13:30,2024-11-13 13:35:00,2024-11-13 13:30:00,-5.0
2024-11-13,arrival,Zurich,Doha,qatar,Landed,13:40,13:16,2024-11-13 13:40:00,2024-11-13 13:16:00,-24.0
2024-11-13,arrival,Zurich,Riyadh,saudia_logo,Landed,13:45,13:47,2024-11-13 13:45:00,2024-11-13 13:47:00,2.0
2024-11-13,arrival,Zurich,Frankfurt,lufthansa_neu,Landed,13:55,13:58,2024-11-13 13:55:00,2024-11-13 13:58:00,3.0
2024-11-13,arrival,Zurich,Istanbul IST,turkish,Landed,13:55,13:49,2024-11-13 13:55:00,2024-11-13 13:49:00,-6.0
2024-11-13,arrival,Zurich,Split,croatia_v2,Landed,14:05,14:03,2024-11-13 14:05:00,2024-11-13 14:03:00,-2.0
2024-11-13,arrival,Zurich,London LCY,british,Landed,14:10,14:01,2024-11-13 14:10:00,2024-11-13 14:01:00,-9.0
2024-11-13,arrival,Zurich,Vienna,austrian,Landed,14:20,14:10,2024-11-13 14:20:00,2024-11-13 14:10:00,-10.0
2024-11-13,arrival,Zurich,London LHR,swiss,Landed,14:45,14:49,2024-11-13 14:45:00,2024-11-13 14:49:00,4.0
2024-11-13,arrival,Zurich,Istanbul SAW,pegasus,Landed,14:50,15:01,2024-11-13 14:50:00,2024-11-13 15:01:00,11.0
2024-11-13,arrival,Zurich,Hamburg,euro,Landed,14:55,14:43,2024-11-13 14:55:00,2024-11-13 14:43:00,-12.0
2024-11-13,arrival,Zurich,Geneva,swiss,Landed,11:00,10:53,2024-11-13 11:00:00,2024-11-13 10:53:00,-7.0
2024-11-13,arrival,Zurich,Hamburg,swiss,Landed,11:00,11:00,2024-11-13 11:00:00,2024-11-13 11:00:00,0.0
2024-11-13,arrival,Zurich,Düsseldorf,swiss,Landed,11:00,10:52,2024-11-13 11:00:00,2024-11-13 10:52:00,-8.0
2024-11-13,arrival,Zurich,Brussels,swiss,Landed,11:05,11:01,2024-11-13 11:05:00,2024-11-13 11:01:00,-4.0
2024-11-13,arrival,Zurich,Berlin,swiss,Landed,11:05,11:17,2024-11-13 11:05:00,2024-11-13 11:17:00,12.0
2024-11-13,arrival,Zurich,Bologna,swiss,Landed,11:05,11:09,2024-11-13 11:05:00,2024-11-13 11:09:00,4.0
2024-11-13,arrival,Zurich,Amsterdam,klm,Landed,11:05,11:14,2024-11-13 11:05:00,2024-11-13 11:14:00,9.0
2024-11-13,arrival,Zurich,Boston,swiss,Landed,11:10,11:24,2024-11-13 11:10:00,2024-11-13 11:24:00,14.0
2024-11-13,arrival,Zurich,Vienna,swiss,Landed,11:10,11:10,2024-11-13 11:10:00,2024-11-13 11:10:00,0.0
2024-11-13,arrival,Zurich,Madrid,iberia,Landed,11:10,11:07,2024-11-13 11:10:00,2024-11-13 11:07:00,-3.0
2024-11-13,arrival,Zurich,Prague,swiss,Landed,11:10,11:07,2024-11-13 11:10:00,2024-11-13 11:07:00,-3.0
2024-11-13,arrival,Zurich,Budapest,swiss,Landed,11:15,11:11,2024-11-13 11:15:00,2024-11-13 11:11:00,-4.0
2024-11-13,arrival,Zurich,Amsterdam,swiss,Landed,11:15,11:34,2024-11-13 11:15:00,2024-11-13 11:34:00,19.0
2024-11-13,arrival,Zurich,Rome FCO,swiss,Landed,11:20,11:26,2024-11-13 11:20:00,2024-11-13 11:26:00,6.0
2024-11-13,arrival,Zurich,Nice,swiss,Landed,11:20,11:15,2024-11-13 11:20:00,2024-11-13 11:15:00,-5.0
2024-11-13,arrival,Zurich,Belgrade,swiss,Landed,11:25,11:37,2024-11-13 11:25:00,2024-11-13 11:37:00,12.0
2024-11-13,arrival,Zurich,Stuttgart,swiss,Landed,11:25,11:18,2024-11-13 11:25:00,2024-11-13 11:18:00,-7.0
2024-11-13,arrival,Zurich,Hanover,swiss,Landed,11:25,11:10,2024-11-13 11:25:00,2024-11-13 11:10:00,-15.0
2024-11-13,arrival,Zurich,Geneva,swiss,Landed,11:30,11:40,2024-11-13 11:30:00,2024-11-13 11:40:00,10.0
2024-11-13,arrival,Zurich,Birmingham,swiss,Landed,11:35,11:46,2024-11-13 11:35:00,2024-11-13 11:46:00,11.0
2024-11-13,arrival,Zurich,Luxembourg,swiss,Landed,11:35,11:21,2024-11-13 11:35:00,2024-11-13 11:21:00,-14.0
2024-11-13,arrival,Zurich,Newark,swiss,Landed,11:40,11:54,2024-11-13 11:40:00,2024-11-13 11:54:00,14.0
2024-11-13,arrival,Zurich,London LHR,british,Landed,11:40,11:30,2024-11-13 11:40:00,2024-11-13 11:30:00,-10.0
2024-11-13,arrival,Zurich,Copenhagen,swiss,Landed,11:40,11:19,2024-11-13 11:40:00,2024-11-13 11:19:00,-21.0
2024-11-13,arrival,Zurich,Barcelona,swiss,Landed,11:40,11:56,2024-11-13 11:40:00,2024-11-13 11:56:00,16.0
2024-11-13,arrival,Zurich,Cancun,edelweiss,Cancelled,11:45,11:45,2024-11-13 11:45:00,2024-11-13 11:45:00,0.0
2024-11-13,arrival,Zurich,Pristina,edelweiss,Landed,11:50,11:37,2024-11-13 11:50:00,2024-11-13 11:37:00,-13.0
2024-11-13,arrival,Zurich,London LHR,swiss,Landed,11:50,11:38,2024-11-13 11:50:00,2024-11-13 11:38:00,-12.0
2024-11-13,arrival,Zurich,Warsaw,swiss,Landed,11:50,11:32,2024-11-13 11:50:00,2024-11-13 11:32:00,-18.0
2024-11-13,arrival,Zurich,Manchester,swiss,Landed,11:55,12:29,2024-11-13 11:55:00,2024-11-13 12:29:00,34.0
2024-11-13,arrival,Zurich,London LCY,swiss,Landed,12:00,11:59,2024-11-13 12:00:00,2024-11-13 11:59:00,-1.0
2024-11-13,arrival,Zurich,Geneva,swiss,Landed,12:05,11:50,2024-11-13 12:05:00,2024-11-13 11:50:00,-15.0
2024-11-13,arrival,Zurich,Gothenburg,swiss,Landed,12:05,11:48,2024-11-13 12:05:00,2024-11-13 11:48:00,-17.0
2024-11-13,arrival,Zurich,Oslo,sas,Landed,12:10,11:48,2024-11-13 12:10:00,2024-11-13 11:48:00,-22.0
2024-11-13,arrival,Zurich,Berlin,swiss,Landed,12:15,12:03,2024-11-13 12:15:00,2024-11-13 12:03:00,-12.0
2024-11-13,arrival,Zurich,Hamburg,swiss,Landed,12:20,11:52,2024-11-13 12:20:00,2024-11-13 11:52:00,-28.0
2024-11-13,arrival,Zurich,Madrid,swiss,Landed,12:20,12:13,2024-11-13 12:20:00,2024-11-13 12:13:00,-7.0
2024-11-13,arrival,Zurich,Dubai,emirates-neu,Landed,12:25,12:43,2024-11-13 12:25:00,2024-11-13 12:43:00,18.0
2024-11-13,arrival,Zurich,Lisbon,tap,Landed,12:40,13:05,2024-11-13 12:40:00,2024-11-13 13:05:00,25.0
2024-11-13,arrival,Zurich,Antalya,sun,Landed,12:50,12:49,2024-11-13 12:50:00,2024-11-13 12:49:00,-1.0
2024-11-13,arrival,Zurich,Cairo,egypt-air,Landed,12:55,12:51,2024-11-13 12:55:00,2024-11-13 12:51:00,-4.0
2024-11-13,arrival,Zurich,Munich,lufthansa_neu,Landed,12:55,12:42,2024-11-13 12:55:00,2024-11-13 12:42:00,-13.0
2024-11-13,arrival,Zurich,Hamburg,euro,Landed,09:05,08:54,2024-11-13 09:05:00,2024-11-13 08:54:00,-11.0
2024-11-13,arrival,Zurich,London LCY,british,Landed,09:30,09:26,2024-11-13 09:30:00,2024-11-13 09:26:00,-4.0
2024-11-13,arrival,Zurich,Warsaw,lot,Landed,09:35,09:20,2024-11-13 09:35:00,2024-11-13 09:20:00,-15.0
2024-11-13,arrival,Zurich,Thessaloniki,aegan,Landed,09:40,09:39,2024-11-13 09:40:00,2024-11-13 09:39:00,-1.0
2024-11-13,arrival,Zurich,Copenhagen,sas,Landed,09:45,09:18,2024-11-13 09:45:00,2024-11-13 09:18:00,-27.0
2024-11-13,arrival,Zurich,Paris CDG,airfrance,Landed,09:50,09:45,2024-11-13 09:50:00,2024-11-13 09:45:00,-5.0
2024-11-13,arrival,Zurich,Istanbul IST,turkish,Landed,09:50,09:34,2024-11-13 09:50:00,2024-11-13 09:34:00,-16.0
2024-11-13,arrival,Zurich,Vienna,austrian,Landed,09:50,09:34,2024-11-13 09:50:00,2024-11-13 09:34:00,-16.0
2024-11-13,arrival,Zurich,Helsinki,finnair,Landed,09:50,09:11,2024-11-13 09:50:00,2024-11-13 09:11:00,-39.0
2024-11-13,arrival,Zurich,Frankfurt,swiss,Landed,10:05,10:16,2024-11-13 10:05:00,2024-11-13 10:16:00,11.0
2024-11-13,arrival,Zurich,Madrid,europa,Landed,10:05,10:26,2024-11-13 10:05:00,2024-11-13 10:26:00,21.0
2024-11-13,arrival,Zurich,Zagreb,croatia_v2,Landed,10:05,10:05,2024-11-13 10:05:00,2024-11-13 10:05:00,0.0
2024-11-13,arrival,Zurich,Munich,swiss,Landed,10:10,10:01,2024-11-13 10:10:00,2024-11-13 10:01:00,-9.0
2024-11-13,arrival,Zurich,Athens,aegan,Landed,10:20,10:37,2024-11-13 10:20:00,2024-11-13 10:37:00,17.0
2024-11-13,arrival,Zurich,Toronto,canada,Landed,10:25,10:07,2024-11-13 10:25:00,2024-11-13 10:07:00,-18.0
2024-11-13,arrival,Zurich,New York,delta,Landed,10:30,10:43,2024-11-13 10:30:00,2024-11-13 10:43:00,13.0
2024-11-13,arrival,Zurich,Frankfurt,lufthansa_neu,Landed,10:30,10:32,2024-11-13 10:30:00,2024-11-13 10:32:00,2.0
2024-11-13,arrival,Zurich,Sao Paulo,swiss,Landed,10:35,10:31,2024-11-13 10:35:00,2024-11-13 10:31:00,-4.0
2024-11-13,arrival,Zurich,Istanbul SAW,pegasus,Landed,10:35,10:35,2024-11-13 10:35:00,2024-11-13 10:35:00,0.0
2024-11-13,arrival,Zurich,Washington,swiss,Landed,10:35,11:01,2024-11-13 10:35:00,2024-11-13 11:01:00,26.0
2024-11-13,arrival,Zurich,New York,swiss,Landed,10:40,10:45,2024-11-13 10:40:00,2024-11-13 10:45:00,5.0
2024-11-13,arrival,Zurich,Chicago,swiss,Landed,10:45,10:48,2024-11-13 10:45:00,2024-11-13 10:48:00,3.0
2024-11-13,arrival,Zurich,Pristina,chair,Landed,10:45,10:42,2024-11-13 10:45:00,2024-11-13 10:42:00,-3.0
2024-11-13,arrival,Zurich,Miami,swiss,Landed,10:50,11:22,2024-11-13 10:50:00,2024-11-13 11:22:00,32.0
2024-11-13,arrival,Zurich,Venice,swiss,Landed,10:55,10:48,2024-11-13 10:55:00,2024-11-13 10:48:00,-7.0
2024-11-13,arrival,Zurich,Tel Aviv,elalisrael,Landed,10:55,10:56,2024-11-13 10:55:00,2024-11-13 10:56:00,1.0
2024-11-13,arrival,Zurich,Milan MXP,swiss,Landed,10:55,10:56,2024-11-13 10:55:00,2024-11-13 10:56:00,1.0
2024-11-13,arrival,Zurich,Doha,qatar,Landed,07:10,06:55,2024-11-13 07:10:00,2024-11-13 06:55:00,-15.0
2024-11-13,arrival,Zurich,Hong Kong,cathay,Landed,07:30,06:52,2024-11-13 07:30:00,2024-11-13 06:52:00,-38.0
2024-11-13,arrival,Zurich,Washington,united,Landed,07:40,08:06,2024-11-13 07:40:00,2024-11-13 08:06:00,26.0
2024-11-13,arrival,Zurich,Addis Ababavia Milan,ethiopianairlineslogosvg,Landed,07:40,07:12,2024-11-13 07:40:00,2024-11-13 07:12:00,-28.0
2024-11-13,arrival,Zurich,Cologne Bonn,euro,Landed,07:45,09:05,2024-11-13 07:45:00,2024-11-13 09:05:00,80.0
2024-11-13,arrival,Zurich,Berlin,easyjet,Landed,07:45,07:19,2024-11-13 07:45:00,2024-11-13 07:19:00,-26.0
2024-11-13,arrival,Zurich,Milan MXP,swiss,Landed,07:45,07:33,2024-11-13 07:45:00,2024-11-13 07:33:00,-12.0
2024-11-13,arrival,Zurich,Singapore,singapore,Landed,07:50,07:47,2024-11-13 07:50:00,2024-11-13 07:47:00,-3.0
2024-11-13,arrival,Zurich,Ljubljana,swiss,Landed,07:50,07:36,2024-11-13 07:50:00,2024-11-13 07:36:00,-14.0
2024-11-13,arrival,Zurich,Budapest,swiss,Landed,07:55,07:49,2024-11-13 07:55:00,2024-11-13 07:49:00,-6.0
2024-11-13,arrival,Zurich,Brussels,brussels_airlines_logo,Landed,07:55,07:50,2024-11-13 07:55:00,2024-11-13 07:50:00,-5.0
2024-11-13,arrival,Zurich,Düsseldorf,euro,Landed,07:55,08:42,2024-11-13 07:55:00,2024-11-13 08:42:00,47.0
2024-11-13,arrival,Zurich,Bucharest,swiss,Landed,08:05,07:44,2024-11-13 08:05:00,2024-11-13 07:44:00,-21.0
2024-11-13,arrival,Zurich,Prague,swiss,Landed,08:10,08:05,2024-11-13 08:10:00,2024-11-13 08:05:00,-5.0
2024-11-13,arrival,Zurich,Berlin,euro,Landed,08:15,07:53,2024-11-13 08:15:00,2024-11-13 07:53:00,-22.0
2024-11-13,arrival,Zurich,Amsterdam,klm,Landed,08:15,08:10,2024-11-13 08:15:00,2024-11-13 08:10:00,-5.0
2024-11-13,arrival,Zurich,Philadelphia,american,Landed,08:15,08:29,2024-11-13 08:15:00,2024-11-13 08:29:00,14.0
2024-11-13,arrival,Zurich,Frankfurt,lufthansa_neu,Landed,08:20,08:27,2024-11-13 08:20:00,2024-11-13 08:27:00,7.0
2024-11-13,arrival,Zurich,Vienna,austrian,Landed,08:25,08:13,2024-11-13 08:25:00,2024-11-13 08:13:00,-12.0
2024-11-13,arrival,Zurich,Amsterdam,swiss,Landed,08:25,08:17,2024-11-13 08:25:00,2024-11-13 08:17:00,-8.0
2024-11-13,arrival,Zurich,Geneva,swiss,Landed,08:30,08:29,2024-11-13 08:30:00,2024-11-13 08:29:00,-1.0
2024-11-13,arrival,Zurich,Paris CDG,swiss,Landed,08:30,08:08,2024-11-13 08:30:00,2024-11-13 08:08:00,-22.0
2024-11-13,arrival,Zurich,Barcelona,swiss,Landed,08:30,08:30,2024-11-13 08:30:00,2024-11-13 08:30:00,0.0
2024-11-13,arrival,Zurich,Stockholm,swiss,Landed,08:35,08:26,2024-11-13 08:35:00,2024-11-13 08:26:00,-9.0
2024-11-13,arrival,Zurich,Newark,united,Landed,08:40,09:01,2024-11-13 08:40:00,2024-11-13 09:01:00,21.0
2024-11-13,arrival,Zurich,London LHR,swiss,Landed,08:40,08:35,2024-11-13 08:40:00,2024-11-13 08:35:00,-5.0
2024-11-13,arrival,Zurich,Munich,lufthansa_neu,Landed,08:45,08:51,2024-11-13 08:45:00,2024-11-13 08:51:00,6.0
2024-11-13,arrival,Zurich,Copenhagen,swiss,Landed,08:45,08:20,2024-11-13 08:45:00,2024-11-13 08:20:00,-25.0
2024-11-13,arrival,Zurich,Berlin,swiss,Landed,08:45,08:20,2024-11-13 08:45:00,2024-11-13 08:20:00,-25.0
2024-11-13,arrival,Zurich,Belgrade,serbia,Landed,08:50,08:53,2024-11-13 08:50:00,2024-11-13 08:53:00,3.0
2024-11-13,arrival,Zurich,Barcelona,vueling,Landed,08:50,08:36,2024-11-13 08:50:00,2024-11-13 08:36:00,-14.0
2024-11-13,arrival,Zurich,Athens,swiss,Landed,08:55,08:40,2024-11-13 08:55:00,2024-11-13 08:40:00,-15.0
2024-11-13,arrival,Zurich,Mumbai,swiss,Landed,06:10,06:35,2024-11-13 06:10:00,2024-11-13 06:35:00,25.0
2024-11-13,arrival,Zurich,Singapore,swiss,Landed,06:10,06:39,2024-11-13 06:10:00,2024-11-13 06:39:00,29.0
2024-11-13,arrival,Zurich,New York,swiss,Landed,06:10,06:22,2024-11-13 06:10:00,2024-11-13 06:22:00,12.0
2024-11-13,arrival,Zurich,Hong Kong,swiss,Landed,06:10,06:13,2024-11-13 06:10:00,2024-11-13 06:13:00,3.0
2024-11-13,arrival,Zurich,Johannesburg,swiss,Landed,06:15,06:11,2024-11-13 06:15:00,2024-11-13 06:11:00,-4.0
2024-11-13,arrival,Zurich,Montreal,swiss,Landed,06:15,06:50,2024-11-13 06:15:00,2024-11-13 06:50:00,35.0
2024-11-13,arrival,Zurich,Dubai,swiss,Landed,06:15,06:15,2024-11-13 06:15:00,2024-11-13 06:15:00,0.0
2024-11-13,arrival,Zurich,Kilimanjarovia Zanzibar,edelweiss,Landed,06:20,06:59,2024-11-13 06:20:00,2024-11-13 06:59:00,39.0
2024-11-13,arrival,Zurich,Delhi,swiss,Landed,06:20,06:17,2024-11-13 06:20:00,2024-11-13 06:17:00,-3.0
2024-11-13,arrival,Zurich,Cape Town,edelweiss,Landed,06:20,06:09,2024-11-13 06:20:00,2024-11-13 06:09:00,-11.0
2024-11-13,arrival,Zurich,Abu Dhabi,etihad,Landed,06:30,06:57,2024-11-13 06:30:00,2024-11-13 06:57:00,27.0
2024-11-13,arrival,Zurich,Bangkok,thai,Landed,06:55,06:37,2024-11-13 06:55:00,2024-11-13 06:37:00,-18.0
2024-11-13,departure,Zurich,Geneva,swiss,Departed,21:00,21:00,2024-11-13 21:00:00,2024-11-13 21:00:00,0.0
2024-11-13,departure,Zurich,Prague,swiss,Departed,21:00,21:00,2024-11-13 21:00:00,2024-11-13 21:00:00,0.0
2024-11-13,departure,Zurich,Athens,swiss,Departed,21:00,21:05,2024-11-13 21:00:00,2024-11-13 21:05:00,5.0
2024-11-13,departure,Zurich,London LHR,british,Departed,21:05,20:55,2024-11-13 21:05:00,2024-11-13 20:55:00,-10.0
2024-11-13,departure,Zurich,Budapest,swiss,Departed,21:10,21:30,2024-11-13 21:10:00,2024-11-13 21:30:00,20.0
2024-11-13,departure,Zurich,Bucharest,swiss,Departed,21:10,21:10,2024-11-13 21:10:00,2024-11-13 21:10:00,0.0
2024-11-13,departure,Zurich,Barcelona,swiss,Departed,21:10,21:10,2024-11-13 21:10:00,2024-11-13 21:10:00,0.0
2024-11-13,departure,Zurich,Ljubljana,swiss,Departed,21:15,21:20,2024-11-13 21:15:00,2024-11-13 21:20:00,5.0
2024-11-13,departure,Zurich,Copenhagen,swiss,Departed,21:15,21:15,2024-11-13 21:15:00,2024-11-13 21:15:00,0.0
2024-11-13,departure,Zurich,Berlin,easyjet,Departed,21:20,21:05,2024-11-13 21:20:00,2024-11-13 21:05:00,-15.0
2024-11-13,departure,Zurich,Manchester,easyjet,Departed,21:30,21:10,2024-11-13 21:30:00,2024-11-13 21:10:00,-20.0
2024-11-13,departure,Zurich,Muscat,oman,Departed,21:35,21:30,2024-11-13 21:35:00,2024-11-13 21:30:00,-5.0
2024-11-13,departure,Zurich,Dubai,emirates-neu,Departed,21:50,21:50,2024-11-13 21:50:00,2024-11-13 21:50:00,0.0
2024-11-13,departure,Zurich,Singapore,swiss,Departed,22:40,22:35,2024-11-13 22:40:00,2024-11-13 22:35:00,-5.0
2024-11-13,departure,Zurich,Sao Paulo,swiss,Departed,22:40,22:45,2024-11-13 22:40:00,2024-11-13 22:45:00,5.0
2024-11-13,departure,Zurich,Hong Kong,swiss,Departed,22:40,22:40,2024-11-13 22:40:00,2024-11-13 22:40:00,0.0
2024-11-13,departure,Zurich,Johannesburg,swiss,Departed,22:45,22:40,2024-11-13 22:45:00,2024-11-13 22:40:00,-5.0
2024-11-13,departure,Zurich,Helsinki,finnair,Departed,19:05,19:00,2024-11-13 19:05:00,2024-11-13 19:00:00,-5.0
2024-11-13,departure,Zurich,Munich,swiss,Departed,19:05,18:55,2024-11-13 19:05:00,2024-11-13 18:55:00,-10.0
2024-11-13,departure,Zurich,Amsterdam,klm,Departed,19:10,19:10,2024-11-13 19:10:00,2024-11-13 19:10:00,0.0
2024-11-13,departure,Zurich,London LCY,british,Departed,19:15,19:15,2024-11-13 19:15:00,2024-11-13 19:15:00,0.0
2024-11-13,departure,Zurich,London LHR,british,Departed,19:15,19:05,2024-11-13 19:15:00,2024-11-13 19:05:00,-10.0
2024-11-13,departure,Zurich,Riga,baltic,Departed,19:20,19:20,2024-11-13 19:20:00,2024-11-13 19:20:00,0.0
2024-11-13,departure,Zurich,Vienna,austrian,Departed,19:25,19:14,2024-11-13 19:25:00,2024-11-13 19:14:00,-11.0
2024-11-13,departure,Zurich,Madrid,iberia,Departed,19:40,19:40,2024-11-13 19:40:00,2024-11-13 19:40:00,0.0
2024-11-13,departure,Zurich,Delhi,air_india_logo,Departed,19:50,20:50,2024-11-13 19:50:00,2024-11-13 20:50:00,60.0
2024-11-13,departure,Zurich,Zagreb,croatia_v2,Departed,19:55,20:10,2024-11-13 19:55:00,2024-11-13 20:10:00,15.0
2024-11-13,departure,Zurich,Warsaw,lot,Departed,19:55,19:55,2024-11-13 19:55:00,2024-11-13 19:55:00,0.0
2024-11-13,departure,Zurich,Frankfurt,lufthansa_neu,Departed,20:05,20:20,2024-11-13 20:05:00,2024-11-13 20:20:00,15.0
2024-11-13,departure,Zurich,Berlin,euro,Departed,20:10,20:05,2024-11-13 20:10:00,2024-11-13 20:05:00,-5.0
2024-11-13,departure,Zurich,Hamburg,euro,Departed,20:10,20:10,2024-11-13 20:10:00,2024-11-13 20:10:00,0.0
2024-11-13,departure,Zurich,Cologne Bonn,euro,Departed,20:10,20:25,2024-11-13 20:10:00,2024-11-13 20:25:00,15.0
2024-11-13,departure,Zurich,London LGW,easyjet,Departed,20:15,20:15,2024-11-13 20:15:00,2024-11-13 20:15:00,0.0
2024-11-13,departure,Zurich,Addis Ababavia Milan,ethiopianairlineslogosvg,Departed,20:15,20:15,2024-11-13 20:15:00,2024-11-13 20:15:00,0.0
2024-11-13,departure,Zurich,Munich,lufthansa_neu,Departed,20:15,20:30,2024-11-13 20:15:00,2024-11-13 20:30:00,15.0
2024-11-13,departure,Zurich,Pristina,gp-aviation,Departed,20:20,20:25,2024-11-13 20:20:00,2024-11-13 20:25:00,5.0
2024-11-13,departure,Zurich,Copenhagen,sas,Departed,20:25,20:15,2024-11-13 20:25:00,2024-11-13 20:15:00,-10.0
2024-11-13,departure,Zurich,Belgrade,serbia,Departed,20:40,20:45,2024-11-13 20:40:00,2024-11-13 20:45:00,5.0
2024-11-13,departure,Zurich,Vienna,austrian,Departed,20:45,20:45,2024-11-13 20:45:00,2024-11-13 20:45:00,0.0
2024-11-13,departure,Zurich,Amsterdam,swiss,Departed,20:45,20:45,2024-11-13 20:45:00,2024-11-13 20:45:00,0.0
2024-11-13,departure,Zurich,Milan MXP,swiss,Departed,20:50,20:50,2024-11-13 20:50:00,2024-11-13 20:50:00,0.0
2024-11-13,departure,Zurich,Barcelona,vueling,Departed,20:50,20:50,2024-11-13 20:50:00,2024-11-13 20:50:00,0.0
2024-11-13,departure,Zurich,Düsseldorf,euro,Departed,20:50,20:50,2024-11-13 20:50:00,2024-11-13 20:50:00,0.0
2024-11-13,departure,Zurich,London LHR,swiss,Departed,20:55,21:00,2024-11-13 20:55:00,2024-11-13 21:00:00,5.0
2024-11-13,departure,Zurich,Berlin,swiss,Departed,20:55,21:00,2024-11-13 20:55:00,2024-11-13 21:00:00,5.0
2024-11-13,departure,Zurich,Paris CDG,swiss,Departed,20:55,20:55,2024-11-13 20:55:00,2024-11-13 20:55:00,0.0
2024-11-13,departure,Zurich,Stockholm,swiss,Departed,20:55,21:00,2024-11-13 20:55:00,2024-11-13 21:00:00,5.0
2024-11-13,departure,Zurich,London LHR,swiss,Departed,17:00,17:00,2024-11-13 17:00:00,2024-11-13 17:00:00,0.0
2024-11-13,departure,Zurich,Graz,swiss,Departed,17:00,17:00,2024-11-13 17:00:00,2024-11-13 17:00:00,0.0
2024-11-13,departure,Zurich,Warsaw,swiss,Departed,17:00,17:00,2024-11-13 17:00:00,2024-11-13 17:00:00,0.0
2024-11-13,departure,Zurich,Manchester,swiss,Departed,17:05,17:20,2024-11-13 17:05:00,2024-11-13 17:20:00,15.0
2024-11-13,departure,Zurich,Florence,swiss,Departed,17:05,17:05,2024-11-13 17:05:00,2024-11-13 17:05:00,0.0
2024-11-13,departure,Zurich,London LGW,swiss,Departed,17:05,17:05,2024-11-13 17:05:00,2024-11-13 17:05:00,0.0
2024-11-13,departure,Zurich,Munich,lufthansa_neu,Departed,17:10,17:25,2024-11-13 17:10:00,2024-11-13 17:25:00,15.0
2024-11-13,departure,Zurich,Copenhagen,swiss,Departed,17:15,17:15,2024-11-13 17:15:00,2024-11-13 17:15:00,0.0
2024-11-13,departure,Zurich,Milan MXP,swiss,Departed,17:15,17:15,2024-11-13 17:15:00,2024-11-13 17:15:00,0.0
2024-11-13,departure,Zurich,Newark,swiss,Departed,17:15,17:45,2024-11-13 17:15:00,2024-11-13 17:45:00,30.0
2024-11-13,departure,Zurich,Skopje,chair,Departed,17:20,17:15,2024-11-13 17:20:00,2024-11-13 17:15:00,-5.0
2024-11-13,departure,Zurich,Bremen,swiss,Departed,17:20,17:15,2024-11-13 17:20:00,2024-11-13 17:15:00,-5.0
2024-11-13,departure,Zurich,Pristina,chair,Departed,17:20,17:15,2024-11-13 17:20:00,2024-11-13 17:15:00,-5.0
2024-11-13,departure,Zurich,Berlin,swiss,Departed,17:25,17:25,2024-11-13 17:25:00,2024-11-13 17:25:00,0.0
2024-11-13,departure,Zurich,London LHR,british,Departed,17:25,17:20,2024-11-13 17:25:00,2024-11-13 17:20:00,-5.0
2024-11-13,departure,Zurich,Amsterdam,swiss,Departed,17:25,17:25,2024-11-13 17:25:00,2024-11-13 17:25:00,0.0
2024-11-13,departure,Zurich,Wroclaw,swiss,Departed,17:25,17:34,2024-11-13 17:25:00,2024-11-13 17:34:00,9.0
2024-11-13,departure,Zurich,Boston,swiss,Departed,17:30,17:30,2024-11-13 17:30:00,2024-11-13 17:30:00,0.0
2024-11-13,departure,Zurich,Amsterdam,klm,Departed,17:30,17:35,2024-11-13 17:30:00,2024-11-13 17:35:00,5.0
2024-11-13,departure,Zurich,Barcelona,swiss,Departed,17:30,17:30,2024-11-13 17:30:00,2024-11-13 17:30:00,0.0
2024-11-13,departure,Zurich,Stuttgart,swiss,Departed,17:30,17:30,2024-11-13 17:30:00,2024-11-13 17:30:00,0.0
2024-11-13,departure,Zurich,Paris CDG,swiss,Departed,17:35,17:35,2024-11-13 17:35:00,2024-11-13 17:35:00,0.0
2024-11-13,departure,Zurich,Budapest,swiss,Departed,17:35,17:55,2024-11-13 17:35:00,2024-11-13 17:55:00,20.0
2024-11-13,departure,Zurich,Rome FCO,swiss,Departed,17:35,17:35,2024-11-13 17:35:00,2024-11-13 17:35:00,0.0
2024-11-13,departure,Zurich,Dresden,swiss,Departed,17:40,17:40,2024-11-13 17:40:00,2024-11-13 17:40:00,0.0
2024-11-13,departure,Zurich,Malta,km_malta_airlines,Departed,17:40,17:40,2024-11-13 17:40:00,2024-11-13 17:40:00,0.0
2024-11-13,departure,Zurich,Düsseldorf,swiss,Departed,17:40,18:55,2024-11-13 17:40:00,2024-11-13 18:55:00,75.0
2024-11-13,departure,Zurich,Prague,swiss,Departed,17:40,17:40,2024-11-13 17:40:00,2024-11-13 17:40:00,0.0
2024-11-13,departure,Zurich,Hanover,swiss,Departed,17:45,17:51,2024-11-13 17:45:00,2024-11-13 17:51:00,6.0
2024-11-13,departure,Zurich,Vienna,swiss,Departed,17:45,17:45,2024-11-13 17:45:00,2024-11-13 17:45:00,0.0
2024-11-13,departure,Zurich,Pristina,edelweiss,Departed,17:50,17:50,2024-11-13 17:50:00,2024-11-13 17:50:00,0.0
2024-11-13,departure,Zurich,Venice,swiss,Departed,17:50,17:50,2024-11-13 17:50:00,2024-11-13 17:50:00,0.0
2024-11-13,departure,Zurich,Hamburg,swiss,Departed,17:50,17:50,2024-11-13 17:50:00,2024-11-13 17:50:00,0.0
2024-11-13,departure,Zurich,Nice,swiss,Departed,17:50,17:50,2024-11-13 17:50:00,2024-11-13 17:50:00,0.0
2024-11-13,departure,Zurich,Brussels,swiss,Departed,17:55,17:55,2024-11-13 17:55:00,2024-11-13 17:55:00,0.0
2024-11-13,departure,Zurich,London LCY,swiss,Departed,17:55,17:50,2024-11-13 17:55:00,2024-11-13 17:50:00,-5.0
2024-11-13,departure,Zurich,Luxembourg,swiss,Departed,17:55,17:55,2024-11-13 17:55:00,2024-11-13 17:55:00,0.0
2024-11-13,departure,Zurich,Lisbon,tap,Departed,18:00,18:10,2024-11-13 18:00:00,2024-11-13 18:10:00,10.0
2024-11-13,departure,Zurich,Geneva,swiss,Departed,18:00,17:55,2024-11-13 18:00:00,2024-11-13 17:55:00,-5.0
2024-11-13,departure,Zurich,Bangkok,swiss,Departed,18:00,18:00,2024-11-13 18:00:00,2024-11-13 18:00:00,0.0
2024-11-13,departure,Zurich,Frankfurt,lufthansa_neu,Departed,18:05,18:05,2024-11-13 18:05:00,2024-11-13 18:05:00,0.0
2024-11-13,departure,Zurich,Istanbul IST,turkish,Departed,18:05,18:35,2024-11-13 18:05:00,2024-11-13 18:35:00,30.0
2024-11-13,departure,Zurich,London LHR,swiss,Departed,18:25,18:25,2024-11-13 18:25:00,2024-11-13 18:25:00,0.0
2024-11-13,departure,Zurich,Berlin,swiss,Cancelled,18:25,18:25,2024-11-13 18:25:00,2024-11-13 18:25:00,0.0
2024-11-13,departure,Zurich,Madrid,europa,Departed,18:30,19:00,2024-11-13 18:30:00,2024-11-13 19:00:00,30.0
2024-11-13,departure,Zurich,Frankfurt,swiss,Departed,18:50,18:45,2024-11-13 18:50:00,2024-11-13 18:45:00,-5.0
2024-11-13,departure,Zurich,Paris CDG,airfrance,Departed,18:50,18:40,2024-11-13 18:50:00,2024-11-13 18:40:00,-10.0
2024-11-13,departure,Zurich,Riyadh,saudia_logo,Departed,15:00,15:00,2024-11-13 15:00:00,2024-11-13 15:00:00,0.0
2024-11-13,departure,Zurich,Vienna,austrian,Departed,15:05,14:55,2024-11-13 15:05:00,2024-11-13 14:55:00,-10.0
2024-11-13,departure,Zurich,Doha,qatar,Departed,15:10,15:05,2024-11-13 15:10:00,2024-11-13 15:05:00,-5.0
2024-11-13,departure,Zurich,London LHR,swiss,Departed,15:30,15:30,2024-11-13 15:30:00,2024-11-13 15:30:00,0.0
2024-11-13,departure,Zurich,Hamburg,euro,Departed,15:35,15:25,2024-11-13 15:35:00,2024-11-13 15:25:00,-10.0
2024-11-13,departure,Zurich,Palma De Mallorca,swiss,Departed,15:40,15:40,2024-11-13 15:40:00,2024-11-13 15:40:00,0.0
2024-11-13,departure,Zurich,Istanbul SAW,pegasus,Departed,15:50,15:50,2024-11-13 15:50:00,2024-11-13 15:50:00,0.0
2024-11-13,departure,Zurich,Düsseldorf,euro,Departed,15:50,15:45,2024-11-13 15:50:00,2024-11-13 15:45:00,-5.0
2024-11-13,departure,Zurich,London LTN,easyjet,Departed,16:20,16:20,2024-11-13 16:20:00,2024-11-13 16:20:00,0.0
2024-11-13,departure,Zurich,Madrid,swiss,Departed,16:20,16:25,2024-11-13 16:20:00,2024-11-13 16:25:00,5.0
2024-11-13,departure,Zurich,Amsterdam,swiss,Departed,16:20,16:20,2024-11-13 16:20:00,2024-11-13 16:20:00,0.0
2024-11-13,departure,Zurich,Berlin,swiss,Departed,16:25,16:25,2024-11-13 16:25:00,2024-11-13 16:25:00,0.0
2024-11-13,departure,Zurich,Hamburg,swiss,Departed,16:25,16:25,2024-11-13 16:25:00,2024-11-13 16:25:00,0.0
2024-11-13,departure,Zurich,London LHR,british,Departed,16:25,16:25,2024-11-13 16:25:00,2024-11-13 16:25:00,0.0
2024-11-13,departure,Zurich,London LCY,swiss,Departed,16:25,16:30,2024-11-13 16:25:00,2024-11-13 16:30:00,5.0
2024-11-13,departure,Zurich,Brussels,swiss,Departed,16:30,16:30,2024-11-13 16:30:00,2024-11-13 16:30:00,0.0
2024-11-13,departure,Zurich,Dublin,swiss,Departed,16:30,16:25,2024-11-13 16:30:00,2024-11-13 16:25:00,-5.0
2024-11-13,departure,Zurich,Düsseldorf,swiss,Departed,16:30,16:30,2024-11-13 16:30:00,2024-11-13 16:30:00,0.0
2024-11-13,departure,Zurich,Geneva,swiss,Departed,16:45,16:55,2024-11-13 16:45:00,2024-11-13 16:55:00,10.0
2024-11-13,departure,Zurich,Valencia,swiss,Departed,16:45,17:00,2024-11-13 16:45:00,2024-11-13 17:00:00,15.0
2024-11-13,departure,Zurich,Athens,swiss,Departed,13:00,13:00,2024-11-13 13:00:00,2024-11-13 13:00:00,0.0
2024-11-13,departure,Zurich,Toronto,canada,Departed,13:00,13:00,2024-11-13 13:00:00,2024-11-13 13:00:00,0.0
2024-11-13,departure,Zurich,Oslo,sas,Departed,13:00,13:00,2024-11-13 13:00:00,2024-11-13 13:00:00,0.0
2024-11-13,departure,Zurich,Tokyo,swiss,Departed,13:05,13:05,2024-11-13 13:05:00,2024-11-13 13:05:00,0.0
2024-11-13,departure,Zurich,Bologna,swiss,Departed,13:05,13:05,2024-11-13 13:05:00,2024-11-13 13:05:00,0.0
2024-11-13,departure,Zurich,Dubai,swiss,Departed,13:05,13:05,2024-11-13 13:05:00,2024-11-13 13:05:00,0.0
2024-11-13,departure,Zurich,Split,edelweiss,Departed,13:05,13:05,2024-11-13 13:05:00,2024-11-13 13:05:00,0.0
2024-11-13,departure,Zurich,Los Angeles,swiss,Departed,13:10,13:10,2024-11-13 13:10:00,2024-11-13 13:10:00,0.0
2024-11-13,departure,Zurich,Chicago,swiss,Departed,13:10,13:10,2024-11-13 13:10:00,2024-11-13 13:10:00,0.0
2024-11-13,departure,Zurich,Shanghai,swiss,Departed,13:10,13:10,2024-11-13 13:10:00,2024-11-13 13:10:00,0.0
2024-11-13,departure,Zurich,New York,swiss,Departed,13:15,13:10,2024-11-13 13:15:00,2024-11-13 13:10:00,-5.0
2024-11-13,departure,Zurich,San Francisco,swiss,Departed,13:15,13:20,2024-11-13 13:15:00,2024-11-13 13:20:00,5.0
2024-11-13,departure,Zurich,Bangkok,thai,Departed,13:15,13:20,2024-11-13 13:15:00,2024-11-13 13:20:00,5.0
2024-11-13,departure,Zurich,Stuttgart,swiss,Departed,13:15,13:15,2024-11-13 13:15:00,2024-11-13 13:15:00,0.0
2024-11-13,departure,Zurich,Milan MXP,swiss,Departed,13:20,13:20,2024-11-13 13:20:00,2024-11-13 13:20:00,0.0
2024-11-13,departure,Zurich,Berlin,swiss,Departed,13:30,13:30,2024-11-13 13:30:00,2024-11-13 13:30:00,0.0
2024-11-13,departure,Zurich,Lisbon,tap,Departed,13:30,14:00,2024-11-13 13:30:00,2024-11-13 14:00:00,30.0
2024-11-13,departure,Zurich,New York,delta,Departed,13:30,13:25,2024-11-13 13:30:00,2024-11-13 13:25:00,-5.0
2024-11-13,departure,Zurich,Munich,lufthansa_neu,Departed,13:35,13:40,2024-11-13 13:35:00,2024-11-13 13:40:00,5.0
2024-11-13,departure,Zurich,Antalya,sun,Departed,13:45,13:57,2024-11-13 13:45:00,2024-11-13 13:57:00,12.0
2024-11-13,departure,Zurich,Cairo,egypt-air,Departed,13:55,13:55,2024-11-13 13:55:00,2024-11-13 13:55:00,0.0
2024-11-13,departure,Zurich,Istanbul SAW,ajet_logo,Departed,14:10,14:10,2024-11-13 14:10:00,2024-11-13 14:10:00,0.0
2024-11-13,departure,Zurich,Amsterdam,klm,Departed,14:15,14:07,2024-11-13 14:15:00,2024-11-13 14:07:00,-8.0
2024-11-13,departure,Zurich,Phuket,edelweiss,Departed,14:20,14:25,2024-11-13 14:20:00,2024-11-13 14:25:00,5.0
2024-11-13,departure,Zurich,Dubai,emirates-neu,Departed,14:35,14:35,2024-11-13 14:35:00,2024-11-13 14:35:00,0.0
2024-11-13,departure,Zurich,Frankfurt,lufthansa_neu,Departed,14:45,14:37,2024-11-13 14:45:00,2024-11-13 14:37:00,-8.0
2024-11-13,departure,Zurich,Split,croatia_v2,Departed,14:45,14:45,2024-11-13 14:45:00,2024-11-13 14:45:00,0.0
2024-11-13,departure,Zurich,Istanbul IST,turkish,Departed,14:50,14:50,2024-11-13 14:50:00,2024-11-13 14:50:00,0.0
2024-11-13,departure,Zurich,London LCY,british,Departed,14:50,14:50,2024-11-13 14:50:00,2024-11-13 14:50:00,0.0
2024-11-13,departure,Zurich,Madrid,europa,Departed,11:05,11:30,2024-11-13 11:05:00,2024-11-13 11:30:00,25.0
2024-11-13,departure,Zurich,Zagreb,croatia_v2,Departed,11:05,11:05,2024-11-13 11:05:00,2024-11-13 11:05:00,0.0
2024-11-13,departure,Zurich,Istanbul IST,turkish,Departed,11:15,11:15,2024-11-13 11:15:00,2024-11-13 11:15:00,0.0
2024-11-13,departure,Zurich,Frankfurt,lufthansa_neu,Departed,11:15,11:15,2024-11-13 11:15:00,2024-11-13 11:15:00,0.0
2024-11-13,departure,Zurich,Athens,aegan,Departed,11:20,11:30,2024-11-13 11:20:00,2024-11-13 11:30:00,10.0
2024-11-13,departure,Zurich,Palma De Mallorca,chair,Departed,11:30,11:30,2024-11-13 11:30:00,2024-11-13 11:30:00,0.0
2024-11-13,departure,Zurich,Istanbul SAW,pegasus,Departed,11:40,11:50,2024-11-13 11:40:00,2024-11-13 11:50:00,10.0
2024-11-13,departure,Zurich,Washington,united,Departed,11:45,11:45,2024-11-13 11:45:00,2024-11-13 11:45:00,0.0
2024-11-13,departure,Zurich,Amsterdam,klm,Departed,11:50,11:55,2024-11-13 11:50:00,2024-11-13 11:55:00,5.0
2024-11-13,departure,Zurich,Warsaw,swiss,Departed,11:55,11:55,2024-11-13 11:55:00,2024-11-13 11:55:00,0.0
2024-11-13,departure,Zurich,Madrid,iberia,Departed,11:55,12:23,2024-11-13 11:55:00,2024-11-13 12:23:00,28.0
2024-11-13,departure,Zurich,Hong Kong,cathay,Departed,11:55,11:55,2024-11-13 11:55:00,2024-11-13 11:55:00,0.0
2024-11-13,departure,Zurich,Delhi,swiss,Departed,12:00,12:00,2024-11-13 12:00:00,2024-11-13 12:00:00,0.0
2024-11-13,departure,Zurich,Geneva,swiss,Departed,12:05,13:15,2024-11-13 12:05:00,2024-11-13 13:15:00,70.0
2024-11-13,departure,Zurich,Cartagenavia Bogotá,edelweiss,Cancelled,12:05,12:05,2024-11-13 12:05:00,2024-11-13 12:05:00,0.0
2024-11-13,departure,Zurich,Palma De Mallorca,swiss,Departed,12:05,12:05,2024-11-13 12:05:00,2024-11-13 12:05:00,0.0
2024-11-13,departure,Zurich,Belgrade,swiss,Departed,12:05,12:15,2024-11-13 12:05:00,2024-11-13 12:15:00,10.0
2024-11-13,departure,Zurich,London LCY,swiss,Departed,12:10,12:10,2024-11-13 12:10:00,2024-11-13 12:10:00,0.0
2024-11-13,departure,Zurich,Košice,swiss,Departed,12:10,12:10,2024-11-13 12:10:00,2024-11-13 12:10:00,0.0
2024-11-13,departure,Zurich,Stockholm,swiss,Departed,12:10,12:10,2024-11-13 12:10:00,2024-11-13 12:10:00,0.0
2024-11-13,departure,Zurich,London LHR,swiss,Departed,12:10,12:30,2024-11-13 12:10:00,2024-11-13 12:30:00,20.0
2024-11-13,departure,Zurich,Düsseldorf,swiss,Departed,12:15,12:15,2024-11-13 12:15:00,2024-11-13 12:15:00,0.0
2024-11-13,departure,Zurich,Luxembourg,swiss,Departed,12:15,12:15,2024-11-13 12:15:00,2024-11-13 12:15:00,0.0
2024-11-13,departure,Zurich,Barcelona,swiss,Departed,12:20,12:20,2024-11-13 12:20:00,2024-11-13 12:20:00,0.0
2024-11-13,departure,Zurich,Krakow,swiss,Departed,12:20,12:20,2024-11-13 12:20:00,2024-11-13 12:20:00,0.0
2024-11-13,departure,Zurich,Rome FCO,swiss,Departed,12:25,12:45,2024-11-13 12:25:00,2024-11-13 12:45:00,20.0
2024-11-13,departure,Zurich,Copenhagen,swiss,Departed,12:25,12:25,2024-11-13 12:25:00,2024-11-13 12:25:00,0.0
2024-11-13,departure,Zurich,Budapest,swiss,Departed,12:25,12:30,2024-11-13 12:25:00,2024-11-13 12:30:00,5.0
2024-11-13,departure,Zurich,Bucharest,swiss,Departed,12:25,12:40,2024-11-13 12:25:00,2024-11-13 12:40:00,15.0
2024-11-13,departure,Zurich,Cairo,swiss,Departed,12:30,12:35,2024-11-13 12:30:00,2024-11-13 12:35:00,5.0
2024-11-13,departure,Zurich,Hamburg,swiss,Departed,12:30,12:30,2024-11-13 12:30:00,2024-11-13 12:30:00,0.0
2024-11-13,departure,Zurich,Marseille,swiss,Departed,12:30,12:45,2024-11-13 12:30:00,2024-11-13 12:45:00,15.0
2024-11-13,departure,Zurich,Frankfurt,swiss,Departed,12:35,12:35,2024-11-13 12:35:00,2024-11-13 12:35:00,0.0
2024-11-13,departure,Zurich,London LHR,british,Departed,12:35,12:35,2024-11-13 12:35:00,2024-11-13 12:35:00,0.0
2024-11-13,departure,Zurich,Prague,swiss,Departed,12:35,12:35,2024-11-13 12:35:00,2024-11-13 12:35:00,0.0
2024-11-13,departure,Zurich,Lisbon,swiss,Departed,12:35,12:35,2024-11-13 12:35:00,2024-11-13 12:35:00,0.0
2024-11-13,departure,Zurich,Florence,swiss,Departed,12:40,12:50,2024-11-13 12:40:00,2024-11-13 12:50:00,10.0
2024-11-13,departure,Zurich,Vienna,swiss,Departed,12:40,12:40,2024-11-13 12:40:00,2024-11-13 12:40:00,0.0
2024-11-13,departure,Zurich,Berlin,swiss,Departed,12:40,12:35,2024-11-13 12:40:00,2024-11-13 12:35:00,-5.0
2024-11-13,departure,Zurich,Tel Aviv,elalisrael,Departed,12:40,13:15,2024-11-13 12:40:00,2024-11-13 13:15:00,35.0
2024-11-13,departure,Zurich,Amsterdam,swiss,Departed,12:45,12:45,2024-11-13 12:45:00,2024-11-13 12:45:00,0.0
2024-11-13,departure,Zurich,Nice,swiss,Departed,12:45,13:15,2024-11-13 12:45:00,2024-11-13 13:15:00,30.0
2024-11-13,departure,Zurich,Montreal,swiss,Departed,12:45,12:45,2024-11-13 12:45:00,2024-11-13 12:45:00,0.0
2024-11-13,departure,Zurich,Miami,swiss,Departed,12:50,12:55,2024-11-13 12:50:00,2024-11-13 12:55:00,5.0
2024-11-13,departure,Zurich,Brussels,swiss,Departed,12:50,12:55,2024-11-13 12:50:00,2024-11-13 12:55:00,5.0
2024-11-13,departure,Zurich,Paris CDG,swiss,Departed,12:50,12:55,2024-11-13 12:50:00,2024-11-13 12:55:00,5.0
2024-11-13,departure,Zurich,Venice,swiss,Departed,12:55,12:55,2024-11-13 12:55:00,2024-11-13 12:55:00,0.0
2024-11-13,departure,Zurich,Ljubljana,swiss,Departed,12:55,12:55,2024-11-13 12:55:00,2024-11-13 12:55:00,0.0
2024-11-13,departure,Zurich,Geneva,swiss,Departed,12:55,12:55,2024-11-13 12:55:00,2024-11-13 12:55:00,0.0
2024-11-13,departure,Zurich,Malaga,swiss,Departed,12:55,12:55,2024-11-13 12:55:00,2024-11-13 12:55:00,0.0
2024-11-13,departure,Zurich,Frankfurt,lufthansa_neu,Departed,09:00,09:10,2024-11-13 09:00:00,2024-11-13 09:10:00,10.0
2024-11-13,departure,Zurich,Geneva,swiss,Departed,09:00,09:30,2024-11-13 09:00:00,2024-11-13 09:30:00,30.0
2024-11-13,departure,Zurich,Stuttgart,swiss,Departed,09:00,09:00,2024-11-13 09:00:00,2024-11-13 09:00:00,0.0
2024-11-13,departure,Zurich,Amsterdam,klm,Departed,09:00,08:55,2024-11-13 09:00:00,2024-11-13 08:55:00,-5.0
2024-11-13,departure,Zurich,Berlin,euro,Departed,09:05,09:05,2024-11-13 09:05:00,2024-11-13 09:05:00,0.0
2024-11-13,departure,Zurich,Liberiavia San Jose,edelweiss,Departed,09:10,09:15,2024-11-13 09:10:00,2024-11-13 09:15:00,5.0
2024-11-13,departure,Zurich,Vienna,austrian,Departed,09:10,09:05,2024-11-13 09:10:00,2024-11-13 09:05:00,-5.0
2024-11-13,departure,Zurich,Lisbon,swiss,Departed,09:20,09:20,2024-11-13 09:20:00,2024-11-13 09:20:00,0.0
2024-11-13,departure,Zurich,Tenerife,edelweiss,Departed,09:25,09:47,2024-11-13 09:25:00,2024-11-13 09:47:00,22.0
2024-11-13,departure,Zurich,Munich,lufthansa_neu,Departed,09:25,09:35,2024-11-13 09:25:00,2024-11-13 09:35:00,10.0
2024-11-13,departure,Zurich,Gran Canaria,edelweiss,Departed,09:25,09:40,2024-11-13 09:25:00,2024-11-13 09:40:00,15.0
2024-11-13,departure,Zurich,Malaga,swiss,Departed,09:25,09:35,2024-11-13 09:25:00,2024-11-13 09:35:00,10.0
2024-11-13,departure,Zurich,Faro,edelweiss,Departed,09:30,09:40,2024-11-13 09:30:00,2024-11-13 09:40:00,10.0
2024-11-13,departure,Zurich,Cape Town,edelweiss,Departed,09:30,09:45,2024-11-13 09:30:00,2024-11-13 09:45:00,15.0
2024-11-13,departure,Zurich,Barcelona,vueling,Departed,09:35,09:35,2024-11-13 09:35:00,2024-11-13 09:35:00,0.0
2024-11-13,departure,Zurich,Hurghada,edelweiss,Departed,09:35,09:35,2024-11-13 09:35:00,2024-11-13 09:35:00,0.0
2024-11-13,departure,Zurich,Porto,swiss,Departed,09:35,09:55,2024-11-13 09:35:00,2024-11-13 09:55:00,20.0
2024-11-13,departure,Zurich,Belgrade,serbia,Departed,09:35,09:40,2024-11-13 09:35:00,2024-11-13 09:40:00,5.0
2024-11-13,departure,Zurich,Oslo,swiss,Departed,09:40,09:40,2024-11-13 09:40:00,2024-11-13 09:40:00,0.0
2024-11-13,departure,Zurich,Hamburg,euro,Departed,09:45,09:45,2024-11-13 09:45:00,2024-11-13 09:45:00,0.0
2024-11-13,departure,Zurich,Mumbai,swiss,Departed,09:45,09:50,2024-11-13 09:45:00,2024-11-13 09:50:00,5.0
2024-11-13,departure,Zurich,Tallinn,swiss,Departed,09:45,09:45,2024-11-13 09:45:00,2024-11-13 09:45:00,0.0
2024-11-13,departure,Zurich,Agadirvia Marrakesh,edelweiss,Departed,09:45,10:05,2024-11-13 09:45:00,2024-11-13 10:05:00,20.0
2024-11-13,departure,Zurich,New York,swiss,Departed,09:50,10:00,2024-11-13 09:50:00,2024-11-13 10:00:00,10.0
2024-11-13,departure,Zurich,Heraklion,edelweiss,Departed,09:55,10:00,2024-11-13 09:55:00,2024-11-13 10:00:00,5.0
2024-11-13,departure,Zurich,Stockholm,swiss,Departed,09:55,09:55,2024-11-13 09:55:00,2024-11-13 09:55:00,0.0
2024-11-13,departure,Zurich,Valencia,swiss,Departed,10:00,10:00,2024-11-13 10:00:00,2024-11-13 10:00:00,0.0
2024-11-13,departure,Zurich,Larnaca,edelweiss,Departed,10:00,10:20,2024-11-13 10:00:00,2024-11-13 10:20:00,20.0
2024-11-13,departure,Zurich,Alicante,swiss,Departed,10:05,10:05,2024-11-13 10:05:00,2024-11-13 10:05:00,0.0
2024-11-13,departure,Zurich,London LCY,british,Departed,10:10,10:10,2024-11-13 10:10:00,2024-11-13 10:10:00,0.0
2024-11-13,departure,Zurich,Tromsø,edelweiss,Departed,10:15,10:15,2024-11-13 10:15:00,2024-11-13 10:15:00,0.0
2024-11-13,departure,Zurich,London LHR,swiss,Departed,10:15,10:20,2024-11-13 10:15:00,2024-11-13 10:20:00,5.0
2024-11-13,departure,Zurich,Philadelphia,american,Departed,10:15,10:15,2024-11-13 10:15:00,2024-11-13 10:15:00,0.0
2024-11-13,departure,Zurich,Newark,united,Departed,10:20,10:20,2024-11-13 10:20:00,2024-11-13 10:20:00,0.0
2024-11-13,departure,Zurich,Abu Dhabi,etihad,Departed,10:25,10:35,2024-11-13 10:25:00,2024-11-13 10:35:00,10.0
2024-11-13,departure,Zurich,Warsaw,lot,Departed,10:25,10:20,2024-11-13 10:25:00,2024-11-13 10:20:00,-5.0
2024-11-13,departure,Zurich,Copenhagen,sas,Departed,10:25,10:25,2024-11-13 10:25:00,2024-11-13 10:25:00,0.0
2024-11-13,departure,Zurich,Thessaloniki,aegan,Departed,10:30,10:30,2024-11-13 10:30:00,2024-11-13 10:30:00,0.0
2024-11-13,departure,Zurich,Singapore,singapore,Departed,10:35,10:35,2024-11-13 10:35:00,2024-11-13 10:35:00,0.0
2024-11-13,departure,Zurich,Dublin,swiss,Departed,10:35,10:40,2024-11-13 10:35:00,2024-11-13 10:40:00,5.0
2024-11-13,departure,Zurich,Helsinki,finnair,Departed,10:35,10:20,2024-11-13 10:35:00,2024-11-13 10:20:00,-15.0
2024-11-13,departure,Zurich,Vienna,austrian,Departed,10:40,10:40,2024-11-13 10:40:00,2024-11-13 10:40:00,0.0
2024-11-13,departure,Zurich,Paris CDG,airfrance,Departed,10:45,10:45,2024-11-13 10:45:00,2024-11-13 10:45:00,0.0
2024-11-13,departure,Zurich,Gothenburg,swiss,Departed,07:00,07:00,2024-11-13 07:00:00,2024-11-13 07:00:00,0.0
2024-11-13,departure,Zurich,Warsaw,swiss,Departed,07:00,07:00,2024-11-13 07:00:00,2024-11-13 07:00:00,0.0
2024-11-13,departure,Zurich,Manchester,swiss,Departed,07:00,07:20,2024-11-13 07:00:00,2024-11-13 07:20:00,20.0
2024-11-13,departure,Zurich,Frankfurt,swiss,Departed,07:00,07:10,2024-11-13 07:00:00,2024-11-13 07:10:00,10.0
2024-11-13,departure,Zurich,Birmingham,swiss,Departed,07:05,07:15,2024-11-13 07:05:00,2024-11-13 07:15:00,10.0
2024-11-13,departure,Zurich,London LHR,swiss,Departed,07:05,07:05,2024-11-13 07:05:00,2024-11-13 07:05:00,0.0
2024-11-13,departure,Zurich,Copenhagen,swiss,Departed,07:05,07:05,2024-11-13 07:05:00,2024-11-13 07:05:00,0.0
2024-11-13,departure,Zurich,Munich,swiss,Departed,07:10,07:10,2024-11-13 07:10:00,2024-11-13 07:10:00,0.0
2024-11-13,departure,Zurich,Hamburg,swiss,Departed,07:10,07:10,2024-11-13 07:10:00,2024-11-13 07:10:00,0.0
2024-11-13,departure,Zurich,Budapest,swiss,Departed,07:10,07:15,2024-11-13 07:10:00,2024-11-13 07:15:00,5.0
2024-11-13,departure,Zurich,Milan MXP,swiss,Departed,07:10,07:15,2024-11-13 07:10:00,2024-11-13 07:15:00,5.0
2024-11-13,departure,Zurich,Barcelona,swiss,Departed,07:15,07:15,2024-11-13 07:15:00,2024-11-13 07:15:00,0.0
2024-11-13,departure,Zurich,Berlin,swiss,Departed,07:15,07:40,2024-11-13 07:15:00,2024-11-13 07:40:00,25.0
2024-11-13,departure,Zurich,Amsterdam,swiss,Departed,07:15,07:15,2024-11-13 07:15:00,2024-11-13 07:15:00,0.0
2024-11-13,departure,Zurich,Düsseldorf,swiss,Departed,07:20,07:20,2024-11-13 07:20:00,2024-11-13 07:20:00,0.0
2024-11-13,departure,Zurich,Hanover,swiss,Departed,07:20,07:20,2024-11-13 07:20:00,2024-11-13 07:20:00,0.0
2024-11-13,departure,Zurich,Vienna,swiss,Departed,07:20,07:40,2024-11-13 07:20:00,2024-11-13 07:40:00,20.0
2024-11-13,departure,Zurich,Rome FCO,swiss,Departed,07:20,07:25,2024-11-13 07:20:00,2024-11-13 07:25:00,5.0
2024-11-13,departure,Zurich,Nice,swiss,Departed,07:25,07:35,2024-11-13 07:25:00,2024-11-13 07:35:00,10.0
2024-11-13,departure,Zurich,Prague,swiss,Departed,07:25,07:35,2024-11-13 07:25:00,2024-11-13 07:35:00,10.0
2024-11-13,departure,Zurich,Madrid,iberia,Departed,07:30,07:30,2024-11-13 07:30:00,2024-11-13 07:30:00,0.0
2024-11-13,departure,Zurich,Geneva,swiss,Departed,07:30,07:30,2024-11-13 07:30:00,2024-11-13 07:30:00,0.0
2024-11-13,departure,Zurich,Venice,swiss,Departed,07:30,07:30,2024-11-13 07:30:00,2024-11-13 07:30:00,0.0
2024-11-13,departure,Zurich,Brussels,swiss,Departed,07:30,07:35,2024-11-13 07:30:00,2024-11-13 07:35:00,5.0
2024-11-13,departure,Zurich,Luxembourg,swiss,Departed,07:35,07:40,2024-11-13 07:35:00,2024-11-13 07:40:00,5.0
2024-11-13,departure,Zurich,Bologna,swiss,Departed,07:40,07:40,2024-11-13 07:40:00,2024-11-13 07:40:00,0.0
2024-11-13,departure,Zurich,London LCY,swiss,Departed,07:55,07:55,2024-11-13 07:55:00,2024-11-13 07:55:00,0.0
2024-11-13,departure,Zurich,Berlin,easyjet,Departed,08:20,08:15,2024-11-13 08:20:00,2024-11-13 08:15:00,-5.0
2024-11-13,departure,Zurich,Cologne Bonn,euro,Departed,08:30,09:30,2024-11-13 08:30:00,2024-11-13 09:30:00,60.0
2024-11-13,departure,Zurich,Berlin,swiss,Departed,08:30,08:30,2024-11-13 08:30:00,2024-11-13 08:30:00,0.0
2024-11-13,departure,Zurich,Hamburg,swiss,Departed,08:35,08:35,2024-11-13 08:35:00,2024-11-13 08:35:00,0.0
2024-11-13,departure,Zurich,Düsseldorf,euro,Departed,08:35,09:15,2024-11-13 08:35:00,2024-11-13 09:15:00,40.0
2024-11-13,departure,Zurich,Brussels,brussels_airlines_logo,Departed,08:45,08:50,2024-11-13 08:45:00,2024-11-13 08:50:00,5.0
2024-11-13,departure,Zurich,Doha,qatar,Departed,08:45,08:45,2024-11-13 08:45:00,2024-11-13 08:45:00,0.0
2024-11-13,departure,Zurich,Pristina,chair,Departed,05:45,05:45,2024-11-13 05:45:00,2024-11-13 05:45:00,0.0
2024-11-13,departure,Zurich,Lisbon,tap,Departed,06:10,06:10,2024-11-13 06:10:00,2024-11-13 06:10:00,0.0
2024-11-13,departure,Zurich,Hurghada,chair,Departed,06:15,06:15,2024-11-13 06:15:00,2024-11-13 06:15:00,0.0
2024-11-13,departure,Zurich,Paris CDG,airfrance,Departed,06:30,06:30,2024-11-13 06:30:00,2024-11-13 06:30:00,0.0
2024-11-13,departure,Zurich,Istanbul IST,turkish,Departed,06:45,06:45,2024-11-13 06:45:00,2024-11-13 06:45:00,0.0
2024-11-13,departure,Zurich,Pristina,edelweiss,Departed,06:45,06:40,2024-11-13 06:45:00,2024-11-13 06:40:00,-5.0
2024-11-13,departure,Zurich,London LHR,british,Departed,06:50,06:50,2024-11-13 06:50:00,2024-11-13 06:50:00,0.0
2024-11-13,departure,Zurich,Amsterdam,klm,Departed,06:55,06:55,2024-11-13 06:55:00,2024-11-13 06:55:00,0.0
2024-11-13,departure,Zurich,Belgrade,swiss,Departed,06:55,07:10,2024-11-13 06:55:00,2024-11-13 07:10:00,15.0
2024-11-13,departure,Zurich,Madrid,swiss,Departed,06:55,06:55,2024-11-13 06:55:00,2024-11-13 06:55:00,0.0
